ID,Banca,Corporacao,Materia,Tema,Enunciado,A,B,C,D,E,Gabarito,Explicacao
1,VUNESP,PC-SP,Língua Portuguesa,"Crase, regência e concordância",Assinale a alternativa correta quanto à crase:,As investigações ficaram à cargo da Delegacia.,O escrivão deu início à lavratura do auto.,O suspeito recusou-se à prestar depoimento.,A equipe dirigiu-se à uma residência.,O perito respondeu à todas as perguntas.,B,Lavratura admite artigo feminino e início exige preposição a.
2,FGV,PM-SP,Direito Penal,Teoria do crime,"Sobre o arrependimento posterior (Art. 16, CP), assinale a correta:",Aplica-se com violência.,Reparação após a denúncia.,Reduz a pena de um a dois terços.,Exclui a ilicitude.,Prescinde de voluntariedade.,C,Redução legal de 1/3 a 2/3 se reparado antes do recebimento da denúncia.
3,VUNESP,PC-SP,Língua Portuguesa,"Crase, regência e concordância",Assinale a alternativa correta quanto à crase:,As investigações ficaram à cargo da Delegacia.,O escrivão deu início à lavratura do auto.,O suspeito recusou-se à prestar depoimento.,A equipe dirigiu-se à uma residência.,O perito respondeu à todas as perguntas.,B,Lavratura admite artigo feminino e início exige preposição a.
4,FGV,PM-SP,Direito Penal,Teoria do crime,"Sobre o arrependimento posterior (Art. 16, CP), assinale a correta:",Aplica-se com violência.,Reparação após a denúncia.,Reduz a pena de um a dois terços.,Exclui a ilicitude.,Prescinde de voluntariedade.,C,Redução legal de 1/3 a 2/3 se reparado antes do recebimento da denúncia.
5,VUNESP,PC-SP,Língua Portuguesa,"Crase, regência e concordância",Assinale a alternativa correta quanto à crase:,As investigações ficaram à cargo da Delegacia.,O escrivão deu início à lavratura do auto.,O suspeito recusou-se à prestar depoimento.,A equipe dirigiu-se à uma residência.,O perito respondeu à todas as perguntas.,B,Lavratura admite artigo feminino e início exige preposição a.
6,FGV,PM-SP,Direito Penal,Teoria do crime,"Sobre o arrependimento posterior (Art. 16, CP), assinale a correta:",Aplica-se com violência.,Reparação após a denúncia.,Reduz a pena de um a dois terços.,Exclui a ilicitude.,Prescinde de voluntariedade.,C,Redução legal de 1/3 a 2/3 se reparado antes do recebimento da denúncia.
7,VUNESP,PC-SP,Língua Portuguesa,"Crase, regência e concordância",Assinale a alternativa correta quanto à crase:,As investigações ficaram à cargo da Delegacia.,O escrivão deu início à lavratura do auto.,O suspeito recusou-se à prestar depoimento.,A equipe dirigiu-se à uma residência.,O perito respondeu à todas as perguntas.,B,Lavratura admite artigo feminino e início exige preposição a.
8,FGV,PM-SP,Direito Penal,Teoria do crime,"Sobre o arrependimento posterior (Art. 16, CP), assinale a correta:",Aplica-se com violência.,Reparação após a denúncia.,Reduz a pena de um a dois terços.,Exclui a ilicitude.,Prescinde de voluntariedade.,C,Redução legal de 1/3 a 2/3 se reparado antes do recebimento da denúncia.
9,VUNESP,PC-SP,Língua Portuguesa,"Crase, regência e concordância",Assinale a alternativa correta quanto à crase:,As investigações ficaram à cargo da Delegacia.,O escrivão deu início à lavratura do auto.,O suspeito recusou-se à prestar depoimento.,A equipe dirigiu-se à uma residência.,O perito respondeu à todas as perguntas.,B,Lavratura admite artigo feminino e início exige preposição a.
10,FGV,PM-SP,Direito Penal,Teoria do crime,"Sobre o arrependimento posterior (Art. 16, CP), assinale a correta:",Aplica-se com violência.,Reparação após a denúncia.,Reduz a pena de um a dois terços.,Exclui a ilicitude.,Prescinde de voluntariedade.,C,Redução legal de 1/3 a 2/3 se reparado antes do recebimento da denúncia.
11,VUNESP,PC-SP,Língua Portuguesa,"Crase, regência e concordância",Assinale a alternativa correta quanto à crase:,As investigações ficaram à cargo da Delegacia.,O escrivão deu início à lavratura do auto.,O suspeito recusou-se à prestar depoimento.,A equipe dirigiu-se à uma residência.,O perito respondeu à todas as perguntas.,B,Lavratura admite artigo feminino e início exige preposição a.
12,FGV,PM-SP,Direito Penal,Teoria do crime,"Sobre o arrependimento posterior (Art. 16, CP), assinale a correta:",Aplica-se com violência.,Reparação após a denúncia.,Reduz a pena de um a dois terços.,Exclui a ilicitude.,Prescinde de voluntariedade.,C,Redução legal de 1/3 a 2/3 se reparado antes do recebimento da denúncia.
13,VUNESP,PC-SP,Língua Portuguesa,"Crase, regência e concordância",Assinale a alternativa correta quanto à crase:,As investigações ficaram à cargo da Delegacia.,O escrivão deu início à lavratura do auto.,O suspeito recusou-se à prestar depoimento.,A equipe dirigiu-se à uma residência.,O perito respondeu à todas as perguntas.,B,Lavratura admite artigo feminino e início exige preposição a.
14,FGV,PM-SP,Direito Penal,Teoria do crime,"Sobre o arrependimento posterior (Art. 16, CP), assinale a correta:",Aplica-se com violência.,Reparação após a denúncia.,Reduz a pena de um a dois terços.,Exclui a ilicitude.,Prescinde de voluntariedade.,C,Redução legal de 1/3 a 2/3 se reparado antes do recebimento da denúncia.
15,VUNESP,PC-SP,Língua Portuguesa,"Crase, regência e concordância",Assinale a alternativa correta quanto à crase:,As investigações ficaram à cargo da Delegacia.,O escrivão deu início à lavratura do auto.,O suspeito recusou-se à prestar depoimento.,A equipe dirigiu-se à uma residência.,O perito respondeu à todas as perguntas.,B,Lavratura admite artigo feminino e início exige preposição a.
16,FGV,PM-SP,Direito Penal,Teoria do crime,"Sobre o arrependimento posterior (Art. 16, CP), assinale a correta:",Aplica-se com violência.,Reparação após a denúncia.,Reduz a pena de um a dois terços.,Exclui a ilicitude.,Prescinde de voluntariedade.,C,Redução legal de 1/3 a 2/3 se reparado antes do recebimento da denúncia.
17,VUNESP,PC-SP,Língua Portuguesa,"Crase, regência e concordância",Assinale a alternativa correta quanto à crase:,As investigações ficaram à cargo da Delegacia.,O escrivão deu início à lavratura do auto.,O suspeito recusou-se à prestar depoimento.,A equipe dirigiu-se à uma residência.,O perito respondeu à todas as perguntas.,B,Lavratura admite artigo feminino e início exige preposição a.
18,FGV,PM-SP,Direito Penal,Teoria do crime,"Sobre o arrependimento posterior (Art. 16, CP), assinale a correta:",Aplica-se com violência.,Reparação após a denúncia.,Reduz a pena de um a dois terços.,Exclui a ilicitude.,Prescinde de voluntariedade.,C,Redução legal de 1/3 a 2/3 se reparado antes do recebimento da denúncia.
19,VUNESP,PC-SP,Língua Portuguesa,"Crase, regência e concordância",Assinale a alternativa correta quanto à crase:,As investigações ficaram à cargo da Delegacia.,O escrivão deu início à lavratura do auto.,O suspeito recusou-se à prestar depoimento.,A equipe dirigiu-se à uma residência.,O perito respondeu à todas as perguntas.,B,Lavratura admite artigo feminino e início exige preposição a.
20,FGV,PM-SP,Direito Penal,Teoria do crime,"Sobre o arrependimento posterior (Art. 16, CP), assinale a correta:",Aplica-se com violência.,Reparação após a denúncia.,Reduz a pena de um a dois terços.,Exclui a ilicitude.,Prescinde de voluntariedade.,C,Redução legal de 1/3 a 2/3 se reparado antes do recebimento da denúncia.
21,VUNESP,PC-SP,Língua Portuguesa,"Crase, regência e concordância",Assinale a alternativa correta quanto à crase:,As investigações ficaram à cargo da Delegacia.,O escrivão deu início à lavratura do auto.,O suspeito recusou-se à prestar depoimento.,A equipe dirigiu-se à uma residência.,O perito respondeu à todas as perguntas.,B,Lavratura admite artigo feminino e início exige preposição a.
22,FGV,PM-SP,Direito Penal,Teoria do crime,"Sobre o arrependimento posterior (Art. 16, CP), assinale a correta:",Aplica-se com violência.,Reparação após a denúncia.,Reduz a pena de um a dois terços.,Exclui a ilicitude.,Prescinde de voluntariedade.,C,Redução legal de 1/3 a 2/3 se reparado antes do recebimento da denúncia.
23,VUNESP,PC-SP,Língua Portuguesa,"Crase, regência e concordância",Assinale a alternativa correta quanto à crase:,As investigações ficaram à cargo da Delegacia.,O escrivão deu início à lavratura do auto.,O suspeito recusou-se à prestar depoimento.,A equipe dirigiu-se à uma residência.,O perito respondeu à todas as perguntas.,B,Lavratura admite artigo feminino e início exige preposição a.
24,FGV,PM-SP,Direito Penal,Teoria do crime,"Sobre o arrependimento posterior (Art. 16, CP), assinale a correta:",Aplica-se com violência.,Reparação após a denúncia.,Reduz a pena de um a dois terços.,Exclui a ilicitude.,Prescinde de voluntariedade.,C,Redução legal de 1/3 a 2/3 se reparado antes do recebimento da denúncia.
25,VUNESP,PC-SP,Língua Portuguesa,"Crase, regência e concordância",Assinale a alternativa correta quanto à crase:,As investigações ficaram à cargo da Delegacia.,O escrivão deu início à lavratura do auto.,O suspeito recusou-se à prestar depoimento.,A equipe dirigiu-se à uma residência.,O perito respondeu à todas as perguntas.,B,Lavratura admite artigo feminino e início exige preposição a.
26,FGV,PM-SP,Direito Penal,Teoria do crime,"Sobre o arrependimento posterior (Art. 16, CP), assinale a correta:",Aplica-se com violência.,Reparação após a denúncia.,Reduz a pena de um a dois terços.,Exclui a ilicitude.,Prescinde de voluntariedade.,C,Redução legal de 1/3 a 2/3 se reparado antes do recebimento da denúncia.
27,VUNESP,PC-SP,Língua Portuguesa,"Crase, regência e concordância",Assinale a alternativa correta quanto à crase:,As investigações ficaram à cargo da Delegacia.,O escrivão deu início à lavratura do auto.,O suspeito recusou-se à prestar depoimento.,A equipe dirigiu-se à uma residência.,O perito respondeu à todas as perguntas.,B,Lavratura admite artigo feminino e início exige preposição a.
28,FGV,PM-SP,Direito Penal,Teoria do crime,"Sobre o arrependimento posterior (Art. 16, CP), assinale a correta:",Aplica-se com violência.,Reparação após a denúncia.,Reduz a pena de um a dois terços.,Exclui a ilicitude.,Prescinde de voluntariedade.,C,Redução legal de 1/3 a 2/3 se reparado antes do recebimento da denúncia.
29,VUNESP,PC-SP,Língua Portuguesa,"Crase, regência e concordância",Assinale a alternativa correta quanto à crase:,As investigações ficaram à cargo da Delegacia.,O escrivão deu início à lavratura do auto.,O suspeito recusou-se à prestar depoimento.,A equipe dirigiu-se à uma residência.,O perito respondeu à todas as perguntas.,B,Lavratura admite artigo feminino e início exige preposição a.
30,FGV,PM-SP,Direito Penal,Teoria do crime,"Sobre o arrependimento posterior (Art. 16, CP), assinale a correta:",Aplica-se com violência.,Reparação após a denúncia.,Reduz a pena de um a dois terços.,Exclui a ilicitude.,Prescinde de voluntariedade.,C,Redução legal de 1/3 a 2/3 se reparado antes do recebimento da denúncia.
31,VUNESP,PC-SP,Língua Portuguesa,"Crase, regência e concordância",Assinale a alternativa correta quanto à crase:,As investigações ficaram à cargo da Delegacia.,O escrivão deu início à lavratura do auto.,O suspeito recusou-se à prestar depoimento.,A equipe dirigiu-se à uma residência.,O perito respondeu à todas as perguntas.,B,Lavratura admite artigo feminino e início exige preposição a.
32,FGV,PM-SP,Direito Penal,Teoria do crime,"Sobre o arrependimento posterior (Art. 16, CP), assinale a correta:",Aplica-se com violência.,Reparação após a denúncia.,Reduz a pena de um a dois terços.,Exclui a ilicitude.,Prescinde de voluntariedade.,C,Redução legal de 1/3 a 2/3 se reparado antes do recebimento da denúncia.
33,VUNESP,PC-SP,Língua Portuguesa,"Crase, regência e concordância",Assinale a alternativa correta quanto à crase:,As investigações ficaram à cargo da Delegacia.,O escrivão deu início à lavratura do auto.,O suspeito recusou-se à prestar depoimento.,A equipe dirigiu-se à uma residência.,O perito respondeu à todas as perguntas.,B,Lavratura admite artigo feminino e início exige preposição a.
34,FGV,PM-SP,Direito Penal,Teoria do crime,"Sobre o arrependimento posterior (Art. 16, CP), assinale a correta:",Aplica-se com violência.,Reparação após a denúncia.,Reduz a pena de um a dois terços.,Exclui a ilicitude.,Prescinde de voluntariedade.,C,Redução legal de 1/3 a 2/3 se reparado antes do recebimento da denúncia.
35,VUNESP,PC-SP,Língua Portuguesa,"Crase, regência e concordância",Assinale a alternativa correta quanto à crase:,As investigações ficaram à cargo da Delegacia.,O escrivão deu início à lavratura do auto.,O suspeito recusou-se à prestar depoimento.,A equipe dirigiu-se à uma residência.,O perito respondeu à todas as perguntas.,B,Lavratura admite artigo feminino e início exige preposição a.
36,FGV,PM-SP,Direito Penal,Teoria do crime,"Sobre o arrependimento posterior (Art. 16, CP), assinale a correta:",Aplica-se com violência.,Reparação após a denúncia.,Reduz a pena de um a dois terços.,Exclui a ilicitude.,Prescinde de voluntariedade.,C,Redução legal de 1/3 a 2/3 se reparado antes do recebimento da denúncia.
37,VUNESP,PC-SP,Língua Portuguesa,"Crase, regência e concordância",Assinale a alternativa correta quanto à crase:,As investigações ficaram à cargo da Delegacia.,O escrivão deu início à lavratura do auto.,O suspeito recusou-se à prestar depoimento.,A equipe dirigiu-se à uma residência.,O perito respondeu à todas as perguntas.,B,Lavratura admite artigo feminino e início exige preposição a.
38,FGV,PM-SP,Direito Penal,Teoria do crime,"Sobre o arrependimento posterior (Art. 16, CP), assinale a correta:",Aplica-se com violência.,Reparação após a denúncia.,Reduz a pena de um a dois terços.,Exclui a ilicitude.,Prescinde de voluntariedade.,C,Redução legal de 1/3 a 2/3 se reparado antes do recebimento da denúncia.
39,VUNESP,PC-SP,Língua Portuguesa,"Crase, regência e concordância",Assinale a alternativa correta quanto à crase:,As investigações ficaram à cargo da Delegacia.,O escrivão deu início à lavratura do auto.,O suspeito recusou-se à prestar depoimento.,A equipe dirigiu-se à uma residência.,O perito respondeu à todas as perguntas.,B,Lavratura admite artigo feminino e início exige preposição a.
40,FGV,PM-SP,Direito Penal,Teoria do crime,"Sobre o arrependimento posterior (Art. 16, CP), assinale a correta:",Aplica-se com violência.,Reparação após a denúncia.,Reduz a pena de um a dois terços.,Exclui a ilicitude.,Prescinde de voluntariedade.,C,Redução legal de 1/3 a 2/3 se reparado antes do recebimento da denúncia.
41,VUNESP,PC-SP,Língua Portuguesa,"Crase, regência e concordância",Assinale a alternativa correta quanto à crase:,As investigações ficaram à cargo da Delegacia.,O escrivão deu início à lavratura do auto.,O suspeito recusou-se à prestar depoimento.,A equipe dirigiu-se à uma residência.,O perito respondeu à todas as perguntas.,B,Lavratura admite artigo feminino e início exige preposição a.
42,FGV,PM-SP,Direito Penal,Teoria do crime,"Sobre o arrependimento posterior (Art. 16, CP), assinale a correta:",Aplica-se com violência.,Reparação após a denúncia.,Reduz a pena de um a dois terços.,Exclui a ilicitude.,Prescinde de voluntariedade.,C,Redução legal de 1/3 a 2/3 se reparado antes do recebimento da denúncia.
43,VUNESP,PC-SP,Língua Portuguesa,"Crase, regência e concordância",Assinale a alternativa correta quanto à crase:,As investigações ficaram à cargo da Delegacia.,O escrivão deu início à lavratura do auto.,O suspeito recusou-se à prestar depoimento.,A equipe dirigiu-se à uma residência.,O perito respondeu à todas as perguntas.,B,Lavratura admite artigo feminino e início exige preposição a.
44,FGV,PM-SP,Direito Penal,Teoria do crime,"Sobre o arrependimento posterior (Art. 16, CP), assinale a correta:",Aplica-se com violência.,Reparação após a denúncia.,Reduz a pena de um a dois terços.,Exclui a ilicitude.,Prescinde de voluntariedade.,C,Redução legal de 1/3 a 2/3 se reparado antes do recebimento da denúncia.
45,VUNESP,PC-SP,Língua Portuguesa,"Crase, regência e concordância",Assinale a alternativa correta quanto à crase:,As investigações ficaram à cargo da Delegacia.,O escrivão deu início à lavratura do auto.,O suspeito recusou-se à prestar depoimento.,A equipe dirigiu-se à uma residência.,O perito respondeu à todas as perguntas.,B,Lavratura admite artigo feminino e início exige preposição a.
46,FGV,PM-SP,Direito Penal,Teoria do crime,"Sobre o arrependimento posterior (Art. 16, CP), assinale a correta:",Aplica-se com violência.,Reparação após a denúncia.,Reduz a pena de um a dois terços.,Exclui a ilicitude.,Prescinde de voluntariedade.,C,Redução legal de 1/3 a 2/3 se reparado antes do recebimento da denúncia.
47,VUNESP,PC-SP,Língua Portuguesa,"Crase, regência e concordância",Assinale a alternativa correta quanto à crase:,As investigações ficaram à cargo da Delegacia.,O escrivão deu início à lavratura do auto.,O suspeito recusou-se à prestar depoimento.,A equipe dirigiu-se à uma residência.,O perito respondeu à todas as perguntas.,B,Lavratura admite artigo feminino e início exige preposição a.
48,FGV,PM-SP,Direito Penal,Teoria do crime,"Sobre o arrependimento posterior (Art. 16, CP), assinale a correta:",Aplica-se com violência.,Reparação após a denúncia.,Reduz a pena de um a dois terços.,Exclui a ilicitude.,Prescinde de voluntariedade.,C,Redução legal de 1/3 a 2/3 se reparado antes do recebimento da denúncia.
49,VUNESP,PC-SP,Língua Portuguesa,"Crase, regência e concordância",Assinale a alternativa correta quanto à crase:,As investigações ficaram à cargo da Delegacia.,O escrivão deu início à lavratura do auto.,O suspeito recusou-se à prestar depoimento.,A equipe dirigiu-se à uma residência.,O perito respondeu à todas as perguntas.,B,Lavratura admite artigo feminino e início exige preposição a.
50,FGV,PM-SP,Direito Penal,Teoria do crime,"Sobre o arrependimento posterior (Art. 16, CP), assinale a correta:",Aplica-se com violência.,Reparação após a denúncia.,Reduz a pena de um a dois terços.,Exclui a ilicitude.,Prescinde de voluntariedade.,C,Redução legal de 1/3 a 2/3 se reparado antes do recebimento da denúncia.
51,VUNESP,PC-SP,Língua Portuguesa,"Crase, regência e concordância",Assinale a alternativa correta quanto à crase:,As investigações ficaram à cargo da Delegacia.,O escrivão deu início à lavratura do auto.,O suspeito recusou-se à prestar depoimento.,A equipe dirigiu-se à uma residência.,O perito respondeu à todas as perguntas.,B,Lavratura admite artigo feminino e início exige preposição a.
52,FGV,PM-SP,Direito Penal,Teoria do crime,"Sobre o arrependimento posterior (Art. 16, CP), assinale a correta:",Aplica-se com violência.,Reparação após a denúncia.,Reduz a pena de um a dois terços.,Exclui a ilicitude.,Prescinde de voluntariedade.,C,Redução legal de 1/3 a 2/3 se reparado antes do recebimento da denúncia.
53,VUNESP,PC-SP,Língua Portuguesa,"Crase, regência e concordância",Assinale a alternativa correta quanto à crase:,As investigações ficaram à cargo da Delegacia.,O escrivão deu início à lavratura do auto.,O suspeito recusou-se à prestar depoimento.,A equipe dirigiu-se à uma residência.,O perito respondeu à todas as perguntas.,B,Lavratura admite artigo feminino e início exige preposição a.
54,FGV,PM-SP,Direito Penal,Teoria do crime,"Sobre o arrependimento posterior (Art. 16, CP), assinale a correta:",Aplica-se com violência.,Reparação após a denúncia.,Reduz a pena de um a dois terços.,Exclui a ilicitude.,Prescinde de voluntariedade.,C,Redução legal de 1/3 a 2/3 se reparado antes do recebimento da denúncia.
55,VUNESP,PC-SP,Língua Portuguesa,"Crase, regência e concordância",Assinale a alternativa correta quanto à crase:,As investigações ficaram à cargo da Delegacia.,O escrivão deu início à lavratura do auto.,O suspeito recusou-se à prestar depoimento.,A equipe dirigiu-se à uma residência.,O perito respondeu à todas as perguntas.,B,Lavratura admite artigo feminino e início exige preposição a.
56,FGV,PM-SP,Direito Penal,Teoria do crime,"Sobre o arrependimento posterior (Art. 16, CP), assinale a correta:",Aplica-se com violência.,Reparação após a denúncia.,Reduz a pena de um a dois terços.,Exclui a ilicitude.,Prescinde de voluntariedade.,C,Redução legal de 1/3 a 2/3 se reparado antes do recebimento da denúncia.
57,VUNESP,PC-SP,Língua Portuguesa,"Crase, regência e concordância",Assinale a alternativa correta quanto à crase:,As investigações ficaram à cargo da Delegacia.,O escrivão deu início à lavratura do auto.,O suspeito recusou-se à prestar depoimento.,A equipe dirigiu-se à uma residência.,O perito respondeu à todas as perguntas.,B,Lavratura admite artigo feminino e início exige preposição a.
58,FGV,PM-SP,Direito Penal,Teoria do crime,"Sobre o arrependimento posterior (Art. 16, CP), assinale a correta:",Aplica-se com violência.,Reparação após a denúncia.,Reduz a pena de um a dois terços.,Exclui a ilicitude.,Prescinde de voluntariedade.,C,Redução legal de 1/3 a 2/3 se reparado antes do recebimento da denúncia.
59,VUNESP,PC-SP,Língua Portuguesa,"Crase, regência e concordância",Assinale a alternativa correta quanto à crase:,As investigações ficaram à cargo da Delegacia.,O escrivão deu início à lavratura do auto.,O suspeito recusou-se à prestar depoimento.,A equipe dirigiu-se à uma residência.,O perito respondeu à todas as perguntas.,B,Lavratura admite artigo feminino e início exige preposição a.
60,FGV,PM-SP,Direito Penal,Teoria do crime,"Sobre o arrependimento posterior (Art. 16, CP), assinale a correta:",Aplica-se com violência.,Reparação após a denúncia.,Reduz a pena de um a dois terços.,Exclui a ilicitude.,Prescinde de voluntariedade.,C,Redução legal de 1/3 a 2/3 se reparado antes do recebimento da denúncia.
61,VUNESP,PC-SP,Língua Portuguesa,"Crase, regência e concordância",Assinale a alternativa correta quanto à crase:,As investigações ficaram à cargo da Delegacia.,O escrivão deu início à lavratura do auto.,O suspeito recusou-se à prestar depoimento.,A equipe dirigiu-se à uma residência.,O perito respondeu à todas as perguntas.,B,Lavratura admite artigo feminino e início exige preposição a.
62,FGV,PM-SP,Direito Penal,Teoria do crime,"Sobre o arrependimento posterior (Art. 16, CP), assinale a correta:",Aplica-se com violência.,Reparação após a denúncia.,Reduz a pena de um a dois terços.,Exclui a ilicitude.,Prescinde de voluntariedade.,C,Redução legal de 1/3 a 2/3 se reparado antes do recebimento da denúncia.
63,VUNESP,PC-SP,Língua Portuguesa,"Crase, regência e concordância",Assinale a alternativa correta quanto à crase:,As investigações ficaram à cargo da Delegacia.,O escrivão deu início à lavratura do auto.,O suspeito recusou-se à prestar depoimento.,A equipe dirigiu-se à uma residência.,O perito respondeu à todas as perguntas.,B,Lavratura admite artigo feminino e início exige preposição a.
64,FGV,PM-SP,Direito Penal,Teoria do crime,"Sobre o arrependimento posterior (Art. 16, CP), assinale a correta:",Aplica-se com violência.,Reparação após a denúncia.,Reduz a pena de um a dois terços.,Exclui a ilicitude.,Prescinde de voluntariedade.,C,Redução legal de 1/3 a 2/3 se reparado antes do recebimento da denúncia.
65,VUNESP,PC-SP,Língua Portuguesa,"Crase, regência e concordância",Assinale a alternativa correta quanto à crase:,As investigações ficaram à cargo da Delegacia.,O escrivão deu início à lavratura do auto.,O suspeito recusou-se à prestar depoimento.,A equipe dirigiu-se à uma residência.,O perito respondeu à todas as perguntas.,B,Lavratura admite artigo feminino e início exige preposição a.
66,FGV,PM-SP,Direito Penal,Teoria do crime,"Sobre o arrependimento posterior (Art. 16, CP), assinale a correta:",Aplica-se com violência.,Reparação após a denúncia.,Reduz a pena de um a dois terços.,Exclui a ilicitude.,Prescinde de voluntariedade.,C,Redução legal de 1/3 a 2/3 se reparado antes do recebimento da denúncia.
67,VUNESP,PC-SP,Língua Portuguesa,"Crase, regência e concordância",Assinale a alternativa correta quanto à crase:,As investigações ficaram à cargo da Delegacia.,O escrivão deu início à lavratura do auto.,O suspeito recusou-se à prestar depoimento.,A equipe dirigiu-se à uma residência.,O perito respondeu à todas as perguntas.,B,Lavratura admite artigo feminino e início exige preposição a.
68,FGV,PM-SP,Direito Penal,Teoria do crime,"Sobre o arrependimento posterior (Art. 16, CP), assinale a correta:",Aplica-se com violência.,Reparação após a denúncia.,Reduz a pena de um a dois terços.,Exclui a ilicitude.,Prescinde de voluntariedade.,C,Redução legal de 1/3 a 2/3 se reparado antes do recebimento da denúncia.
69,VUNESP,PC-SP,Língua Portuguesa,"Crase, regência e concordância",Assinale a alternativa correta quanto à crase:,As investigações ficaram à cargo da Delegacia.,O escrivão deu início à lavratura do auto.,O suspeito recusou-se à prestar depoimento.,A equipe dirigiu-se à uma residência.,O perito respondeu à todas as perguntas.,B,Lavratura admite artigo feminino e início exige preposição a.
70,FGV,PM-SP,Direito Penal,Teoria do crime,"Sobre o arrependimento posterior (Art. 16, CP), assinale a correta:",Aplica-se com violência.,Reparação após a denúncia.,Reduz a pena de um a dois terços.,Exclui a ilicitude.,Prescinde de voluntariedade.,C,Redução legal de 1/3 a 2/3 se reparado antes do recebimento da denúncia.
71,VUNESP,PC-SP,Língua Portuguesa,"Crase, regência e concordância",Assinale a alternativa correta quanto à crase:,As investigações ficaram à cargo da Delegacia.,O escrivão deu início à lavratura do auto.,O suspeito recusou-se à prestar depoimento.,A equipe dirigiu-se à uma residência.,O perito respondeu à todas as perguntas.,B,Lavratura admite artigo feminino e início exige preposição a.
72,FGV,PM-SP,Direito Penal,Teoria do crime,"Sobre o arrependimento posterior (Art. 16, CP), assinale a correta:",Aplica-se com violência.,Reparação após a denúncia.,Reduz a pena de um a dois terços.,Exclui a ilicitude.,Prescinde de voluntariedade.,C,Redução legal de 1/3 a 2/3 se reparado antes do recebimento da denúncia.
73,VUNESP,PC-SP,Língua Portuguesa,"Crase, regência e concordância",Assinale a alternativa correta quanto à crase:,As investigações ficaram à cargo da Delegacia.,O escrivão deu início à lavratura do auto.,O suspeito recusou-se à prestar depoimento.,A equipe dirigiu-se à uma residência.,O perito respondeu à todas as perguntas.,B,Lavratura admite artigo feminino e início exige preposição a.
74,FGV,PM-SP,Direito Penal,Teoria do crime,"Sobre o arrependimento posterior (Art. 16, CP), assinale a correta:",Aplica-se com violência.,Reparação após a denúncia.,Reduz a pena de um a dois terços.,Exclui a ilicitude.,Prescinde de voluntariedade.,C,Redução legal de 1/3 a 2/3 se reparado antes do recebimento da denúncia.
75,VUNESP,PC-SP,Língua Portuguesa,"Crase, regência e concordância",Assinale a alternativa correta quanto à crase:,As investigações ficaram à cargo da Delegacia.,O escrivão deu início à lavratura do auto.,O suspeito recusou-se à prestar depoimento.,A equipe dirigiu-se à uma residência.,O perito respondeu à todas as perguntas.,B,Lavratura admite artigo feminino e início exige preposição a.
76,FGV,PM-SP,Direito Penal,Teoria do crime,"Sobre o arrependimento posterior (Art. 16, CP), assinale a correta:",Aplica-se com violência.,Reparação após a denúncia.,Reduz a pena de um a dois terços.,Exclui a ilicitude.,Prescinde de voluntariedade.,C,Redução legal de 1/3 a 2/3 se reparado antes do recebimento da denúncia.
77,VUNESP,PC-SP,Língua Portuguesa,"Crase, regência e concordância",Assinale a alternativa correta quanto à crase:,As investigações ficaram à cargo da Delegacia.,O escrivão deu início à lavratura do auto.,O suspeito recusou-se à prestar depoimento.,A equipe dirigiu-se à uma residência.,O perito respondeu à todas as perguntas.,B,Lavratura admite artigo feminino e início exige preposição a.
78,FGV,PM-SP,Direito Penal,Teoria do crime,"Sobre o arrependimento posterior (Art. 16, CP), assinale a correta:",Aplica-se com violência.,Reparação após a denúncia.,Reduz a pena de um a dois terços.,Exclui a ilicitude.,Prescinde de voluntariedade.,C,Redução legal de 1/3 a 2/3 se reparado antes do recebimento da denúncia.
79,VUNESP,PC-SP,Língua Portuguesa,"Crase, regência e concordância",Assinale a alternativa correta quanto à crase:,As investigações ficaram à cargo da Delegacia.,O escrivão deu início à lavratura do auto.,O suspeito recusou-se à prestar depoimento.,A equipe dirigiu-se à uma residência.,O perito respondeu à todas as perguntas.,B,Lavratura admite artigo feminino e início exige preposição a.
80,FGV,PM-SP,Direito Penal,Teoria do crime,"Sobre o arrependimento posterior (Art. 16, CP), assinale a correta:",Aplica-se com violência.,Reparação após a denúncia.,Reduz a pena de um a dois terços.,Exclui a ilicitude.,Prescinde de voluntariedade.,C,Redução legal de 1/3 a 2/3 se reparado antes do recebimento da denúncia.
81,VUNESP,PC-SP,Língua Portuguesa,"Crase, regência e concordância",Assinale a alternativa correta quanto à crase:,As investigações ficaram à cargo da Delegacia.,O escrivão deu início à lavratura do auto.,O suspeito recusou-se à prestar depoimento.,A equipe dirigiu-se à uma residência.,O perito respondeu à todas as perguntas.,B,Lavratura admite artigo feminino e início exige preposição a.
82,FGV,PM-SP,Direito Penal,Teoria do crime,"Sobre o arrependimento posterior (Art. 16, CP), assinale a correta:",Aplica-se com violência.,Reparação após a denúncia.,Reduz a pena de um a dois terços.,Exclui a ilicitude.,Prescinde de voluntariedade.,C,Redução legal de 1/3 a 2/3 se reparado antes do recebimento da denúncia.
83,VUNESP,PC-SP,Língua Portuguesa,"Crase, regência e concordância",Assinale a alternativa correta quanto à crase:,As investigações ficaram à cargo da Delegacia.,O escrivão deu início à lavratura do auto.,O suspeito recusou-se à prestar depoimento.,A equipe dirigiu-se à uma residência.,O perito respondeu à todas as perguntas.,B,Lavratura admite artigo feminino e início exige preposição a.
84,FGV,PM-SP,Direito Penal,Teoria do crime,"Sobre o arrependimento posterior (Art. 16, CP), assinale a correta:",Aplica-se com violência.,Reparação após a denúncia.,Reduz a pena de um a dois terços.,Exclui a ilicitude.,Prescinde de voluntariedade.,C,Redução legal de 1/3 a 2/3 se reparado antes do recebimento da denúncia.
85,VUNESP,PC-SP,Língua Portuguesa,"Crase, regência e concordância",Assinale a alternativa correta quanto à crase:,As investigações ficaram à cargo da Delegacia.,O escrivão deu início à lavratura do auto.,O suspeito recusou-se à prestar depoimento.,A equipe dirigiu-se à uma residência.,O perito respondeu à todas as perguntas.,B,Lavratura admite artigo feminino e início exige preposição a.
86,FGV,PM-SP,Direito Penal,Teoria do crime,"Sobre o arrependimento posterior (Art. 16, CP), assinale a correta:",Aplica-se com violência.,Reparação após a denúncia.,Reduz a pena de um a dois terços.,Exclui a ilicitude.,Prescinde de voluntariedade.,C,Redução legal de 1/3 a 2/3 se reparado antes do recebimento da denúncia.
87,VUNESP,PC-SP,Língua Portuguesa,"Crase, regência e concordância",Assinale a alternativa correta quanto à crase:,As investigações ficaram à cargo da Delegacia.,O escrivão deu início à lavratura do auto.,O suspeito recusou-se à prestar depoimento.,A equipe dirigiu-se à uma residência.,O perito respondeu à todas as perguntas.,B,Lavratura admite artigo feminino e início exige preposição a.
88,FGV,PM-SP,Direito Penal,Teoria do crime,"Sobre o arrependimento posterior (Art. 16, CP), assinale a correta:",Aplica-se com violência.,Reparação após a denúncia.,Reduz a pena de um a dois terços.,Exclui a ilicitude.,Prescinde de voluntariedade.,C,Redução legal de 1/3 a 2/3 se reparado antes do recebimento da denúncia.
89,VUNESP,PC-SP,Língua Portuguesa,"Crase, regência e concordância",Assinale a alternativa correta quanto à crase:,As investigações ficaram à cargo da Delegacia.,O escrivão deu início à lavratura do auto.,O suspeito recusou-se à prestar depoimento.,A equipe dirigiu-se à uma residência.,O perito respondeu à todas as perguntas.,B,Lavratura admite artigo feminino e início exige preposição a.
90,FGV,PM-SP,Direito Penal,Teoria do crime,"Sobre o arrependimento posterior (Art. 16, CP), assinale a correta:",Aplica-se com violência.,Reparação após a denúncia.,Reduz a pena de um a dois terços.,Exclui a ilicitude.,Prescinde de voluntariedade.,C,Redução legal de 1/3 a 2/3 se reparado antes do recebimento da denúncia.
91,VUNESP,PC-SP,Língua Portuguesa,"Crase, regência e concordância",Assinale a alternativa correta quanto à crase:,As investigações ficaram à cargo da Delegacia.,O escrivão deu início à lavratura do auto.,O suspeito recusou-se à prestar depoimento.,A equipe dirigiu-se à uma residência.,O perito respondeu à todas as perguntas.,B,Lavratura admite artigo feminino e início exige preposição a.
92,FGV,PM-SP,Direito Penal,Teoria do crime,"Sobre o arrependimento posterior (Art. 16, CP), assinale a correta:",Aplica-se com violência.,Reparação após a denúncia.,Reduz a pena de um a dois terços.,Exclui a ilicitude.,Prescinde de voluntariedade.,C,Redução legal de 1/3 a 2/3 se reparado antes do recebimento da denúncia.
93,VUNESP,PC-SP,Língua Portuguesa,"Crase, regência e concordância",Assinale a alternativa correta quanto à crase:,As investigações ficaram à cargo da Delegacia.,O escrivão deu início à lavratura do auto.,O suspeito recusou-se à prestar depoimento.,A equipe dirigiu-se à uma residência.,O perito respondeu à todas as perguntas.,B,Lavratura admite artigo feminino e início exige preposição a.
94,FGV,PM-SP,Direito Penal,Teoria do crime,"Sobre o arrependimento posterior (Art. 16, CP), assinale a correta:",Aplica-se com violência.,Reparação após a denúncia.,Reduz a pena de um a dois terços.,Exclui a ilicitude.,Prescinde de voluntariedade.,C,Redução legal de 1/3 a 2/3 se reparado antes do recebimento da denúncia.
95,VUNESP,PC-SP,Língua Portuguesa,"Crase, regência e concordância",Assinale a alternativa correta quanto à crase:,As investigações ficaram à cargo da Delegacia.,O escrivão deu início à lavratura do auto.,O suspeito recusou-se à prestar depoimento.,A equipe dirigiu-se à uma residência.,O perito respondeu à todas as perguntas.,B,Lavratura admite artigo feminino e início exige preposição a.
96,FGV,PM-SP,Direito Penal,Teoria do crime,"Sobre o arrependimento posterior (Art. 16, CP), assinale a correta:",Aplica-se com violência.,Reparação após a denúncia.,Reduz a pena de um a dois terços.,Exclui a ilicitude.,Prescinde de voluntariedade.,C,Redução legal de 1/3 a 2/3 se reparado antes do recebimento da denúncia.
97,VUNESP,PC-SP,Língua Portuguesa,"Crase, regência e concordância",Assinale a alternativa correta quanto à crase:,As investigações ficaram à cargo da Delegacia.,O escrivão deu início à lavratura do auto.,O suspeito recusou-se à prestar depoimento.,A equipe dirigiu-se à uma residência.,O perito respondeu à todas as perguntas.,B,Lavratura admite artigo feminino e início exige preposição a.
98,FGV,PM-SP,Direito Penal,Teoria do crime,"Sobre o arrependimento posterior (Art. 16, CP), assinale a correta:",Aplica-se com violência.,Reparação após a denúncia.,Reduz a pena de um a dois terços.,Exclui a ilicitude.,Prescinde de voluntariedade.,C,Redução legal de 1/3 a 2/3 se reparado antes do recebimento da denúncia.
99,VUNESP,PC-SP,Língua Portuguesa,"Crase, regência e concordância",Assinale a alternativa correta quanto à crase:,As investigações ficaram à cargo da Delegacia.,O escrivão deu início à lavratura do auto.,O suspeito recusou-se à prestar depoimento.,A equipe dirigiu-se à uma residência.,O perito respondeu à todas as perguntas.,B,Lavratura admite artigo feminino e início exige preposição a.
100,FGV,PM-SP,Direito Penal,Teoria do crime,"Sobre o arrependimento posterior (Art. 16, CP), assinale a correta:",Aplica-se com violência.,Reparação após a denúncia.,Reduz a pena de um a dois terços.,Exclui a ilicitude.,Prescinde de voluntariedade.,C,Redução legal de 1/3 a 2/3 se reparado antes do recebimento da denúncia.
101,VUNESP,PC-SP,Língua Portuguesa,"Crase, regência e concordância",Assinale a alternativa correta quanto à crase:,As investigações ficaram à cargo da Delegacia.,O escrivão deu início à lavratura do auto.,O suspeito recusou-se à prestar depoimento.,A equipe dirigiu-se à uma residência.,O perito respondeu à todas as perguntas.,B,Lavratura admite artigo feminino e início exige preposição a.
102,FGV,PM-SP,Direito Penal,Teoria do crime,"Sobre o arrependimento posterior (Art. 16, CP), assinale a correta:",Aplica-se com violência.,Reparação após a denúncia.,Reduz a pena de um a dois terços.,Exclui a ilicitude.,Prescinde de voluntariedade.,C,Redução legal de 1/3 a 2/3 se reparado antes do recebimento da denúncia.
103,VUNESP,PC-SP,Língua Portuguesa,"Crase, regência e concordância",Assinale a alternativa correta quanto à crase:,As investigações ficaram à cargo da Delegacia.,O escrivão deu início à lavratura do auto.,O suspeito recusou-se à prestar depoimento.,A equipe dirigiu-se à uma residência.,O perito respondeu à todas as perguntas.,B,Lavratura admite artigo feminino e início exige preposição a.
104,FGV,PM-SP,Direito Penal,Teoria do crime,"Sobre o arrependimento posterior (Art. 16, CP), assinale a correta:",Aplica-se com violência.,Reparação após a denúncia.,Reduz a pena de um a dois terços.,Exclui a ilicitude.,Prescinde de voluntariedade.,C,Redução legal de 1/3 a 2/3 se reparado antes do recebimento da denúncia.
105,VUNESP,PC-SP,Língua Portuguesa,"Crase, regência e concordância",Assinale a alternativa correta quanto à crase:,As investigações ficaram à cargo da Delegacia.,O escrivão deu início à lavratura do auto.,O suspeito recusou-se à prestar depoimento.,A equipe dirigiu-se à uma residência.,O perito respondeu à todas as perguntas.,B,Lavratura admite artigo feminino e início exige preposição a.
106,FGV,PM-SP,Direito Penal,Teoria do crime,"Sobre o arrependimento posterior (Art. 16, CP), assinale a correta:",Aplica-se com violência.,Reparação após a denúncia.,Reduz a pena de um a dois terços.,Exclui a ilicitude.,Prescinde de voluntariedade.,C,Redução legal de 1/3 a 2/3 se reparado antes do recebimento da denúncia.
107,VUNESP,PC-SP,Língua Portuguesa,"Crase, regência e concordância",Assinale a alternativa correta quanto à crase:,As investigações ficaram à cargo da Delegacia.,O escrivão deu início à lavratura do auto.,O suspeito recusou-se à prestar depoimento.,A equipe dirigiu-se à uma residência.,O perito respondeu à todas as perguntas.,B,Lavratura admite artigo feminino e início exige preposição a.
108,FGV,PM-SP,Direito Penal,Teoria do crime,"Sobre o arrependimento posterior (Art. 16, CP), assinale a correta:",Aplica-se com violência.,Reparação após a denúncia.,Reduz a pena de um a dois terços.,Exclui a ilicitude.,Prescinde de voluntariedade.,C,Redução legal de 1/3 a 2/3 se reparado antes do recebimento da denúncia.
109,VUNESP,PC-SP,Língua Portuguesa,"Crase, regência e concordância",Assinale a alternativa correta quanto à crase:,As investigações ficaram à cargo da Delegacia.,O escrivão deu início à lavratura do auto.,O suspeito recusou-se à prestar depoimento.,A equipe dirigiu-se à uma residência.,O perito respondeu à todas as perguntas.,B,Lavratura admite artigo feminino e início exige preposição a.
110,FGV,PM-SP,Direito Penal,Teoria do crime,"Sobre o arrependimento posterior (Art. 16, CP), assinale a correta:",Aplica-se com violência.,Reparação após a denúncia.,Reduz a pena de um a dois terços.,Exclui a ilicitude.,Prescinde de voluntariedade.,C,Redução legal de 1/3 a 2/3 se reparado antes do recebimento da denúncia.
111,VUNESP,PC-SP,Língua Portuguesa,"Crase, regência e concordância",Assinale a alternativa correta quanto à crase:,As investigações ficaram à cargo da Delegacia.,O escrivão deu início à lavratura do auto.,O suspeito recusou-se à prestar depoimento.,A equipe dirigiu-se à uma residência.,O perito respondeu à todas as perguntas.,B,Lavratura admite artigo feminino e início exige preposição a.
112,FGV,PM-SP,Direito Penal,Teoria do crime,"Sobre o arrependimento posterior (Art. 16, CP), assinale a correta:",Aplica-se com violência.,Reparação após a denúncia.,Reduz a pena de um a dois terços.,Exclui a ilicitude.,Prescinde de voluntariedade.,C,Redução legal de 1/3 a 2/3 se reparado antes do recebimento da denúncia.
113,VUNESP,PC-SP,Língua Portuguesa,"Crase, regência e concordância",Assinale a alternativa correta quanto à crase:,As investigações ficaram à cargo da Delegacia.,O escrivão deu início à lavratura do auto.,O suspeito recusou-se à prestar depoimento.,A equipe dirigiu-se à uma residência.,O perito respondeu à todas as perguntas.,B,Lavratura admite artigo feminino e início exige preposição a.
114,FGV,PM-SP,Direito Penal,Teoria do crime,"Sobre o arrependimento posterior (Art. 16, CP), assinale a correta:",Aplica-se com violência.,Reparação após a denúncia.,Reduz a pena de um a dois terços.,Exclui a ilicitude.,Prescinde de voluntariedade.,C,Redução legal de 1/3 a 2/3 se reparado antes do recebimento da denúncia.
115,VUNESP,PC-SP,Língua Portuguesa,"Crase, regência e concordância",Assinale a alternativa correta quanto à crase:,As investigações ficaram à cargo da Delegacia.,O escrivão deu início à lavratura do auto.,O suspeito recusou-se à prestar depoimento.,A equipe dirigiu-se à uma residência.,O perito respondeu à todas as perguntas.,B,Lavratura admite artigo feminino e início exige preposição a.
116,FGV,PM-SP,Direito Penal,Teoria do crime,"Sobre o arrependimento posterior (Art. 16, CP), assinale a correta:",Aplica-se com violência.,Reparação após a denúncia.,Reduz a pena de um a dois terços.,Exclui a ilicitude.,Prescinde de voluntariedade.,C,Redução legal de 1/3 a 2/3 se reparado antes do recebimento da denúncia.
117,VUNESP,PC-SP,Língua Portuguesa,"Crase, regência e concordância",Assinale a alternativa correta quanto à crase:,As investigações ficaram à cargo da Delegacia.,O escrivão deu início à lavratura do auto.,O suspeito recusou-se à prestar depoimento.,A equipe dirigiu-se à uma residência.,O perito respondeu à todas as perguntas.,B,Lavratura admite artigo feminino e início exige preposição a.
118,FGV,PM-SP,Direito Penal,Teoria do crime,"Sobre o arrependimento posterior (Art. 16, CP), assinale a correta:",Aplica-se com violência.,Reparação após a denúncia.,Reduz a pena de um a dois terços.,Exclui a ilicitude.,Prescinde de voluntariedade.,C,Redução legal de 1/3 a 2/3 se reparado antes do recebimento da denúncia.
119,VUNESP,PC-SP,Língua Portuguesa,"Crase, regência e concordância",Assinale a alternativa correta quanto à crase:,As investigações ficaram à cargo da Delegacia.,O escrivão deu início à lavratura do auto.,O suspeito recusou-se à prestar depoimento.,A equipe dirigiu-se à uma residência.,O perito respondeu à todas as perguntas.,B,Lavratura admite artigo feminino e início exige preposição a.
120,FGV,PM-SP,Direito Penal,Teoria do crime,"Sobre o arrependimento posterior (Art. 16, CP), assinale a correta:",Aplica-se com violência.,Reparação após a denúncia.,Reduz a pena de um a dois terços.,Exclui a ilicitude.,Prescinde de voluntariedade.,C,Redução legal de 1/3 a 2/3 se reparado antes do recebimento da denúncia.
121,VUNESP,PC-SP,Língua Portuguesa,"Crase, regência e concordância",Assinale a alternativa correta quanto à crase:,As investigações ficaram à cargo da Delegacia.,O escrivão deu início à lavratura do auto.,O suspeito recusou-se à prestar depoimento.,A equipe dirigiu-se à uma residência.,O perito respondeu à todas as perguntas.,B,Lavratura admite artigo feminino e início exige preposição a.
122,FGV,PM-SP,Direito Penal,Teoria do crime,"Sobre o arrependimento posterior (Art. 16, CP), assinale a correta:",Aplica-se com violência.,Reparação após a denúncia.,Reduz a pena de um a dois terços.,Exclui a ilicitude.,Prescinde de voluntariedade.,C,Redução legal de 1/3 a 2/3 se reparado antes do recebimento da denúncia.
123,VUNESP,PC-SP,Língua Portuguesa,"Crase, regência e concordância",Assinale a alternativa correta quanto à crase:,As investigações ficaram à cargo da Delegacia.,O escrivão deu início à lavratura do auto.,O suspeito recusou-se à prestar depoimento.,A equipe dirigiu-se à uma residência.,O perito respondeu à todas as perguntas.,B,Lavratura admite artigo feminino e início exige preposição a.
124,FGV,PM-SP,Direito Penal,Teoria do crime,"Sobre o arrependimento posterior (Art. 16, CP), assinale a correta:",Aplica-se com violência.,Reparação após a denúncia.,Reduz a pena de um a dois terços.,Exclui a ilicitude.,Prescinde de voluntariedade.,C,Redução legal de 1/3 a 2/3 se reparado antes do recebimento da denúncia.
125,VUNESP,PC-SP,Língua Portuguesa,"Crase, regência e concordância",Assinale a alternativa correta quanto à crase:,As investigações ficaram à cargo da Delegacia.,O escrivão deu início à lavratura do auto.,O suspeito recusou-se à prestar depoimento.,A equipe dirigiu-se à uma residência.,O perito respondeu à todas as perguntas.,B,Lavratura admite artigo feminino e início exige preposição a.
126,FGV,PM-SP,Direito Penal,Teoria do crime,"Sobre o arrependimento posterior (Art. 16, CP), assinale a correta:",Aplica-se com violência.,Reparação após a denúncia.,Reduz a pena de um a dois terços.,Exclui a ilicitude.,Prescinde de voluntariedade.,C,Redução legal de 1/3 a 2/3 se reparado antes do recebimento da denúncia.
127,VUNESP,PC-SP,Língua Portuguesa,"Crase, regência e concordância",Assinale a alternativa correta quanto à crase:,As investigações ficaram à cargo da Delegacia.,O escrivão deu início à lavratura do auto.,O suspeito recusou-se à prestar depoimento.,A equipe dirigiu-se à uma residência.,O perito respondeu à todas as perguntas.,B,Lavratura admite artigo feminino e início exige preposição a.
128,FGV,PM-SP,Direito Penal,Teoria do crime,"Sobre o arrependimento posterior (Art. 16, CP), assinale a correta:",Aplica-se com violência.,Reparação após a denúncia.,Reduz a pena de um a dois terços.,Exclui a ilicitude.,Prescinde de voluntariedade.,C,Redução legal de 1/3 a 2/3 se reparado antes do recebimento da denúncia.
129,VUNESP,PC-SP,Língua Portuguesa,"Crase, regência e concordância",Assinale a alternativa correta quanto à crase:,As investigações ficaram à cargo da Delegacia.,O escrivão deu início à lavratura do auto.,O suspeito recusou-se à prestar depoimento.,A equipe dirigiu-se à uma residência.,O perito respondeu à todas as perguntas.,B,Lavratura admite artigo feminino e início exige preposição a.
130,FGV,PM-SP,Direito Penal,Teoria do crime,"Sobre o arrependimento posterior (Art. 16, CP), assinale a correta:",Aplica-se com violência.,Reparação após a denúncia.,Reduz a pena de um a dois terços.,Exclui a ilicitude.,Prescinde de voluntariedade.,C,Redução legal de 1/3 a 2/3 se reparado antes do recebimento da denúncia.
131,VUNESP,PC-SP,Língua Portuguesa,"Crase, regência e concordância",Assinale a alternativa correta quanto à crase:,As investigações ficaram à cargo da Delegacia.,O escrivão deu início à lavratura do auto.,O suspeito recusou-se à prestar depoimento.,A equipe dirigiu-se à uma residência.,O perito respondeu à todas as perguntas.,B,Lavratura admite artigo feminino e início exige preposição a.
132,FGV,PM-SP,Direito Penal,Teoria do crime,"Sobre o arrependimento posterior (Art. 16, CP), assinale a correta:",Aplica-se com violência.,Reparação após a denúncia.,Reduz a pena de um a dois terços.,Exclui a ilicitude.,Prescinde de voluntariedade.,C,Redução legal de 1/3 a 2/3 se reparado antes do recebimento da denúncia.
133,VUNESP,PC-SP,Língua Portuguesa,"Crase, regência e concordância",Assinale a alternativa correta quanto à crase:,As investigações ficaram à cargo da Delegacia.,O escrivão deu início à lavratura do auto.,O suspeito recusou-se à prestar depoimento.,A equipe dirigiu-se à uma residência.,O perito respondeu à todas as perguntas.,B,Lavratura admite artigo feminino e início exige preposição a.
134,FGV,PM-SP,Direito Penal,Teoria do crime,"Sobre o arrependimento posterior (Art. 16, CP), assinale a correta:",Aplica-se com violência.,Reparação após a denúncia.,Reduz a pena de um a dois terços.,Exclui a ilicitude.,Prescinde de voluntariedade.,C,Redução legal de 1/3 a 2/3 se reparado antes do recebimento da denúncia.
135,VUNESP,PC-SP,Língua Portuguesa,"Crase, regência e concordância",Assinale a alternativa correta quanto à crase:,As investigações ficaram à cargo da Delegacia.,O escrivão deu início à lavratura do auto.,O suspeito recusou-se à prestar depoimento.,A equipe dirigiu-se à uma residência.,O perito respondeu à todas as perguntas.,B,Lavratura admite artigo feminino e início exige preposição a.
136,FGV,PM-SP,Direito Penal,Teoria do crime,"Sobre o arrependimento posterior (Art. 16, CP), assinale a correta:",Aplica-se com violência.,Reparação após a denúncia.,Reduz a pena de um a dois terços.,Exclui a ilicitude.,Prescinde de voluntariedade.,C,Redução legal de 1/3 a 2/3 se reparado antes do recebimento da denúncia.
137,VUNESP,PC-SP,Língua Portuguesa,"Crase, regência e concordância",Assinale a alternativa correta quanto à crase:,As investigações ficaram à cargo da Delegacia.,O escrivão deu início à lavratura do auto.,O suspeito recusou-se à prestar depoimento.,A equipe dirigiu-se à uma residência.,O perito respondeu à todas as perguntas.,B,Lavratura admite artigo feminino e início exige preposição a.
138,FGV,PM-SP,Direito Penal,Teoria do crime,"Sobre o arrependimento posterior (Art. 16, CP), assinale a correta:",Aplica-se com violência.,Reparação após a denúncia.,Reduz a pena de um a dois terços.,Exclui a ilicitude.,Prescinde de voluntariedade.,C,Redução legal de 1/3 a 2/3 se reparado antes do recebimento da denúncia.
139,VUNESP,PC-SP,Língua Portuguesa,"Crase, regência e concordância",Assinale a alternativa correta quanto à crase:,As investigações ficaram à cargo da Delegacia.,O escrivão deu início à lavratura do auto.,O suspeito recusou-se à prestar depoimento.,A equipe dirigiu-se à uma residência.,O perito respondeu à todas as perguntas.,B,Lavratura admite artigo feminino e início exige preposição a.
140,FGV,PM-SP,Direito Penal,Teoria do crime,"Sobre o arrependimento posterior (Art. 16, CP), assinale a correta:",Aplica-se com violência.,Reparação após a denúncia.,Reduz a pena de um a dois terços.,Exclui a ilicitude.,Prescinde de voluntariedade.,C,Redução legal de 1/3 a 2/3 se reparado antes do recebimento da denúncia.
141,VUNESP,PC-SP,Língua Portuguesa,"Crase, regência e concordância",Assinale a alternativa correta quanto à crase:,As investigações ficaram à cargo da Delegacia.,O escrivão deu início à lavratura do auto.,O suspeito recusou-se à prestar depoimento.,A equipe dirigiu-se à uma residência.,O perito respondeu à todas as perguntas.,B,Lavratura admite artigo feminino e início exige preposição a.
142,FGV,PM-SP,Direito Penal,Teoria do crime,"Sobre o arrependimento posterior (Art. 16, CP), assinale a correta:",Aplica-se com violência.,Reparação após a denúncia.,Reduz a pena de um a dois terços.,Exclui a ilicitude.,Prescinde de voluntariedade.,C,Redução legal de 1/3 a 2/3 se reparado antes do recebimento da denúncia.
143,VUNESP,PC-SP,Língua Portuguesa,"Crase, regência e concordância",Assinale a alternativa correta quanto à crase:,As investigações ficaram à cargo da Delegacia.,O escrivão deu início à lavratura do auto.,O suspeito recusou-se à prestar depoimento.,A equipe dirigiu-se à uma residência.,O perito respondeu à todas as perguntas.,B,Lavratura admite artigo feminino e início exige preposição a.
144,FGV,PM-SP,Direito Penal,Teoria do crime,"Sobre o arrependimento posterior (Art. 16, CP), assinale a correta:",Aplica-se com violência.,Reparação após a denúncia.,Reduz a pena de um a dois terços.,Exclui a ilicitude.,Prescinde de voluntariedade.,C,Redução legal de 1/3 a 2/3 se reparado antes do recebimento da denúncia.
145,VUNESP,PC-SP,Língua Portuguesa,"Crase, regência e concordância",Assinale a alternativa correta quanto à crase:,As investigações ficaram à cargo da Delegacia.,O escrivão deu início à lavratura do auto.,O suspeito recusou-se à prestar depoimento.,A equipe dirigiu-se à uma residência.,O perito respondeu à todas as perguntas.,B,Lavratura admite artigo feminino e início exige preposição a.
146,FGV,PM-SP,Direito Penal,Teoria do crime,"Sobre o arrependimento posterior (Art. 16, CP), assinale a correta:",Aplica-se com violência.,Reparação após a denúncia.,Reduz a pena de um a dois terços.,Exclui a ilicitude.,Prescinde de voluntariedade.,C,Redução legal de 1/3 a 2/3 se reparado antes do recebimento da denúncia.
147,VUNESP,PC-SP,Língua Portuguesa,"Crase, regência e concordância",Assinale a alternativa correta quanto à crase:,As investigações ficaram à cargo da Delegacia.,O escrivão deu início à lavratura do auto.,O suspeito recusou-se à prestar depoimento.,A equipe dirigiu-se à uma residência.,O perito respondeu à todas as perguntas.,B,Lavratura admite artigo feminino e início exige preposição a.
148,FGV,PM-SP,Direito Penal,Teoria do crime,"Sobre o arrependimento posterior (Art. 16, CP), assinale a correta:",Aplica-se com violência.,Reparação após a denúncia.,Reduz a pena de um a dois terços.,Exclui a ilicitude.,Prescinde de voluntariedade.,C,Redução legal de 1/3 a 2/3 se reparado antes do recebimento da denúncia.
149,VUNESP,PC-SP,Língua Portuguesa,"Crase, regência e concordância",Assinale a alternativa correta quanto à crase:,As investigações ficaram à cargo da Delegacia.,O escrivão deu início à lavratura do auto.,O suspeito recusou-se à prestar depoimento.,A equipe dirigiu-se à uma residência.,O perito respondeu à todas as perguntas.,B,Lavratura admite artigo feminino e início exige preposição a.
150,FGV,PM-SP,Direito Penal,Teoria do crime,"Sobre o arrependimento posterior (Art. 16, CP), assinale a correta:",Aplica-se com violência.,Reparação após a denúncia.,Reduz a pena de um a dois terços.,Exclui a ilicitude.,Prescinde de voluntariedade.,C,Redução legal de 1/3 a 2/3 se reparado antes do recebimento da denúncia.
151,VUNESP,PC-SP,Língua Portuguesa,"Crase, regência e concordância",Assinale a alternativa correta quanto à crase:,As investigações ficaram à cargo da Delegacia.,O escrivão deu início à lavratura do auto.,O suspeito recusou-se à prestar depoimento.,A equipe dirigiu-se à uma residência.,O perito respondeu à todas as perguntas.,B,Lavratura admite artigo feminino e início exige preposição a.
152,FGV,PM-SP,Direito Penal,Teoria do crime,"Sobre o arrependimento posterior (Art. 16, CP), assinale a correta:",Aplica-se com violência.,Reparação após a denúncia.,Reduz a pena de um a dois terços.,Exclui a ilicitude.,Prescinde de voluntariedade.,C,Redução legal de 1/3 a 2/3 se reparado antes do recebimento da denúncia.
153,VUNESP,PC-SP,Língua Portuguesa,"Crase, regência e concordância",Assinale a alternativa correta quanto à crase:,As investigações ficaram à cargo da Delegacia.,O escrivão deu início à lavratura do auto.,O suspeito recusou-se à prestar depoimento.,A equipe dirigiu-se à uma residência.,O perito respondeu à todas as perguntas.,B,Lavratura admite artigo feminino e início exige preposição a.
154,FGV,PM-SP,Direito Penal,Teoria do crime,"Sobre o arrependimento posterior (Art. 16, CP), assinale a correta:",Aplica-se com violência.,Reparação após a denúncia.,Reduz a pena de um a dois terços.,Exclui a ilicitude.,Prescinde de voluntariedade.,C,Redução legal de 1/3 a 2/3 se reparado antes do recebimento da denúncia.
155,VUNESP,PC-SP,Língua Portuguesa,"Crase, regência e concordância",Assinale a alternativa correta quanto à crase:,As investigações ficaram à cargo da Delegacia.,O escrivão deu início à lavratura do auto.,O suspeito recusou-se à prestar depoimento.,A equipe dirigiu-se à uma residência.,O perito respondeu à todas as perguntas.,B,Lavratura admite artigo feminino e início exige preposição a.
156,FGV,PM-SP,Direito Penal,Teoria do crime,"Sobre o arrependimento posterior (Art. 16, CP), assinale a correta:",Aplica-se com violência.,Reparação após a denúncia.,Reduz a pena de um a dois terços.,Exclui a ilicitude.,Prescinde de voluntariedade.,C,Redução legal de 1/3 a 2/3 se reparado antes do recebimento da denúncia.
157,VUNESP,PC-SP,Língua Portuguesa,"Crase, regência e concordância",Assinale a alternativa correta quanto à crase:,As investigações ficaram à cargo da Delegacia.,O escrivão deu início à lavratura do auto.,O suspeito recusou-se à prestar depoimento.,A equipe dirigiu-se à uma residência.,O perito respondeu à todas as perguntas.,B,Lavratura admite artigo feminino e início exige preposição a.
158,FGV,PM-SP,Direito Penal,Teoria do crime,"Sobre o arrependimento posterior (Art. 16, CP), assinale a correta:",Aplica-se com violência.,Reparação após a denúncia.,Reduz a pena de um a dois terços.,Exclui a ilicitude.,Prescinde de voluntariedade.,C,Redução legal de 1/3 a 2/3 se reparado antes do recebimento da denúncia.
159,VUNESP,PC-SP,Língua Portuguesa,"Crase, regência e concordância",Assinale a alternativa correta quanto à crase:,As investigações ficaram à cargo da Delegacia.,O escrivão deu início à lavratura do auto.,O suspeito recusou-se à prestar depoimento.,A equipe dirigiu-se à uma residência.,O perito respondeu à todas as perguntas.,B,Lavratura admite artigo feminino e início exige preposição a.
160,FGV,PM-SP,Direito Penal,Teoria do crime,"Sobre o arrependimento posterior (Art. 16, CP), assinale a correta:",Aplica-se com violência.,Reparação após a denúncia.,Reduz a pena de um a dois terços.,Exclui a ilicitude.,Prescinde de voluntariedade.,C,Redução legal de 1/3 a 2/3 se reparado antes do recebimento da denúncia.
161,VUNESP,PC-SP,Língua Portuguesa,"Crase, regência e concordância",Assinale a alternativa correta quanto à crase:,As investigações ficaram à cargo da Delegacia.,O escrivão deu início à lavratura do auto.,O suspeito recusou-se à prestar depoimento.,A equipe dirigiu-se à uma residência.,O perito respondeu à todas as perguntas.,B,Lavratura admite artigo feminino e início exige preposição a.
162,FGV,PM-SP,Direito Penal,Teoria do crime,"Sobre o arrependimento posterior (Art. 16, CP), assinale a correta:",Aplica-se com violência.,Reparação após a denúncia.,Reduz a pena de um a dois terços.,Exclui a ilicitude.,Prescinde de voluntariedade.,C,Redução legal de 1/3 a 2/3 se reparado antes do recebimento da denúncia.
163,VUNESP,PC-SP,Língua Portuguesa,"Crase, regência e concordância",Assinale a alternativa correta quanto à crase:,As investigações ficaram à cargo da Delegacia.,O escrivão deu início à lavratura do auto.,O suspeito recusou-se à prestar depoimento.,A equipe dirigiu-se à uma residência.,O perito respondeu à todas as perguntas.,B,Lavratura admite artigo feminino e início exige preposição a.
164,FGV,PM-SP,Direito Penal,Teoria do crime,"Sobre o arrependimento posterior (Art. 16, CP), assinale a correta:",Aplica-se com violência.,Reparação após a denúncia.,Reduz a pena de um a dois terços.,Exclui a ilicitude.,Prescinde de voluntariedade.,C,Redução legal de 1/3 a 2/3 se reparado antes do recebimento da denúncia.
165,VUNESP,PC-SP,Língua Portuguesa,"Crase, regência e concordância",Assinale a alternativa correta quanto à crase:,As investigações ficaram à cargo da Delegacia.,O escrivão deu início à lavratura do auto.,O suspeito recusou-se à prestar depoimento.,A equipe dirigiu-se à uma residência.,O perito respondeu à todas as perguntas.,B,Lavratura admite artigo feminino e início exige preposição a.
166,FGV,PM-SP,Direito Penal,Teoria do crime,"Sobre o arrependimento posterior (Art. 16, CP), assinale a correta:",Aplica-se com violência.,Reparação após a denúncia.,Reduz a pena de um a dois terços.,Exclui a ilicitude.,Prescinde de voluntariedade.,C,Redução legal de 1/3 a 2/3 se reparado antes do recebimento da denúncia.
167,VUNESP,PC-SP,Língua Portuguesa,"Crase, regência e concordância",Assinale a alternativa correta quanto à crase:,As investigações ficaram à cargo da Delegacia.,O escrivão deu início à lavratura do auto.,O suspeito recusou-se à prestar depoimento.,A equipe dirigiu-se à uma residência.,O perito respondeu à todas as perguntas.,B,Lavratura admite artigo feminino e início exige preposição a.
168,FGV,PM-SP,Direito Penal,Teoria do crime,"Sobre o arrependimento posterior (Art. 16, CP), assinale a correta:",Aplica-se com violência.,Reparação após a denúncia.,Reduz a pena de um a dois terços.,Exclui a ilicitude.,Prescinde de voluntariedade.,C,Redução legal de 1/3 a 2/3 se reparado antes do recebimento da denúncia.
169,VUNESP,PC-SP,Língua Portuguesa,"Crase, regência e concordância",Assinale a alternativa correta quanto à crase:,As investigações ficaram à cargo da Delegacia.,O escrivão deu início à lavratura do auto.,O suspeito recusou-se à prestar depoimento.,A equipe dirigiu-se à uma residência.,O perito respondeu à todas as perguntas.,B,Lavratura admite artigo feminino e início exige preposição a.
170,FGV,PM-SP,Direito Penal,Teoria do crime,"Sobre o arrependimento posterior (Art. 16, CP), assinale a correta:",Aplica-se com violência.,Reparação após a denúncia.,Reduz a pena de um a dois terços.,Exclui a ilicitude.,Prescinde de voluntariedade.,C,Redução legal de 1/3 a 2/3 se reparado antes do recebimento da denúncia.
171,VUNESP,PC-SP,Língua Portuguesa,"Crase, regência e concordância",Assinale a alternativa correta quanto à crase:,As investigações ficaram à cargo da Delegacia.,O escrivão deu início à lavratura do auto.,O suspeito recusou-se à prestar depoimento.,A equipe dirigiu-se à uma residência.,O perito respondeu à todas as perguntas.,B,Lavratura admite artigo feminino e início exige preposição a.
172,FGV,PM-SP,Direito Penal,Teoria do crime,"Sobre o arrependimento posterior (Art. 16, CP), assinale a correta:",Aplica-se com violência.,Reparação após a denúncia.,Reduz a pena de um a dois terços.,Exclui a ilicitude.,Prescinde de voluntariedade.,C,Redução legal de 1/3 a 2/3 se reparado antes do recebimento da denúncia.
173,VUNESP,PC-SP,Língua Portuguesa,"Crase, regência e concordância",Assinale a alternativa correta quanto à crase:,As investigações ficaram à cargo da Delegacia.,O escrivão deu início à lavratura do auto.,O suspeito recusou-se à prestar depoimento.,A equipe dirigiu-se à uma residência.,O perito respondeu à todas as perguntas.,B,Lavratura admite artigo feminino e início exige preposição a.
174,FGV,PM-SP,Direito Penal,Teoria do crime,"Sobre o arrependimento posterior (Art. 16, CP), assinale a correta:",Aplica-se com violência.,Reparação após a denúncia.,Reduz a pena de um a dois terços.,Exclui a ilicitude.,Prescinde de voluntariedade.,C,Redução legal de 1/3 a 2/3 se reparado antes do recebimento da denúncia.
175,VUNESP,PC-SP,Língua Portuguesa,"Crase, regência e concordância",Assinale a alternativa correta quanto à crase:,As investigações ficaram à cargo da Delegacia.,O escrivão deu início à lavratura do auto.,O suspeito recusou-se à prestar depoimento.,A equipe dirigiu-se à uma residência.,O perito respondeu à todas as perguntas.,B,Lavratura admite artigo feminino e início exige preposição a.
176,FGV,PM-SP,Direito Penal,Teoria do crime,"Sobre o arrependimento posterior (Art. 16, CP), assinale a correta:",Aplica-se com violência.,Reparação após a denúncia.,Reduz a pena de um a dois terços.,Exclui a ilicitude.,Prescinde de voluntariedade.,C,Redução legal de 1/3 a 2/3 se reparado antes do recebimento da denúncia.
177,VUNESP,PC-SP,Língua Portuguesa,"Crase, regência e concordância",Assinale a alternativa correta quanto à crase:,As investigações ficaram à cargo da Delegacia.,O escrivão deu início à lavratura do auto.,O suspeito recusou-se à prestar depoimento.,A equipe dirigiu-se à uma residência.,O perito respondeu à todas as perguntas.,B,Lavratura admite artigo feminino e início exige preposição a.
178,FGV,PM-SP,Direito Penal,Teoria do crime,"Sobre o arrependimento posterior (Art. 16, CP), assinale a correta:",Aplica-se com violência.,Reparação após a denúncia.,Reduz a pena de um a dois terços.,Exclui a ilicitude.,Prescinde de voluntariedade.,C,Redução legal de 1/3 a 2/3 se reparado antes do recebimento da denúncia.
179,VUNESP,PC-SP,Língua Portuguesa,"Crase, regência e concordância",Assinale a alternativa correta quanto à crase:,As investigações ficaram à cargo da Delegacia.,O escrivão deu início à lavratura do auto.,O suspeito recusou-se à prestar depoimento.,A equipe dirigiu-se à uma residência.,O perito respondeu à todas as perguntas.,B,Lavratura admite artigo feminino e início exige preposição a.
180,FGV,PM-SP,Direito Penal,Teoria do crime,"Sobre o arrependimento posterior (Art. 16, CP), assinale a correta:",Aplica-se com violência.,Reparação após a denúncia.,Reduz a pena de um a dois terços.,Exclui a ilicitude.,Prescinde de voluntariedade.,C,Redução legal de 1/3 a 2/3 se reparado antes do recebimento da denúncia.
181,VUNESP,PC-SP,Língua Portuguesa,"Crase, regência e concordância",Assinale a alternativa correta quanto à crase:,As investigações ficaram à cargo da Delegacia.,O escrivão deu início à lavratura do auto.,O suspeito recusou-se à prestar depoimento.,A equipe dirigiu-se à uma residência.,O perito respondeu à todas as perguntas.,B,Lavratura admite artigo feminino e início exige preposição a.
182,FGV,PM-SP,Direito Penal,Teoria do crime,"Sobre o arrependimento posterior (Art. 16, CP), assinale a correta:",Aplica-se com violência.,Reparação após a denúncia.,Reduz a pena de um a dois terços.,Exclui a ilicitude.,Prescinde de voluntariedade.,C,Redução legal de 1/3 a 2/3 se reparado antes do recebimento da denúncia.
183,VUNESP,PC-SP,Língua Portuguesa,"Crase, regência e concordância",Assinale a alternativa correta quanto à crase:,As investigações ficaram à cargo da Delegacia.,O escrivão deu início à lavratura do auto.,O suspeito recusou-se à prestar depoimento.,A equipe dirigiu-se à uma residência.,O perito respondeu à todas as perguntas.,B,Lavratura admite artigo feminino e início exige preposição a.
184,FGV,PM-SP,Direito Penal,Teoria do crime,"Sobre o arrependimento posterior (Art. 16, CP), assinale a correta:",Aplica-se com violência.,Reparação após a denúncia.,Reduz a pena de um a dois terços.,Exclui a ilicitude.,Prescinde de voluntariedade.,C,Redução legal de 1/3 a 2/3 se reparado antes do recebimento da denúncia.
185,VUNESP,PC-SP,Língua Portuguesa,"Crase, regência e concordância",Assinale a alternativa correta quanto à crase:,As investigações ficaram à cargo da Delegacia.,O escrivão deu início à lavratura do auto.,O suspeito recusou-se à prestar depoimento.,A equipe dirigiu-se à uma residência.,O perito respondeu à todas as perguntas.,B,Lavratura admite artigo feminino e início exige preposição a.
186,FGV,PM-SP,Direito Penal,Teoria do crime,"Sobre o arrependimento posterior (Art. 16, CP), assinale a correta:",Aplica-se com violência.,Reparação após a denúncia.,Reduz a pena de um a dois terços.,Exclui a ilicitude.,Prescinde de voluntariedade.,C,Redução legal de 1/3 a 2/3 se reparado antes do recebimento da denúncia.
187,VUNESP,PC-SP,Língua Portuguesa,"Crase, regência e concordância",Assinale a alternativa correta quanto à crase:,As investigações ficaram à cargo da Delegacia.,O escrivão deu início à lavratura do auto.,O suspeito recusou-se à prestar depoimento.,A equipe dirigiu-se à uma residência.,O perito respondeu à todas as perguntas.,B,Lavratura admite artigo feminino e início exige preposição a.
188,FGV,PM-SP,Direito Penal,Teoria do crime,"Sobre o arrependimento posterior (Art. 16, CP), assinale a correta:",Aplica-se com violência.,Reparação após a denúncia.,Reduz a pena de um a dois terços.,Exclui a ilicitude.,Prescinde de voluntariedade.,C,Redução legal de 1/3 a 2/3 se reparado antes do recebimento da denúncia.
189,VUNESP,PC-SP,Língua Portuguesa,"Crase, regência e concordância",Assinale a alternativa correta quanto à crase:,As investigações ficaram à cargo da Delegacia.,O escrivão deu início à lavratura do auto.,O suspeito recusou-se à prestar depoimento.,A equipe dirigiu-se à uma residência.,O perito respondeu à todas as perguntas.,B,Lavratura admite artigo feminino e início exige preposição a.
190,FGV,PM-SP,Direito Penal,Teoria do crime,"Sobre o arrependimento posterior (Art. 16, CP), assinale a correta:",Aplica-se com violência.,Reparação após a denúncia.,Reduz a pena de um a dois terços.,Exclui a ilicitude.,Prescinde de voluntariedade.,C,Redução legal de 1/3 a 2/3 se reparado antes do recebimento da denúncia.
191,VUNESP,PC-SP,Língua Portuguesa,"Crase, regência e concordância",Assinale a alternativa correta quanto à crase:,As investigações ficaram à cargo da Delegacia.,O escrivão deu início à lavratura do auto.,O suspeito recusou-se à prestar depoimento.,A equipe dirigiu-se à uma residência.,O perito respondeu à todas as perguntas.,B,Lavratura admite artigo feminino e início exige preposição a.
192,FGV,PM-SP,Direito Penal,Teoria do crime,"Sobre o arrependimento posterior (Art. 16, CP), assinale a correta:",Aplica-se com violência.,Reparação após a denúncia.,Reduz a pena de um a dois terços.,Exclui a ilicitude.,Prescinde de voluntariedade.,C,Redução legal de 1/3 a 2/3 se reparado antes do recebimento da denúncia.
193,VUNESP,PC-SP,Língua Portuguesa,"Crase, regência e concordância",Assinale a alternativa correta quanto à crase:,As investigações ficaram à cargo da Delegacia.,O escrivão deu início à lavratura do auto.,O suspeito recusou-se à prestar depoimento.,A equipe dirigiu-se à uma residência.,O perito respondeu à todas as perguntas.,B,Lavratura admite artigo feminino e início exige preposição a.
194,FGV,PM-SP,Direito Penal,Teoria do crime,"Sobre o arrependimento posterior (Art. 16, CP), assinale a correta:",Aplica-se com violência.,Reparação após a denúncia.,Reduz a pena de um a dois terços.,Exclui a ilicitude.,Prescinde de voluntariedade.,C,Redução legal de 1/3 a 2/3 se reparado antes do recebimento da denúncia.
195,VUNESP,PC-SP,Língua Portuguesa,"Crase, regência e concordância",Assinale a alternativa correta quanto à crase:,As investigações ficaram à cargo da Delegacia.,O escrivão deu início à lavratura do auto.,O suspeito recusou-se à prestar depoimento.,A equipe dirigiu-se à uma residência.,O perito respondeu à todas as perguntas.,B,Lavratura admite artigo feminino e início exige preposição a.
196,FGV,PM-SP,Direito Penal,Teoria do crime,"Sobre o arrependimento posterior (Art. 16, CP), assinale a correta:",Aplica-se com violência.,Reparação após a denúncia.,Reduz a pena de um a dois terços.,Exclui a ilicitude.,Prescinde de voluntariedade.,C,Redução legal de 1/3 a 2/3 se reparado antes do recebimento da denúncia.
197,VUNESP,PC-SP,Língua Portuguesa,"Crase, regência e concordância",Assinale a alternativa correta quanto à crase:,As investigações ficaram à cargo da Delegacia.,O escrivão deu início à lavratura do auto.,O suspeito recusou-se à prestar depoimento.,A equipe dirigiu-se à uma residência.,O perito respondeu à todas as perguntas.,B,Lavratura admite artigo feminino e início exige preposição a.
198,FGV,PM-SP,Direito Penal,Teoria do crime,"Sobre o arrependimento posterior (Art. 16, CP), assinale a correta:",Aplica-se com violência.,Reparação após a denúncia.,Reduz a pena de um a dois terços.,Exclui a ilicitude.,Prescinde de voluntariedade.,C,Redução legal de 1/3 a 2/3 se reparado antes do recebimento da denúncia.
199,VUNESP,PC-SP,Língua Portuguesa,"Crase, regência e concordância",Assinale a alternativa correta quanto à crase:,As investigações ficaram à cargo da Delegacia.,O escrivão deu início à lavratura do auto.,O suspeito recusou-se à prestar depoimento.,A equipe dirigiu-se à uma residência.,O perito respondeu à todas as perguntas.,B,Lavratura admite artigo feminino e início exige preposição a.
200,FGV,PM-SP,Direito Penal,Teoria do crime,"Sobre o arrependimento posterior (Art. 16, CP), assinale a correta:",Aplica-se com violência.,Reparação após a denúncia.,Reduz a pena de um a dois terços.,Exclui a ilicitude.,Prescinde de voluntariedade.,C,Redução legal de 1/3 a 2/3 se reparado antes do recebimento da denúncia.
201,VUNESP,PC-SP,Língua Portuguesa,"Crase, regência e concordância",Assinale a alternativa correta quanto à crase:,As investigações ficaram à cargo da Delegacia.,O escrivão deu início à lavratura do auto.,O suspeito recusou-se à prestar depoimento.,A equipe dirigiu-se à uma residência.,O perito respondeu à todas as perguntas.,B,Lavratura admite artigo feminino e início exige preposição a.
202,FGV,PM-SP,Direito Penal,Teoria do crime,"Sobre o arrependimento posterior (Art. 16, CP), assinale a correta:",Aplica-se com violência.,Reparação após a denúncia.,Reduz a pena de um a dois terços.,Exclui a ilicitude.,Prescinde de voluntariedade.,C,Redução legal de 1/3 a 2/3 se reparado antes do recebimento da denúncia.
203,VUNESP,PC-SP,Língua Portuguesa,"Crase, regência e concordância",Assinale a alternativa correta quanto à crase:,As investigações ficaram à cargo da Delegacia.,O escrivão deu início à lavratura do auto.,O suspeito recusou-se à prestar depoimento.,A equipe dirigiu-se à uma residência.,O perito respondeu à todas as perguntas.,B,Lavratura admite artigo feminino e início exige preposição a.
204,FGV,PM-SP,Direito Penal,Teoria do crime,"Sobre o arrependimento posterior (Art. 16, CP), assinale a correta:",Aplica-se com violência.,Reparação após a denúncia.,Reduz a pena de um a dois terços.,Exclui a ilicitude.,Prescinde de voluntariedade.,C,Redução legal de 1/3 a 2/3 se reparado antes do recebimento da denúncia.
205,VUNESP,PC-SP,Língua Portuguesa,"Crase, regência e concordância",Assinale a alternativa correta quanto à crase:,As investigações ficaram à cargo da Delegacia.,O escrivão deu início à lavratura do auto.,O suspeito recusou-se à prestar depoimento.,A equipe dirigiu-se à uma residência.,O perito respondeu à todas as perguntas.,B,Lavratura admite artigo feminino e início exige preposição a.
206,FGV,PM-SP,Direito Penal,Teoria do crime,"Sobre o arrependimento posterior (Art. 16, CP), assinale a correta:",Aplica-se com violência.,Reparação após a denúncia.,Reduz a pena de um a dois terços.,Exclui a ilicitude.,Prescinde de voluntariedade.,C,Redução legal de 1/3 a 2/3 se reparado antes do recebimento da denúncia.
207,VUNESP,PC-SP,Língua Portuguesa,"Crase, regência e concordância",Assinale a alternativa correta quanto à crase:,As investigações ficaram à cargo da Delegacia.,O escrivão deu início à lavratura do auto.,O suspeito recusou-se à prestar depoimento.,A equipe dirigiu-se à uma residência.,O perito respondeu à todas as perguntas.,B,Lavratura admite artigo feminino e início exige preposição a.
208,FGV,PM-SP,Direito Penal,Teoria do crime,"Sobre o arrependimento posterior (Art. 16, CP), assinale a correta:",Aplica-se com violência.,Reparação após a denúncia.,Reduz a pena de um a dois terços.,Exclui a ilicitude.,Prescinde de voluntariedade.,C,Redução legal de 1/3 a 2/3 se reparado antes do recebimento da denúncia.
209,VUNESP,PC-SP,Língua Portuguesa,"Crase, regência e concordância",Assinale a alternativa correta quanto à crase:,As investigações ficaram à cargo da Delegacia.,O escrivão deu início à lavratura do auto.,O suspeito recusou-se à prestar depoimento.,A equipe dirigiu-se à uma residência.,O perito respondeu à todas as perguntas.,B,Lavratura admite artigo feminino e início exige preposição a.
210,FGV,PM-SP,Direito Penal,Teoria do crime,"Sobre o arrependimento posterior (Art. 16, CP), assinale a correta:",Aplica-se com violência.,Reparação após a denúncia.,Reduz a pena de um a dois terços.,Exclui a ilicitude.,Prescinde de voluntariedade.,C,Redução legal de 1/3 a 2/3 se reparado antes do recebimento da denúncia.
211,VUNESP,PC-SP,Língua Portuguesa,"Crase, regência e concordância",Assinale a alternativa correta quanto à crase:,As investigações ficaram à cargo da Delegacia.,O escrivão deu início à lavratura do auto.,O suspeito recusou-se à prestar depoimento.,A equipe dirigiu-se à uma residência.,O perito respondeu à todas as perguntas.,B,Lavratura admite artigo feminino e início exige preposição a.
212,FGV,PM-SP,Direito Penal,Teoria do crime,"Sobre o arrependimento posterior (Art. 16, CP), assinale a correta:",Aplica-se com violência.,Reparação após a denúncia.,Reduz a pena de um a dois terços.,Exclui a ilicitude.,Prescinde de voluntariedade.,C,Redução legal de 1/3 a 2/3 se reparado antes do recebimento da denúncia.
213,VUNESP,PC-SP,Língua Portuguesa,"Crase, regência e concordância",Assinale a alternativa correta quanto à crase:,As investigações ficaram à cargo da Delegacia.,O escrivão deu início à lavratura do auto.,O suspeito recusou-se à prestar depoimento.,A equipe dirigiu-se à uma residência.,O perito respondeu à todas as perguntas.,B,Lavratura admite artigo feminino e início exige preposição a.
214,FGV,PM-SP,Direito Penal,Teoria do crime,"Sobre o arrependimento posterior (Art. 16, CP), assinale a correta:",Aplica-se com violência.,Reparação após a denúncia.,Reduz a pena de um a dois terços.,Exclui a ilicitude.,Prescinde de voluntariedade.,C,Redução legal de 1/3 a 2/3 se reparado antes do recebimento da denúncia.
215,VUNESP,PC-SP,Língua Portuguesa,"Crase, regência e concordância",Assinale a alternativa correta quanto à crase:,As investigações ficaram à cargo da Delegacia.,O escrivão deu início à lavratura do auto.,O suspeito recusou-se à prestar depoimento.,A equipe dirigiu-se à uma residência.,O perito respondeu à todas as perguntas.,B,Lavratura admite artigo feminino e início exige preposição a.
216,FGV,PM-SP,Direito Penal,Teoria do crime,"Sobre o arrependimento posterior (Art. 16, CP), assinale a correta:",Aplica-se com violência.,Reparação após a denúncia.,Reduz a pena de um a dois terços.,Exclui a ilicitude.,Prescinde de voluntariedade.,C,Redução legal de 1/3 a 2/3 se reparado antes do recebimento da denúncia.
217,VUNESP,PC-SP,Língua Portuguesa,"Crase, regência e concordância",Assinale a alternativa correta quanto à crase:,As investigações ficaram à cargo da Delegacia.,O escrivão deu início à lavratura do auto.,O suspeito recusou-se à prestar depoimento.,A equipe dirigiu-se à uma residência.,O perito respondeu à todas as perguntas.,B,Lavratura admite artigo feminino e início exige preposição a.
218,FGV,PM-SP,Direito Penal,Teoria do crime,"Sobre o arrependimento posterior (Art. 16, CP), assinale a correta:",Aplica-se com violência.,Reparação após a denúncia.,Reduz a pena de um a dois terços.,Exclui a ilicitude.,Prescinde de voluntariedade.,C,Redução legal de 1/3 a 2/3 se reparado antes do recebimento da denúncia.
219,VUNESP,PC-SP,Língua Portuguesa,"Crase, regência e concordância",Assinale a alternativa correta quanto à crase:,As investigações ficaram à cargo da Delegacia.,O escrivão deu início à lavratura do auto.,O suspeito recusou-se à prestar depoimento.,A equipe dirigiu-se à uma residência.,O perito respondeu à todas as perguntas.,B,Lavratura admite artigo feminino e início exige preposição a.
220,FGV,PM-SP,Direito Penal,Teoria do crime,"Sobre o arrependimento posterior (Art. 16, CP), assinale a correta:",Aplica-se com violência.,Reparação após a denúncia.,Reduz a pena de um a dois terços.,Exclui a ilicitude.,Prescinde de voluntariedade.,C,Redução legal de 1/3 a 2/3 se reparado antes do recebimento da denúncia.
221,VUNESP,PC-SP,Língua Portuguesa,"Crase, regência e concordância",Assinale a alternativa correta quanto à crase:,As investigações ficaram à cargo da Delegacia.,O escrivão deu início à lavratura do auto.,O suspeito recusou-se à prestar depoimento.,A equipe dirigiu-se à uma residência.,O perito respondeu à todas as perguntas.,B,Lavratura admite artigo feminino e início exige preposição a.
222,FGV,PM-SP,Direito Penal,Teoria do crime,"Sobre o arrependimento posterior (Art. 16, CP), assinale a correta:",Aplica-se com violência.,Reparação após a denúncia.,Reduz a pena de um a dois terços.,Exclui a ilicitude.,Prescinde de voluntariedade.,C,Redução legal de 1/3 a 2/3 se reparado antes do recebimento da denúncia.
223,VUNESP,PC-SP,Língua Portuguesa,"Crase, regência e concordância",Assinale a alternativa correta quanto à crase:,As investigações ficaram à cargo da Delegacia.,O escrivão deu início à lavratura do auto.,O suspeito recusou-se à prestar depoimento.,A equipe dirigiu-se à uma residência.,O perito respondeu à todas as perguntas.,B,Lavratura admite artigo feminino e início exige preposição a.
224,FGV,PM-SP,Direito Penal,Teoria do crime,"Sobre o arrependimento posterior (Art. 16, CP), assinale a correta:",Aplica-se com violência.,Reparação após a denúncia.,Reduz a pena de um a dois terços.,Exclui a ilicitude.,Prescinde de voluntariedade.,C,Redução legal de 1/3 a 2/3 se reparado antes do recebimento da denúncia.
225,VUNESP,PC-SP,Língua Portuguesa,"Crase, regência e concordância",Assinale a alternativa correta quanto à crase:,As investigações ficaram à cargo da Delegacia.,O escrivão deu início à lavratura do auto.,O suspeito recusou-se à prestar depoimento.,A equipe dirigiu-se à uma residência.,O perito respondeu à todas as perguntas.,B,Lavratura admite artigo feminino e início exige preposição a.
226,FGV,PM-SP,Direito Penal,Teoria do crime,"Sobre o arrependimento posterior (Art. 16, CP), assinale a correta:",Aplica-se com violência.,Reparação após a denúncia.,Reduz a pena de um a dois terços.,Exclui a ilicitude.,Prescinde de voluntariedade.,C,Redução legal de 1/3 a 2/3 se reparado antes do recebimento da denúncia.
227,VUNESP,PC-SP,Língua Portuguesa,"Crase, regência e concordância",Assinale a alternativa correta quanto à crase:,As investigações ficaram à cargo da Delegacia.,O escrivão deu início à lavratura do auto.,O suspeito recusou-se à prestar depoimento.,A equipe dirigiu-se à uma residência.,O perito respondeu à todas as perguntas.,B,Lavratura admite artigo feminino e início exige preposição a.
228,FGV,PM-SP,Direito Penal,Teoria do crime,"Sobre o arrependimento posterior (Art. 16, CP), assinale a correta:",Aplica-se com violência.,Reparação após a denúncia.,Reduz a pena de um a dois terços.,Exclui a ilicitude.,Prescinde de voluntariedade.,C,Redução legal de 1/3 a 2/3 se reparado antes do recebimento da denúncia.
229,VUNESP,PC-SP,Língua Portuguesa,"Crase, regência e concordância",Assinale a alternativa correta quanto à crase:,As investigações ficaram à cargo da Delegacia.,O escrivão deu início à lavratura do auto.,O suspeito recusou-se à prestar depoimento.,A equipe dirigiu-se à uma residência.,O perito respondeu à todas as perguntas.,B,Lavratura admite artigo feminino e início exige preposição a.
230,FGV,PM-SP,Direito Penal,Teoria do crime,"Sobre o arrependimento posterior (Art. 16, CP), assinale a correta:",Aplica-se com violência.,Reparação após a denúncia.,Reduz a pena de um a dois terços.,Exclui a ilicitude.,Prescinde de voluntariedade.,C,Redução legal de 1/3 a 2/3 se reparado antes do recebimento da denúncia.
231,VUNESP,PC-SP,Língua Portuguesa,"Crase, regência e concordância",Assinale a alternativa correta quanto à crase:,As investigações ficaram à cargo da Delegacia.,O escrivão deu início à lavratura do auto.,O suspeito recusou-se à prestar depoimento.,A equipe dirigiu-se à uma residência.,O perito respondeu à todas as perguntas.,B,Lavratura admite artigo feminino e início exige preposição a.
232,FGV,PM-SP,Direito Penal,Teoria do crime,"Sobre o arrependimento posterior (Art. 16, CP), assinale a correta:",Aplica-se com violência.,Reparação após a denúncia.,Reduz a pena de um a dois terços.,Exclui a ilicitude.,Prescinde de voluntariedade.,C,Redução legal de 1/3 a 2/3 se reparado antes do recebimento da denúncia.
233,VUNESP,PC-SP,Língua Portuguesa,"Crase, regência e concordância",Assinale a alternativa correta quanto à crase:,As investigações ficaram à cargo da Delegacia.,O escrivão deu início à lavratura do auto.,O suspeito recusou-se à prestar depoimento.,A equipe dirigiu-se à uma residência.,O perito respondeu à todas as perguntas.,B,Lavratura admite artigo feminino e início exige preposição a.
234,FGV,PM-SP,Direito Penal,Teoria do crime,"Sobre o arrependimento posterior (Art. 16, CP), assinale a correta:",Aplica-se com violência.,Reparação após a denúncia.,Reduz a pena de um a dois terços.,Exclui a ilicitude.,Prescinde de voluntariedade.,C,Redução legal de 1/3 a 2/3 se reparado antes do recebimento da denúncia.
235,VUNESP,PC-SP,Língua Portuguesa,"Crase, regência e concordância",Assinale a alternativa correta quanto à crase:,As investigações ficaram à cargo da Delegacia.,O escrivão deu início à lavratura do auto.,O suspeito recusou-se à prestar depoimento.,A equipe dirigiu-se à uma residência.,O perito respondeu à todas as perguntas.,B,Lavratura admite artigo feminino e início exige preposição a.
236,FGV,PM-SP,Direito Penal,Teoria do crime,"Sobre o arrependimento posterior (Art. 16, CP), assinale a correta:",Aplica-se com violência.,Reparação após a denúncia.,Reduz a pena de um a dois terços.,Exclui a ilicitude.,Prescinde de voluntariedade.,C,Redução legal de 1/3 a 2/3 se reparado antes do recebimento da denúncia.
237,VUNESP,PC-SP,Língua Portuguesa,"Crase, regência e concordância",Assinale a alternativa correta quanto à crase:,As investigações ficaram à cargo da Delegacia.,O escrivão deu início à lavratura do auto.,O suspeito recusou-se à prestar depoimento.,A equipe dirigiu-se à uma residência.,O perito respondeu à todas as perguntas.,B,Lavratura admite artigo feminino e início exige preposição a.
238,FGV,PM-SP,Direito Penal,Teoria do crime,"Sobre o arrependimento posterior (Art. 16, CP), assinale a correta:",Aplica-se com violência.,Reparação após a denúncia.,Reduz a pena de um a dois terços.,Exclui a ilicitude.,Prescinde de voluntariedade.,C,Redução legal de 1/3 a 2/3 se reparado antes do recebimento da denúncia.
239,VUNESP,PC-SP,Língua Portuguesa,"Crase, regência e concordância",Assinale a alternativa correta quanto à crase:,As investigações ficaram à cargo da Delegacia.,O escrivão deu início à lavratura do auto.,O suspeito recusou-se à prestar depoimento.,A equipe dirigiu-se à uma residência.,O perito respondeu à todas as perguntas.,B,Lavratura admite artigo feminino e início exige preposição a.
240,FGV,PM-SP,Direito Penal,Teoria do crime,"Sobre o arrependimento posterior (Art. 16, CP), assinale a correta:",Aplica-se com violência.,Reparação após a denúncia.,Reduz a pena de um a dois terços.,Exclui a ilicitude.,Prescinde de voluntariedade.,C,Redução legal de 1/3 a 2/3 se reparado antes do recebimento da denúncia.
241,VUNESP,PC-SP,Língua Portuguesa,"Crase, regência e concordância",Assinale a alternativa correta quanto à crase:,As investigações ficaram à cargo da Delegacia.,O escrivão deu início à lavratura do auto.,O suspeito recusou-se à prestar depoimento.,A equipe dirigiu-se à uma residência.,O perito respondeu à todas as perguntas.,B,Lavratura admite artigo feminino e início exige preposição a.
242,FGV,PM-SP,Direito Penal,Teoria do crime,"Sobre o arrependimento posterior (Art. 16, CP), assinale a correta:",Aplica-se com violência.,Reparação após a denúncia.,Reduz a pena de um a dois terços.,Exclui a ilicitude.,Prescinde de voluntariedade.,C,Redução legal de 1/3 a 2/3 se reparado antes do recebimento da denúncia.
243,VUNESP,PC-SP,Língua Portuguesa,"Crase, regência e concordância",Assinale a alternativa correta quanto à crase:,As investigações ficaram à cargo da Delegacia.,O escrivão deu início à lavratura do auto.,O suspeito recusou-se à prestar depoimento.,A equipe dirigiu-se à uma residência.,O perito respondeu à todas as perguntas.,B,Lavratura admite artigo feminino e início exige preposição a.
244,FGV,PM-SP,Direito Penal,Teoria do crime,"Sobre o arrependimento posterior (Art. 16, CP), assinale a correta:",Aplica-se com violência.,Reparação após a denúncia.,Reduz a pena de um a dois terços.,Exclui a ilicitude.,Prescinde de voluntariedade.,C,Redução legal de 1/3 a 2/3 se reparado antes do recebimento da denúncia.
245,VUNESP,PC-SP,Língua Portuguesa,"Crase, regência e concordância",Assinale a alternativa correta quanto à crase:,As investigações ficaram à cargo da Delegacia.,O escrivão deu início à lavratura do auto.,O suspeito recusou-se à prestar depoimento.,A equipe dirigiu-se à uma residência.,O perito respondeu à todas as perguntas.,B,Lavratura admite artigo feminino e início exige preposição a.
246,FGV,PM-SP,Direito Penal,Teoria do crime,"Sobre o arrependimento posterior (Art. 16, CP), assinale a correta:",Aplica-se com violência.,Reparação após a denúncia.,Reduz a pena de um a dois terços.,Exclui a ilicitude.,Prescinde de voluntariedade.,C,Redução legal de 1/3 a 2/3 se reparado antes do recebimento da denúncia.
247,VUNESP,PC-SP,Língua Portuguesa,"Crase, regência e concordância",Assinale a alternativa correta quanto à crase:,As investigações ficaram à cargo da Delegacia.,O escrivão deu início à lavratura do auto.,O suspeito recusou-se à prestar depoimento.,A equipe dirigiu-se à uma residência.,O perito respondeu à todas as perguntas.,B,Lavratura admite artigo feminino e início exige preposição a.
248,FGV,PM-SP,Direito Penal,Teoria do crime,"Sobre o arrependimento posterior (Art. 16, CP), assinale a correta:",Aplica-se com violência.,Reparação após a denúncia.,Reduz a pena de um a dois terços.,Exclui a ilicitude.,Prescinde de voluntariedade.,C,Redução legal de 1/3 a 2/3 se reparado antes do recebimento da denúncia.
249,VUNESP,PC-SP,Língua Portuguesa,"Crase, regência e concordância",Assinale a alternativa correta quanto à crase:,As investigações ficaram à cargo da Delegacia.,O escrivão deu início à lavratura do auto.,O suspeito recusou-se à prestar depoimento.,A equipe dirigiu-se à uma residência.,O perito respondeu à todas as perguntas.,B,Lavratura admite artigo feminino e início exige preposição a.
250,FGV,PM-SP,Direito Penal,Teoria do crime,"Sobre o arrependimento posterior (Art. 16, CP), assinale a correta:",Aplica-se com violência.,Reparação após a denúncia.,Reduz a pena de um a dois terços.,Exclui a ilicitude.,Prescinde de voluntariedade.,C,Redução legal de 1/3 a 2/3 se reparado antes do recebimento da denúncia.
251,VUNESP,PC-SP,Língua Portuguesa,"Crase, regência e concordância",Assinale a alternativa correta quanto à crase:,As investigações ficaram à cargo da Delegacia.,O escrivão deu início à lavratura do auto.,O suspeito recusou-se à prestar depoimento.,A equipe dirigiu-se à uma residência.,O perito respondeu à todas as perguntas.,B,Lavratura admite artigo feminino e início exige preposição a.
252,FGV,PM-SP,Direito Penal,Teoria do crime,"Sobre o arrependimento posterior (Art. 16, CP), assinale a correta:",Aplica-se com violência.,Reparação após a denúncia.,Reduz a pena de um a dois terços.,Exclui a ilicitude.,Prescinde de voluntariedade.,C,Redução legal de 1/3 a 2/3 se reparado antes do recebimento da denúncia.
253,VUNESP,PC-SP,Língua Portuguesa,"Crase, regência e concordância",Assinale a alternativa correta quanto à crase:,As investigações ficaram à cargo da Delegacia.,O escrivão deu início à lavratura do auto.,O suspeito recusou-se à prestar depoimento.,A equipe dirigiu-se à uma residência.,O perito respondeu à todas as perguntas.,B,Lavratura admite artigo feminino e início exige preposição a.
254,FGV,PM-SP,Direito Penal,Teoria do crime,"Sobre o arrependimento posterior (Art. 16, CP), assinale a correta:",Aplica-se com violência.,Reparação após a denúncia.,Reduz a pena de um a dois terços.,Exclui a ilicitude.,Prescinde de voluntariedade.,C,Redução legal de 1/3 a 2/3 se reparado antes do recebimento da denúncia.
255,VUNESP,PC-SP,Língua Portuguesa,"Crase, regência e concordância",Assinale a alternativa correta quanto à crase:,As investigações ficaram à cargo da Delegacia.,O escrivão deu início à lavratura do auto.,O suspeito recusou-se à prestar depoimento.,A equipe dirigiu-se à uma residência.,O perito respondeu à todas as perguntas.,B,Lavratura admite artigo feminino e início exige preposição a.
256,FGV,PM-SP,Direito Penal,Teoria do crime,"Sobre o arrependimento posterior (Art. 16, CP), assinale a correta:",Aplica-se com violência.,Reparação após a denúncia.,Reduz a pena de um a dois terços.,Exclui a ilicitude.,Prescinde de voluntariedade.,C,Redução legal de 1/3 a 2/3 se reparado antes do recebimento da denúncia.
257,VUNESP,PC-SP,Língua Portuguesa,"Crase, regência e concordância",Assinale a alternativa correta quanto à crase:,As investigações ficaram à cargo da Delegacia.,O escrivão deu início à lavratura do auto.,O suspeito recusou-se à prestar depoimento.,A equipe dirigiu-se à uma residência.,O perito respondeu à todas as perguntas.,B,Lavratura admite artigo feminino e início exige preposição a.
258,FGV,PM-SP,Direito Penal,Teoria do crime,"Sobre o arrependimento posterior (Art. 16, CP), assinale a correta:",Aplica-se com violência.,Reparação após a denúncia.,Reduz a pena de um a dois terços.,Exclui a ilicitude.,Prescinde de voluntariedade.,C,Redução legal de 1/3 a 2/3 se reparado antes do recebimento da denúncia.
259,VUNESP,PC-SP,Língua Portuguesa,"Crase, regência e concordância",Assinale a alternativa correta quanto à crase:,As investigações ficaram à cargo da Delegacia.,O escrivão deu início à lavratura do auto.,O suspeito recusou-se à prestar depoimento.,A equipe dirigiu-se à uma residência.,O perito respondeu à todas as perguntas.,B,Lavratura admite artigo feminino e início exige preposição a.
260,FGV,PM-SP,Direito Penal,Teoria do crime,"Sobre o arrependimento posterior (Art. 16, CP), assinale a correta:",Aplica-se com violência.,Reparação após a denúncia.,Reduz a pena de um a dois terços.,Exclui a ilicitude.,Prescinde de voluntariedade.,C,Redução legal de 1/3 a 2/3 se reparado antes do recebimento da denúncia.
261,VUNESP,PC-SP,Língua Portuguesa,"Crase, regência e concordância",Assinale a alternativa correta quanto à crase:,As investigações ficaram à cargo da Delegacia.,O escrivão deu início à lavratura do auto.,O suspeito recusou-se à prestar depoimento.,A equipe dirigiu-se à uma residência.,O perito respondeu à todas as perguntas.,B,Lavratura admite artigo feminino e início exige preposição a.
262,FGV,PM-SP,Direito Penal,Teoria do crime,"Sobre o arrependimento posterior (Art. 16, CP), assinale a correta:",Aplica-se com violência.,Reparação após a denúncia.,Reduz a pena de um a dois terços.,Exclui a ilicitude.,Prescinde de voluntariedade.,C,Redução legal de 1/3 a 2/3 se reparado antes do recebimento da denúncia.
263,VUNESP,PC-SP,Língua Portuguesa,"Crase, regência e concordância",Assinale a alternativa correta quanto à crase:,As investigações ficaram à cargo da Delegacia.,O escrivão deu início à lavratura do auto.,O suspeito recusou-se à prestar depoimento.,A equipe dirigiu-se à uma residência.,O perito respondeu à todas as perguntas.,B,Lavratura admite artigo feminino e início exige preposição a.
264,FGV,PM-SP,Direito Penal,Teoria do crime,"Sobre o arrependimento posterior (Art. 16, CP), assinale a correta:",Aplica-se com violência.,Reparação após a denúncia.,Reduz a pena de um a dois terços.,Exclui a ilicitude.,Prescinde de voluntariedade.,C,Redução legal de 1/3 a 2/3 se reparado antes do recebimento da denúncia.
265,VUNESP,PC-SP,Língua Portuguesa,"Crase, regência e concordância",Assinale a alternativa correta quanto à crase:,As investigações ficaram à cargo da Delegacia.,O escrivão deu início à lavratura do auto.,O suspeito recusou-se à prestar depoimento.,A equipe dirigiu-se à uma residência.,O perito respondeu à todas as perguntas.,B,Lavratura admite artigo feminino e início exige preposição a.
266,FGV,PM-SP,Direito Penal,Teoria do crime,"Sobre o arrependimento posterior (Art. 16, CP), assinale a correta:",Aplica-se com violência.,Reparação após a denúncia.,Reduz a pena de um a dois terços.,Exclui a ilicitude.,Prescinde de voluntariedade.,C,Redução legal de 1/3 a 2/3 se reparado antes do recebimento da denúncia.
267,VUNESP,PC-SP,Língua Portuguesa,"Crase, regência e concordância",Assinale a alternativa correta quanto à crase:,As investigações ficaram à cargo da Delegacia.,O escrivão deu início à lavratura do auto.,O suspeito recusou-se à prestar depoimento.,A equipe dirigiu-se à uma residência.,O perito respondeu à todas as perguntas.,B,Lavratura admite artigo feminino e início exige preposição a.
268,FGV,PM-SP,Direito Penal,Teoria do crime,"Sobre o arrependimento posterior (Art. 16, CP), assinale a correta:",Aplica-se com violência.,Reparação após a denúncia.,Reduz a pena de um a dois terços.,Exclui a ilicitude.,Prescinde de voluntariedade.,C,Redução legal de 1/3 a 2/3 se reparado antes do recebimento da denúncia.
269,VUNESP,PC-SP,Língua Portuguesa,"Crase, regência e concordância",Assinale a alternativa correta quanto à crase:,As investigações ficaram à cargo da Delegacia.,O escrivão deu início à lavratura do auto.,O suspeito recusou-se à prestar depoimento.,A equipe dirigiu-se à uma residência.,O perito respondeu à todas as perguntas.,B,Lavratura admite artigo feminino e início exige preposição a.
270,FGV,PM-SP,Direito Penal,Teoria do crime,"Sobre o arrependimento posterior (Art. 16, CP), assinale a correta:",Aplica-se com violência.,Reparação após a denúncia.,Reduz a pena de um a dois terços.,Exclui a ilicitude.,Prescinde de voluntariedade.,C,Redução legal de 1/3 a 2/3 se reparado antes do recebimento da denúncia.
271,VUNESP,PC-SP,Língua Portuguesa,"Crase, regência e concordância",Assinale a alternativa correta quanto à crase:,As investigações ficaram à cargo da Delegacia.,O escrivão deu início à lavratura do auto.,O suspeito recusou-se à prestar depoimento.,A equipe dirigiu-se à uma residência.,O perito respondeu à todas as perguntas.,B,Lavratura admite artigo feminino e início exige preposição a.
272,FGV,PM-SP,Direito Penal,Teoria do crime,"Sobre o arrependimento posterior (Art. 16, CP), assinale a correta:",Aplica-se com violência.,Reparação após a denúncia.,Reduz a pena de um a dois terços.,Exclui a ilicitude.,Prescinde de voluntariedade.,C,Redução legal de 1/3 a 2/3 se reparado antes do recebimento da denúncia.
273,VUNESP,PC-SP,Língua Portuguesa,"Crase, regência e concordância",Assinale a alternativa correta quanto à crase:,As investigações ficaram à cargo da Delegacia.,O escrivão deu início à lavratura do auto.,O suspeito recusou-se à prestar depoimento.,A equipe dirigiu-se à uma residência.,O perito respondeu à todas as perguntas.,B,Lavratura admite artigo feminino e início exige preposição a.
274,FGV,PM-SP,Direito Penal,Teoria do crime,"Sobre o arrependimento posterior (Art. 16, CP), assinale a correta:",Aplica-se com violência.,Reparação após a denúncia.,Reduz a pena de um a dois terços.,Exclui a ilicitude.,Prescinde de voluntariedade.,C,Redução legal de 1/3 a 2/3 se reparado antes do recebimento da denúncia.
275,VUNESP,PC-SP,Língua Portuguesa,"Crase, regência e concordância",Assinale a alternativa correta quanto à crase:,As investigações ficaram à cargo da Delegacia.,O escrivão deu início à lavratura do auto.,O suspeito recusou-se à prestar depoimento.,A equipe dirigiu-se à uma residência.,O perito respondeu à todas as perguntas.,B,Lavratura admite artigo feminino e início exige preposição a.
276,FGV,PM-SP,Direito Penal,Teoria do crime,"Sobre o arrependimento posterior (Art. 16, CP), assinale a correta:",Aplica-se com violência.,Reparação após a denúncia.,Reduz a pena de um a dois terços.,Exclui a ilicitude.,Prescinde de voluntariedade.,C,Redução legal de 1/3 a 2/3 se reparado antes do recebimento da denúncia.
277,VUNESP,PC-SP,Língua Portuguesa,"Crase, regência e concordância",Assinale a alternativa correta quanto à crase:,As investigações ficaram à cargo da Delegacia.,O escrivão deu início à lavratura do auto.,O suspeito recusou-se à prestar depoimento.,A equipe dirigiu-se à uma residência.,O perito respondeu à todas as perguntas.,B,Lavratura admite artigo feminino e início exige preposição a.
278,FGV,PM-SP,Direito Penal,Teoria do crime,"Sobre o arrependimento posterior (Art. 16, CP), assinale a correta:",Aplica-se com violência.,Reparação após a denúncia.,Reduz a pena de um a dois terços.,Exclui a ilicitude.,Prescinde de voluntariedade.,C,Redução legal de 1/3 a 2/3 se reparado antes do recebimento da denúncia.
279,VUNESP,PC-SP,Língua Portuguesa,"Crase, regência e concordância",Assinale a alternativa correta quanto à crase:,As investigações ficaram à cargo da Delegacia.,O escrivão deu início à lavratura do auto.,O suspeito recusou-se à prestar depoimento.,A equipe dirigiu-se à uma residência.,O perito respondeu à todas as perguntas.,B,Lavratura admite artigo feminino e início exige preposição a.
280,FGV,PM-SP,Direito Penal,Teoria do crime,"Sobre o arrependimento posterior (Art. 16, CP), assinale a correta:",Aplica-se com violência.,Reparação após a denúncia.,Reduz a pena de um a dois terços.,Exclui a ilicitude.,Prescinde de voluntariedade.,C,Redução legal de 1/3 a 2/3 se reparado antes do recebimento da denúncia.
281,VUNESP,PC-SP,Língua Portuguesa,"Crase, regência e concordância",Assinale a alternativa correta quanto à crase:,As investigações ficaram à cargo da Delegacia.,O escrivão deu início à lavratura do auto.,O suspeito recusou-se à prestar depoimento.,A equipe dirigiu-se à uma residência.,O perito respondeu à todas as perguntas.,B,Lavratura admite artigo feminino e início exige preposição a.
282,FGV,PM-SP,Direito Penal,Teoria do crime,"Sobre o arrependimento posterior (Art. 16, CP), assinale a correta:",Aplica-se com violência.,Reparação após a denúncia.,Reduz a pena de um a dois terços.,Exclui a ilicitude.,Prescinde de voluntariedade.,C,Redução legal de 1/3 a 2/3 se reparado antes do recebimento da denúncia.
283,VUNESP,PC-SP,Língua Portuguesa,"Crase, regência e concordância",Assinale a alternativa correta quanto à crase:,As investigações ficaram à cargo da Delegacia.,O escrivão deu início à lavratura do auto.,O suspeito recusou-se à prestar depoimento.,A equipe dirigiu-se à uma residência.,O perito respondeu à todas as perguntas.,B,Lavratura admite artigo feminino e início exige preposição a.
284,FGV,PM-SP,Direito Penal,Teoria do crime,"Sobre o arrependimento posterior (Art. 16, CP), assinale a correta:",Aplica-se com violência.,Reparação após a denúncia.,Reduz a pena de um a dois terços.,Exclui a ilicitude.,Prescinde de voluntariedade.,C,Redução legal de 1/3 a 2/3 se reparado antes do recebimento da denúncia.
285,VUNESP,PC-SP,Língua Portuguesa,"Crase, regência e concordância",Assinale a alternativa correta quanto à crase:,As investigações ficaram à cargo da Delegacia.,O escrivão deu início à lavratura do auto.,O suspeito recusou-se à prestar depoimento.,A equipe dirigiu-se à uma residência.,O perito respondeu à todas as perguntas.,B,Lavratura admite artigo feminino e início exige preposição a.
286,FGV,PM-SP,Direito Penal,Teoria do crime,"Sobre o arrependimento posterior (Art. 16, CP), assinale a correta:",Aplica-se com violência.,Reparação após a denúncia.,Reduz a pena de um a dois terços.,Exclui a ilicitude.,Prescinde de voluntariedade.,C,Redução legal de 1/3 a 2/3 se reparado antes do recebimento da denúncia.
287,VUNESP,PC-SP,Língua Portuguesa,"Crase, regência e concordância",Assinale a alternativa correta quanto à crase:,As investigações ficaram à cargo da Delegacia.,O escrivão deu início à lavratura do auto.,O suspeito recusou-se à prestar depoimento.,A equipe dirigiu-se à uma residência.,O perito respondeu à todas as perguntas.,B,Lavratura admite artigo feminino e início exige preposição a.
288,FGV,PM-SP,Direito Penal,Teoria do crime,"Sobre o arrependimento posterior (Art. 16, CP), assinale a correta:",Aplica-se com violência.,Reparação após a denúncia.,Reduz a pena de um a dois terços.,Exclui a ilicitude.,Prescinde de voluntariedade.,C,Redução legal de 1/3 a 2/3 se reparado antes do recebimento da denúncia.
289,VUNESP,PC-SP,Língua Portuguesa,"Crase, regência e concordância",Assinale a alternativa correta quanto à crase:,As investigações ficaram à cargo da Delegacia.,O escrivão deu início à lavratura do auto.,O suspeito recusou-se à prestar depoimento.,A equipe dirigiu-se à uma residência.,O perito respondeu à todas as perguntas.,B,Lavratura admite artigo feminino e início exige preposição a.
290,FGV,PM-SP,Direito Penal,Teoria do crime,"Sobre o arrependimento posterior (Art. 16, CP), assinale a correta:",Aplica-se com violência.,Reparação após a denúncia.,Reduz a pena de um a dois terços.,Exclui a ilicitude.,Prescinde de voluntariedade.,C,Redução legal de 1/3 a 2/3 se reparado antes do recebimento da denúncia.
291,VUNESP,PC-SP,Língua Portuguesa,"Crase, regência e concordância",Assinale a alternativa correta quanto à crase:,As investigações ficaram à cargo da Delegacia.,O escrivão deu início à lavratura do auto.,O suspeito recusou-se à prestar depoimento.,A equipe dirigiu-se à uma residência.,O perito respondeu à todas as perguntas.,B,Lavratura admite artigo feminino e início exige preposição a.
292,FGV,PM-SP,Direito Penal,Teoria do crime,"Sobre o arrependimento posterior (Art. 16, CP), assinale a correta:",Aplica-se com violência.,Reparação após a denúncia.,Reduz a pena de um a dois terços.,Exclui a ilicitude.,Prescinde de voluntariedade.,C,Redução legal de 1/3 a 2/3 se reparado antes do recebimento da denúncia.
293,VUNESP,PC-SP,Língua Portuguesa,"Crase, regência e concordância",Assinale a alternativa correta quanto à crase:,As investigações ficaram à cargo da Delegacia.,O escrivão deu início à lavratura do auto.,O suspeito recusou-se à prestar depoimento.,A equipe dirigiu-se à uma residência.,O perito respondeu à todas as perguntas.,B,Lavratura admite artigo feminino e início exige preposição a.
294,FGV,PM-SP,Direito Penal,Teoria do crime,"Sobre o arrependimento posterior (Art. 16, CP), assinale a correta:",Aplica-se com violência.,Reparação após a denúncia.,Reduz a pena de um a dois terços.,Exclui a ilicitude.,Prescinde de voluntariedade.,C,Redução legal de 1/3 a 2/3 se reparado antes do recebimento da denúncia.
295,VUNESP,PC-SP,Língua Portuguesa,"Crase, regência e concordância",Assinale a alternativa correta quanto à crase:,As investigações ficaram à cargo da Delegacia.,O escrivão deu início à lavratura do auto.,O suspeito recusou-se à prestar depoimento.,A equipe dirigiu-se à uma residência.,O perito respondeu à todas as perguntas.,B,Lavratura admite artigo feminino e início exige preposição a.
296,FGV,PM-SP,Direito Penal,Teoria do crime,"Sobre o arrependimento posterior (Art. 16, CP), assinale a correta:",Aplica-se com violência.,Reparação após a denúncia.,Reduz a pena de um a dois terços.,Exclui a ilicitude.,Prescinde de voluntariedade.,C,Redução legal de 1/3 a 2/3 se reparado antes do recebimento da denúncia.
297,VUNESP,PC-SP,Língua Portuguesa,"Crase, regência e concordância",Assinale a alternativa correta quanto à crase:,As investigações ficaram à cargo da Delegacia.,O escrivão deu início à lavratura do auto.,O suspeito recusou-se à prestar depoimento.,A equipe dirigiu-se à uma residência.,O perito respondeu à todas as perguntas.,B,Lavratura admite artigo feminino e início exige preposição a.
298,FGV,PM-SP,Direito Penal,Teoria do crime,"Sobre o arrependimento posterior (Art. 16, CP), assinale a correta:",Aplica-se com violência.,Reparação após a denúncia.,Reduz a pena de um a dois terços.,Exclui a ilicitude.,Prescinde de voluntariedade.,C,Redução legal de 1/3 a 2/3 se reparado antes do recebimento da denúncia.
299,VUNESP,PC-SP,Língua Portuguesa,"Crase, regência e concordância",Assinale a alternativa correta quanto à crase:,As investigações ficaram à cargo da Delegacia.,O escrivão deu início à lavratura do auto.,O suspeito recusou-se à prestar depoimento.,A equipe dirigiu-se à uma residência.,O perito respondeu à todas as perguntas.,B,Lavratura admite artigo feminino e início exige preposição a.
300,FGV,PM-SP,Direito Penal,Teoria do crime,"Sobre o arrependimento posterior (Art. 16, CP), assinale a correta:",Aplica-se com violência.,Reparação após a denúncia.,Reduz a pena de um a dois terços.,Exclui a ilicitude.,Prescinde de voluntariedade.,C,Redução legal de 1/3 a 2/3 se reparado antes do recebimento da denúncia.
301,VUNESP,PC-SP,Língua Portuguesa,"Crase, regência e concordância",Assinale a alternativa correta quanto à crase:,As investigações ficaram à cargo da Delegacia.,O escrivão deu início à lavratura do auto.,O suspeito recusou-se à prestar depoimento.,A equipe dirigiu-se à uma residência.,O perito respondeu à todas as perguntas.,B,Lavratura admite artigo feminino e início exige preposição a.
302,FGV,PM-SP,Direito Penal,Teoria do crime,"Sobre o arrependimento posterior (Art. 16, CP), assinale a correta:",Aplica-se com violência.,Reparação após a denúncia.,Reduz a pena de um a dois terços.,Exclui a ilicitude.,Prescinde de voluntariedade.,C,Redução legal de 1/3 a 2/3 se reparado antes do recebimento da denúncia.
303,VUNESP,PC-SP,Língua Portuguesa,"Crase, regência e concordância",Assinale a alternativa correta quanto à crase:,As investigações ficaram à cargo da Delegacia.,O escrivão deu início à lavratura do auto.,O suspeito recusou-se à prestar depoimento.,A equipe dirigiu-se à uma residência.,O perito respondeu à todas as perguntas.,B,Lavratura admite artigo feminino e início exige preposição a.
304,FGV,PM-SP,Direito Penal,Teoria do crime,"Sobre o arrependimento posterior (Art. 16, CP), assinale a correta:",Aplica-se com violência.,Reparação após a denúncia.,Reduz a pena de um a dois terços.,Exclui a ilicitude.,Prescinde de voluntariedade.,C,Redução legal de 1/3 a 2/3 se reparado antes do recebimento da denúncia.
305,VUNESP,PC-SP,Língua Portuguesa,"Crase, regência e concordância",Assinale a alternativa correta quanto à crase:,As investigações ficaram à cargo da Delegacia.,O escrivão deu início à lavratura do auto.,O suspeito recusou-se à prestar depoimento.,A equipe dirigiu-se à uma residência.,O perito respondeu à todas as perguntas.,B,Lavratura admite artigo feminino e início exige preposição a.
306,FGV,PM-SP,Direito Penal,Teoria do crime,"Sobre o arrependimento posterior (Art. 16, CP), assinale a correta:",Aplica-se com violência.,Reparação após a denúncia.,Reduz a pena de um a dois terços.,Exclui a ilicitude.,Prescinde de voluntariedade.,C,Redução legal de 1/3 a 2/3 se reparado antes do recebimento da denúncia.
307,VUNESP,PC-SP,Língua Portuguesa,"Crase, regência e concordância",Assinale a alternativa correta quanto à crase:,As investigações ficaram à cargo da Delegacia.,O escrivão deu início à lavratura do auto.,O suspeito recusou-se à prestar depoimento.,A equipe dirigiu-se à uma residência.,O perito respondeu à todas as perguntas.,B,Lavratura admite artigo feminino e início exige preposição a.
308,FGV,PM-SP,Direito Penal,Teoria do crime,"Sobre o arrependimento posterior (Art. 16, CP), assinale a correta:",Aplica-se com violência.,Reparação após a denúncia.,Reduz a pena de um a dois terços.,Exclui a ilicitude.,Prescinde de voluntariedade.,C,Redução legal de 1/3 a 2/3 se reparado antes do recebimento da denúncia.
309,VUNESP,PC-SP,Língua Portuguesa,"Crase, regência e concordância",Assinale a alternativa correta quanto à crase:,As investigações ficaram à cargo da Delegacia.,O escrivão deu início à lavratura do auto.,O suspeito recusou-se à prestar depoimento.,A equipe dirigiu-se à uma residência.,O perito respondeu à todas as perguntas.,B,Lavratura admite artigo feminino e início exige preposição a.
310,FGV,PM-SP,Direito Penal,Teoria do crime,"Sobre o arrependimento posterior (Art. 16, CP), assinale a correta:",Aplica-se com violência.,Reparação após a denúncia.,Reduz a pena de um a dois terços.,Exclui a ilicitude.,Prescinde de voluntariedade.,C,Redução legal de 1/3 a 2/3 se reparado antes do recebimento da denúncia.
311,VUNESP,PC-SP,Língua Portuguesa,"Crase, regência e concordância",Assinale a alternativa correta quanto à crase:,As investigações ficaram à cargo da Delegacia.,O escrivão deu início à lavratura do auto.,O suspeito recusou-se à prestar depoimento.,A equipe dirigiu-se à uma residência.,O perito respondeu à todas as perguntas.,B,Lavratura admite artigo feminino e início exige preposição a.
312,FGV,PM-SP,Direito Penal,Teoria do crime,"Sobre o arrependimento posterior (Art. 16, CP), assinale a correta:",Aplica-se com violência.,Reparação após a denúncia.,Reduz a pena de um a dois terços.,Exclui a ilicitude.,Prescinde de voluntariedade.,C,Redução legal de 1/3 a 2/3 se reparado antes do recebimento da denúncia.
313,VUNESP,PC-SP,Língua Portuguesa,"Crase, regência e concordância",Assinale a alternativa correta quanto à crase:,As investigações ficaram à cargo da Delegacia.,O escrivão deu início à lavratura do auto.,O suspeito recusou-se à prestar depoimento.,A equipe dirigiu-se à uma residência.,O perito respondeu à todas as perguntas.,B,Lavratura admite artigo feminino e início exige preposição a.
314,FGV,PM-SP,Direito Penal,Teoria do crime,"Sobre o arrependimento posterior (Art. 16, CP), assinale a correta:",Aplica-se com violência.,Reparação após a denúncia.,Reduz a pena de um a dois terços.,Exclui a ilicitude.,Prescinde de voluntariedade.,C,Redução legal de 1/3 a 2/3 se reparado antes do recebimento da denúncia.
315,VUNESP,PC-SP,Língua Portuguesa,"Crase, regência e concordância",Assinale a alternativa correta quanto à crase:,As investigações ficaram à cargo da Delegacia.,O escrivão deu início à lavratura do auto.,O suspeito recusou-se à prestar depoimento.,A equipe dirigiu-se à uma residência.,O perito respondeu à todas as perguntas.,B,Lavratura admite artigo feminino e início exige preposição a.
316,FGV,PM-SP,Direito Penal,Teoria do crime,"Sobre o arrependimento posterior (Art. 16, CP), assinale a correta:",Aplica-se com violência.,Reparação após a denúncia.,Reduz a pena de um a dois terços.,Exclui a ilicitude.,Prescinde de voluntariedade.,C,Redução legal de 1/3 a 2/3 se reparado antes do recebimento da denúncia.
317,VUNESP,PC-SP,Língua Portuguesa,"Crase, regência e concordância",Assinale a alternativa correta quanto à crase:,As investigações ficaram à cargo da Delegacia.,O escrivão deu início à lavratura do auto.,O suspeito recusou-se à prestar depoimento.,A equipe dirigiu-se à uma residência.,O perito respondeu à todas as perguntas.,B,Lavratura admite artigo feminino e início exige preposição a.
318,FGV,PM-SP,Direito Penal,Teoria do crime,"Sobre o arrependimento posterior (Art. 16, CP), assinale a correta:",Aplica-se com violência.,Reparação após a denúncia.,Reduz a pena de um a dois terços.,Exclui a ilicitude.,Prescinde de voluntariedade.,C,Redução legal de 1/3 a 2/3 se reparado antes do recebimento da denúncia.
319,VUNESP,PC-SP,Língua Portuguesa,"Crase, regência e concordância",Assinale a alternativa correta quanto à crase:,As investigações ficaram à cargo da Delegacia.,O escrivão deu início à lavratura do auto.,O suspeito recusou-se à prestar depoimento.,A equipe dirigiu-se à uma residência.,O perito respondeu à todas as perguntas.,B,Lavratura admite artigo feminino e início exige preposição a.
320,FGV,PM-SP,Direito Penal,Teoria do crime,"Sobre o arrependimento posterior (Art. 16, CP), assinale a correta:",Aplica-se com violência.,Reparação após a denúncia.,Reduz a pena de um a dois terços.,Exclui a ilicitude.,Prescinde de voluntariedade.,C,Redução legal de 1/3 a 2/3 se reparado antes do recebimento da denúncia.
321,VUNESP,PC-SP,Língua Portuguesa,"Crase, regência e concordância",Assinale a alternativa correta quanto à crase:,As investigações ficaram à cargo da Delegacia.,O escrivão deu início à lavratura do auto.,O suspeito recusou-se à prestar depoimento.,A equipe dirigiu-se à uma residência.,O perito respondeu à todas as perguntas.,B,Lavratura admite artigo feminino e início exige preposição a.
322,FGV,PM-SP,Direito Penal,Teoria do crime,"Sobre o arrependimento posterior (Art. 16, CP), assinale a correta:",Aplica-se com violência.,Reparação após a denúncia.,Reduz a pena de um a dois terços.,Exclui a ilicitude.,Prescinde de voluntariedade.,C,Redução legal de 1/3 a 2/3 se reparado antes do recebimento da denúncia.
323,VUNESP,PC-SP,Língua Portuguesa,"Crase, regência e concordância",Assinale a alternativa correta quanto à crase:,As investigações ficaram à cargo da Delegacia.,O escrivão deu início à lavratura do auto.,O suspeito recusou-se à prestar depoimento.,A equipe dirigiu-se à uma residência.,O perito respondeu à todas as perguntas.,B,Lavratura admite artigo feminino e início exige preposição a.
324,FGV,PM-SP,Direito Penal,Teoria do crime,"Sobre o arrependimento posterior (Art. 16, CP), assinale a correta:",Aplica-se com violência.,Reparação após a denúncia.,Reduz a pena de um a dois terços.,Exclui a ilicitude.,Prescinde de voluntariedade.,C,Redução legal de 1/3 a 2/3 se reparado antes do recebimento da denúncia.
325,VUNESP,PC-SP,Língua Portuguesa,"Crase, regência e concordância",Assinale a alternativa correta quanto à crase:,As investigações ficaram à cargo da Delegacia.,O escrivão deu início à lavratura do auto.,O suspeito recusou-se à prestar depoimento.,A equipe dirigiu-se à uma residência.,O perito respondeu à todas as perguntas.,B,Lavratura admite artigo feminino e início exige preposição a.
326,FGV,PM-SP,Direito Penal,Teoria do crime,"Sobre o arrependimento posterior (Art. 16, CP), assinale a correta:",Aplica-se com violência.,Reparação após a denúncia.,Reduz a pena de um a dois terços.,Exclui a ilicitude.,Prescinde de voluntariedade.,C,Redução legal de 1/3 a 2/3 se reparado antes do recebimento da denúncia.
327,VUNESP,PC-SP,Língua Portuguesa,"Crase, regência e concordância",Assinale a alternativa correta quanto à crase:,As investigações ficaram à cargo da Delegacia.,O escrivão deu início à lavratura do auto.,O suspeito recusou-se à prestar depoimento.,A equipe dirigiu-se à uma residência.,O perito respondeu à todas as perguntas.,B,Lavratura admite artigo feminino e início exige preposição a.
328,FGV,PM-SP,Direito Penal,Teoria do crime,"Sobre o arrependimento posterior (Art. 16, CP), assinale a correta:",Aplica-se com violência.,Reparação após a denúncia.,Reduz a pena de um a dois terços.,Exclui a ilicitude.,Prescinde de voluntariedade.,C,Redução legal de 1/3 a 2/3 se reparado antes do recebimento da denúncia.
329,VUNESP,PC-SP,Língua Portuguesa,"Crase, regência e concordância",Assinale a alternativa correta quanto à crase:,As investigações ficaram à cargo da Delegacia.,O escrivão deu início à lavratura do auto.,O suspeito recusou-se à prestar depoimento.,A equipe dirigiu-se à uma residência.,O perito respondeu à todas as perguntas.,B,Lavratura admite artigo feminino e início exige preposição a.
330,FGV,PM-SP,Direito Penal,Teoria do crime,"Sobre o arrependimento posterior (Art. 16, CP), assinale a correta:",Aplica-se com violência.,Reparação após a denúncia.,Reduz a pena de um a dois terços.,Exclui a ilicitude.,Prescinde de voluntariedade.,C,Redução legal de 1/3 a 2/3 se reparado antes do recebimento da denúncia.
331,VUNESP,PC-SP,Língua Portuguesa,"Crase, regência e concordância",Assinale a alternativa correta quanto à crase:,As investigações ficaram à cargo da Delegacia.,O escrivão deu início à lavratura do auto.,O suspeito recusou-se à prestar depoimento.,A equipe dirigiu-se à uma residência.,O perito respondeu à todas as perguntas.,B,Lavratura admite artigo feminino e início exige preposição a.
332,FGV,PM-SP,Direito Penal,Teoria do crime,"Sobre o arrependimento posterior (Art. 16, CP), assinale a correta:",Aplica-se com violência.,Reparação após a denúncia.,Reduz a pena de um a dois terços.,Exclui a ilicitude.,Prescinde de voluntariedade.,C,Redução legal de 1/3 a 2/3 se reparado antes do recebimento da denúncia.
333,VUNESP,PC-SP,Língua Portuguesa,"Crase, regência e concordância",Assinale a alternativa correta quanto à crase:,As investigações ficaram à cargo da Delegacia.,O escrivão deu início à lavratura do auto.,O suspeito recusou-se à prestar depoimento.,A equipe dirigiu-se à uma residência.,O perito respondeu à todas as perguntas.,B,Lavratura admite artigo feminino e início exige preposição a.
334,FGV,PM-SP,Direito Penal,Teoria do crime,"Sobre o arrependimento posterior (Art. 16, CP), assinale a correta:",Aplica-se com violência.,Reparação após a denúncia.,Reduz a pena de um a dois terços.,Exclui a ilicitude.,Prescinde de voluntariedade.,C,Redução legal de 1/3 a 2/3 se reparado antes do recebimento da denúncia.
335,VUNESP,PC-SP,Língua Portuguesa,"Crase, regência e concordância",Assinale a alternativa correta quanto à crase:,As investigações ficaram à cargo da Delegacia.,O escrivão deu início à lavratura do auto.,O suspeito recusou-se à prestar depoimento.,A equipe dirigiu-se à uma residência.,O perito respondeu à todas as perguntas.,B,Lavratura admite artigo feminino e início exige preposição a.
336,FGV,PM-SP,Direito Penal,Teoria do crime,"Sobre o arrependimento posterior (Art. 16, CP), assinale a correta:",Aplica-se com violência.,Reparação após a denúncia.,Reduz a pena de um a dois terços.,Exclui a ilicitude.,Prescinde de voluntariedade.,C,Redução legal de 1/3 a 2/3 se reparado antes do recebimento da denúncia.
337,VUNESP,PC-SP,Língua Portuguesa,"Crase, regência e concordância",Assinale a alternativa correta quanto à crase:,As investigações ficaram à cargo da Delegacia.,O escrivão deu início à lavratura do auto.,O suspeito recusou-se à prestar depoimento.,A equipe dirigiu-se à uma residência.,O perito respondeu à todas as perguntas.,B,Lavratura admite artigo feminino e início exige preposição a.
338,FGV,PM-SP,Direito Penal,Teoria do crime,"Sobre o arrependimento posterior (Art. 16, CP), assinale a correta:",Aplica-se com violência.,Reparação após a denúncia.,Reduz a pena de um a dois terços.,Exclui a ilicitude.,Prescinde de voluntariedade.,C,Redução legal de 1/3 a 2/3 se reparado antes do recebimento da denúncia.
339,VUNESP,PC-SP,Língua Portuguesa,"Crase, regência e concordância",Assinale a alternativa correta quanto à crase:,As investigações ficaram à cargo da Delegacia.,O escrivão deu início à lavratura do auto.,O suspeito recusou-se à prestar depoimento.,A equipe dirigiu-se à uma residência.,O perito respondeu à todas as perguntas.,B,Lavratura admite artigo feminino e início exige preposição a.
340,FGV,PM-SP,Direito Penal,Teoria do crime,"Sobre o arrependimento posterior (Art. 16, CP), assinale a correta:",Aplica-se com violência.,Reparação após a denúncia.,Reduz a pena de um a dois terços.,Exclui a ilicitude.,Prescinde de voluntariedade.,C,Redução legal de 1/3 a 2/3 se reparado antes do recebimento da denúncia.
341,VUNESP,PC-SP,Língua Portuguesa,"Crase, regência e concordância",Assinale a alternativa correta quanto à crase:,As investigações ficaram à cargo da Delegacia.,O escrivão deu início à lavratura do auto.,O suspeito recusou-se à prestar depoimento.,A equipe dirigiu-se à uma residência.,O perito respondeu à todas as perguntas.,B,Lavratura admite artigo feminino e início exige preposição a.
342,FGV,PM-SP,Direito Penal,Teoria do crime,"Sobre o arrependimento posterior (Art. 16, CP), assinale a correta:",Aplica-se com violência.,Reparação após a denúncia.,Reduz a pena de um a dois terços.,Exclui a ilicitude.,Prescinde de voluntariedade.,C,Redução legal de 1/3 a 2/3 se reparado antes do recebimento da denúncia.
343,VUNESP,PC-SP,Língua Portuguesa,"Crase, regência e concordância",Assinale a alternativa correta quanto à crase:,As investigações ficaram à cargo da Delegacia.,O escrivão deu início à lavratura do auto.,O suspeito recusou-se à prestar depoimento.,A equipe dirigiu-se à uma residência.,O perito respondeu à todas as perguntas.,B,Lavratura admite artigo feminino e início exige preposição a.
344,FGV,PM-SP,Direito Penal,Teoria do crime,"Sobre o arrependimento posterior (Art. 16, CP), assinale a correta:",Aplica-se com violência.,Reparação após a denúncia.,Reduz a pena de um a dois terços.,Exclui a ilicitude.,Prescinde de voluntariedade.,C,Redução legal de 1/3 a 2/3 se reparado antes do recebimento da denúncia.
345,VUNESP,PC-SP,Língua Portuguesa,"Crase, regência e concordância",Assinale a alternativa correta quanto à crase:,As investigações ficaram à cargo da Delegacia.,O escrivão deu início à lavratura do auto.,O suspeito recusou-se à prestar depoimento.,A equipe dirigiu-se à uma residência.,O perito respondeu à todas as perguntas.,B,Lavratura admite artigo feminino e início exige preposição a.
346,FGV,PM-SP,Direito Penal,Teoria do crime,"Sobre o arrependimento posterior (Art. 16, CP), assinale a correta:",Aplica-se com violência.,Reparação após a denúncia.,Reduz a pena de um a dois terços.,Exclui a ilicitude.,Prescinde de voluntariedade.,C,Redução legal de 1/3 a 2/3 se reparado antes do recebimento da denúncia.
347,VUNESP,PC-SP,Língua Portuguesa,"Crase, regência e concordância",Assinale a alternativa correta quanto à crase:,As investigações ficaram à cargo da Delegacia.,O escrivão deu início à lavratura do auto.,O suspeito recusou-se à prestar depoimento.,A equipe dirigiu-se à uma residência.,O perito respondeu à todas as perguntas.,B,Lavratura admite artigo feminino e início exige preposição a.
348,FGV,PM-SP,Direito Penal,Teoria do crime,"Sobre o arrependimento posterior (Art. 16, CP), assinale a correta:",Aplica-se com violência.,Reparação após a denúncia.,Reduz a pena de um a dois terços.,Exclui a ilicitude.,Prescinde de voluntariedade.,C,Redução legal de 1/3 a 2/3 se reparado antes do recebimento da denúncia.
349,VUNESP,PC-SP,Língua Portuguesa,"Crase, regência e concordância",Assinale a alternativa correta quanto à crase:,As investigações ficaram à cargo da Delegacia.,O escrivão deu início à lavratura do auto.,O suspeito recusou-se à prestar depoimento.,A equipe dirigiu-se à uma residência.,O perito respondeu à todas as perguntas.,B,Lavratura admite artigo feminino e início exige preposição a.
350,FGV,PM-SP,Direito Penal,Teoria do crime,"Sobre o arrependimento posterior (Art. 16, CP), assinale a correta:",Aplica-se com violência.,Reparação após a denúncia.,Reduz a pena de um a dois terços.,Exclui a ilicitude.,Prescinde de voluntariedade.,C,Redução legal de 1/3 a 2/3 se reparado antes do recebimento da denúncia.
351,VUNESP,PC-SP,Língua Portuguesa,"Crase, regência e concordância",Assinale a alternativa correta quanto à crase:,As investigações ficaram à cargo da Delegacia.,O escrivão deu início à lavratura do auto.,O suspeito recusou-se à prestar depoimento.,A equipe dirigiu-se à uma residência.,O perito respondeu à todas as perguntas.,B,Lavratura admite artigo feminino e início exige preposição a.
352,FGV,PM-SP,Direito Penal,Teoria do crime,"Sobre o arrependimento posterior (Art. 16, CP), assinale a correta:",Aplica-se com violência.,Reparação após a denúncia.,Reduz a pena de um a dois terços.,Exclui a ilicitude.,Prescinde de voluntariedade.,C,Redução legal de 1/3 a 2/3 se reparado antes do recebimento da denúncia.
353,VUNESP,PC-SP,Língua Portuguesa,"Crase, regência e concordância",Assinale a alternativa correta quanto à crase:,As investigações ficaram à cargo da Delegacia.,O escrivão deu início à lavratura do auto.,O suspeito recusou-se à prestar depoimento.,A equipe dirigiu-se à uma residência.,O perito respondeu à todas as perguntas.,B,Lavratura admite artigo feminino e início exige preposição a.
354,FGV,PM-SP,Direito Penal,Teoria do crime,"Sobre o arrependimento posterior (Art. 16, CP), assinale a correta:",Aplica-se com violência.,Reparação após a denúncia.,Reduz a pena de um a dois terços.,Exclui a ilicitude.,Prescinde de voluntariedade.,C,Redução legal de 1/3 a 2/3 se reparado antes do recebimento da denúncia.
355,VUNESP,PC-SP,Língua Portuguesa,"Crase, regência e concordância",Assinale a alternativa correta quanto à crase:,As investigações ficaram à cargo da Delegacia.,O escrivão deu início à lavratura do auto.,O suspeito recusou-se à prestar depoimento.,A equipe dirigiu-se à uma residência.,O perito respondeu à todas as perguntas.,B,Lavratura admite artigo feminino e início exige preposição a.
356,FGV,PM-SP,Direito Penal,Teoria do crime,"Sobre o arrependimento posterior (Art. 16, CP), assinale a correta:",Aplica-se com violência.,Reparação após a denúncia.,Reduz a pena de um a dois terços.,Exclui a ilicitude.,Prescinde de voluntariedade.,C,Redução legal de 1/3 a 2/3 se reparado antes do recebimento da denúncia.
357,VUNESP,PC-SP,Língua Portuguesa,"Crase, regência e concordância",Assinale a alternativa correta quanto à crase:,As investigações ficaram à cargo da Delegacia.,O escrivão deu início à lavratura do auto.,O suspeito recusou-se à prestar depoimento.,A equipe dirigiu-se à uma residência.,O perito respondeu à todas as perguntas.,B,Lavratura admite artigo feminino e início exige preposição a.
358,FGV,PM-SP,Direito Penal,Teoria do crime,"Sobre o arrependimento posterior (Art. 16, CP), assinale a correta:",Aplica-se com violência.,Reparação após a denúncia.,Reduz a pena de um a dois terços.,Exclui a ilicitude.,Prescinde de voluntariedade.,C,Redução legal de 1/3 a 2/3 se reparado antes do recebimento da denúncia.
359,VUNESP,PC-SP,Língua Portuguesa,"Crase, regência e concordância",Assinale a alternativa correta quanto à crase:,As investigações ficaram à cargo da Delegacia.,O escrivão deu início à lavratura do auto.,O suspeito recusou-se à prestar depoimento.,A equipe dirigiu-se à uma residência.,O perito respondeu à todas as perguntas.,B,Lavratura admite artigo feminino e início exige preposição a.
360,FGV,PM-SP,Direito Penal,Teoria do crime,"Sobre o arrependimento posterior (Art. 16, CP), assinale a correta:",Aplica-se com violência.,Reparação após a denúncia.,Reduz a pena de um a dois terços.,Exclui a ilicitude.,Prescinde de voluntariedade.,C,Redução legal de 1/3 a 2/3 se reparado antes do recebimento da denúncia.
361,VUNESP,PC-SP,Língua Portuguesa,"Crase, regência e concordância",Assinale a alternativa correta quanto à crase:,As investigações ficaram à cargo da Delegacia.,O escrivão deu início à lavratura do auto.,O suspeito recusou-se à prestar depoimento.,A equipe dirigiu-se à uma residência.,O perito respondeu à todas as perguntas.,B,Lavratura admite artigo feminino e início exige preposição a.
362,FGV,PM-SP,Direito Penal,Teoria do crime,"Sobre o arrependimento posterior (Art. 16, CP), assinale a correta:",Aplica-se com violência.,Reparação após a denúncia.,Reduz a pena de um a dois terços.,Exclui a ilicitude.,Prescinde de voluntariedade.,C,Redução legal de 1/3 a 2/3 se reparado antes do recebimento da denúncia.
363,VUNESP,PC-SP,Língua Portuguesa,"Crase, regência e concordância",Assinale a alternativa correta quanto à crase:,As investigações ficaram à cargo da Delegacia.,O escrivão deu início à lavratura do auto.,O suspeito recusou-se à prestar depoimento.,A equipe dirigiu-se à uma residência.,O perito respondeu à todas as perguntas.,B,Lavratura admite artigo feminino e início exige preposição a.
364,FGV,PM-SP,Direito Penal,Teoria do crime,"Sobre o arrependimento posterior (Art. 16, CP), assinale a correta:",Aplica-se com violência.,Reparação após a denúncia.,Reduz a pena de um a dois terços.,Exclui a ilicitude.,Prescinde de voluntariedade.,C,Redução legal de 1/3 a 2/3 se reparado antes do recebimento da denúncia.
365,VUNESP,PC-SP,Língua Portuguesa,"Crase, regência e concordância",Assinale a alternativa correta quanto à crase:,As investigações ficaram à cargo da Delegacia.,O escrivão deu início à lavratura do auto.,O suspeito recusou-se à prestar depoimento.,A equipe dirigiu-se à uma residência.,O perito respondeu à todas as perguntas.,B,Lavratura admite artigo feminino e início exige preposição a.
366,FGV,PM-SP,Direito Penal,Teoria do crime,"Sobre o arrependimento posterior (Art. 16, CP), assinale a correta:",Aplica-se com violência.,Reparação após a denúncia.,Reduz a pena de um a dois terços.,Exclui a ilicitude.,Prescinde de voluntariedade.,C,Redução legal de 1/3 a 2/3 se reparado antes do recebimento da denúncia.
367,VUNESP,PC-SP,Língua Portuguesa,"Crase, regência e concordância",Assinale a alternativa correta quanto à crase:,As investigações ficaram à cargo da Delegacia.,O escrivão deu início à lavratura do auto.,O suspeito recusou-se à prestar depoimento.,A equipe dirigiu-se à uma residência.,O perito respondeu à todas as perguntas.,B,Lavratura admite artigo feminino e início exige preposição a.
368,FGV,PM-SP,Direito Penal,Teoria do crime,"Sobre o arrependimento posterior (Art. 16, CP), assinale a correta:",Aplica-se com violência.,Reparação após a denúncia.,Reduz a pena de um a dois terços.,Exclui a ilicitude.,Prescinde de voluntariedade.,C,Redução legal de 1/3 a 2/3 se reparado antes do recebimento da denúncia.
369,VUNESP,PC-SP,Língua Portuguesa,"Crase, regência e concordância",Assinale a alternativa correta quanto à crase:,As investigações ficaram à cargo da Delegacia.,O escrivão deu início à lavratura do auto.,O suspeito recusou-se à prestar depoimento.,A equipe dirigiu-se à uma residência.,O perito respondeu à todas as perguntas.,B,Lavratura admite artigo feminino e início exige preposição a.
370,FGV,PM-SP,Direito Penal,Teoria do crime,"Sobre o arrependimento posterior (Art. 16, CP), assinale a correta:",Aplica-se com violência.,Reparação após a denúncia.,Reduz a pena de um a dois terços.,Exclui a ilicitude.,Prescinde de voluntariedade.,C,Redução legal de 1/3 a 2/3 se reparado antes do recebimento da denúncia.
371,VUNESP,PC-SP,Língua Portuguesa,"Crase, regência e concordância",Assinale a alternativa correta quanto à crase:,As investigações ficaram à cargo da Delegacia.,O escrivão deu início à lavratura do auto.,O suspeito recusou-se à prestar depoimento.,A equipe dirigiu-se à uma residência.,O perito respondeu à todas as perguntas.,B,Lavratura admite artigo feminino e início exige preposição a.
372,FGV,PM-SP,Direito Penal,Teoria do crime,"Sobre o arrependimento posterior (Art. 16, CP), assinale a correta:",Aplica-se com violência.,Reparação após a denúncia.,Reduz a pena de um a dois terços.,Exclui a ilicitude.,Prescinde de voluntariedade.,C,Redução legal de 1/3 a 2/3 se reparado antes do recebimento da denúncia.
373,VUNESP,PC-SP,Língua Portuguesa,"Crase, regência e concordância",Assinale a alternativa correta quanto à crase:,As investigações ficaram à cargo da Delegacia.,O escrivão deu início à lavratura do auto.,O suspeito recusou-se à prestar depoimento.,A equipe dirigiu-se à uma residência.,O perito respondeu à todas as perguntas.,B,Lavratura admite artigo feminino e início exige preposição a.
374,FGV,PM-SP,Direito Penal,Teoria do crime,"Sobre o arrependimento posterior (Art. 16, CP), assinale a correta:",Aplica-se com violência.,Reparação após a denúncia.,Reduz a pena de um a dois terços.,Exclui a ilicitude.,Prescinde de voluntariedade.,C,Redução legal de 1/3 a 2/3 se reparado antes do recebimento da denúncia.
375,VUNESP,PC-SP,Língua Portuguesa,"Crase, regência e concordância",Assinale a alternativa correta quanto à crase:,As investigações ficaram à cargo da Delegacia.,O escrivão deu início à lavratura do auto.,O suspeito recusou-se à prestar depoimento.,A equipe dirigiu-se à uma residência.,O perito respondeu à todas as perguntas.,B,Lavratura admite artigo feminino e início exige preposição a.
376,FGV,PM-SP,Direito Penal,Teoria do crime,"Sobre o arrependimento posterior (Art. 16, CP), assinale a correta:",Aplica-se com violência.,Reparação após a denúncia.,Reduz a pena de um a dois terços.,Exclui a ilicitude.,Prescinde de voluntariedade.,C,Redução legal de 1/3 a 2/3 se reparado antes do recebimento da denúncia.
377,VUNESP,PC-SP,Língua Portuguesa,"Crase, regência e concordância",Assinale a alternativa correta quanto à crase:,As investigações ficaram à cargo da Delegacia.,O escrivão deu início à lavratura do auto.,O suspeito recusou-se à prestar depoimento.,A equipe dirigiu-se à uma residência.,O perito respondeu à todas as perguntas.,B,Lavratura admite artigo feminino e início exige preposição a.
378,FGV,PM-SP,Direito Penal,Teoria do crime,"Sobre o arrependimento posterior (Art. 16, CP), assinale a correta:",Aplica-se com violência.,Reparação após a denúncia.,Reduz a pena de um a dois terços.,Exclui a ilicitude.,Prescinde de voluntariedade.,C,Redução legal de 1/3 a 2/3 se reparado antes do recebimento da denúncia.
379,VUNESP,PC-SP,Língua Portuguesa,"Crase, regência e concordância",Assinale a alternativa correta quanto à crase:,As investigações ficaram à cargo da Delegacia.,O escrivão deu início à lavratura do auto.,O suspeito recusou-se à prestar depoimento.,A equipe dirigiu-se à uma residência.,O perito respondeu à todas as perguntas.,B,Lavratura admite artigo feminino e início exige preposição a.
380,FGV,PM-SP,Direito Penal,Teoria do crime,"Sobre o arrependimento posterior (Art. 16, CP), assinale a correta:",Aplica-se com violência.,Reparação após a denúncia.,Reduz a pena de um a dois terços.,Exclui a ilicitude.,Prescinde de voluntariedade.,C,Redução legal de 1/3 a 2/3 se reparado antes do recebimento da denúncia.
381,VUNESP,PC-SP,Língua Portuguesa,"Crase, regência e concordância",Assinale a alternativa correta quanto à crase:,As investigações ficaram à cargo da Delegacia.,O escrivão deu início à lavratura do auto.,O suspeito recusou-se à prestar depoimento.,A equipe dirigiu-se à uma residência.,O perito respondeu à todas as perguntas.,B,Lavratura admite artigo feminino e início exige preposição a.
382,FGV,PM-SP,Direito Penal,Teoria do crime,"Sobre o arrependimento posterior (Art. 16, CP), assinale a correta:",Aplica-se com violência.,Reparação após a denúncia.,Reduz a pena de um a dois terços.,Exclui a ilicitude.,Prescinde de voluntariedade.,C,Redução legal de 1/3 a 2/3 se reparado antes do recebimento da denúncia.
383,VUNESP,PC-SP,Língua Portuguesa,"Crase, regência e concordância",Assinale a alternativa correta quanto à crase:,As investigações ficaram à cargo da Delegacia.,O escrivão deu início à lavratura do auto.,O suspeito recusou-se à prestar depoimento.,A equipe dirigiu-se à uma residência.,O perito respondeu à todas as perguntas.,B,Lavratura admite artigo feminino e início exige preposição a.
384,FGV,PM-SP,Direito Penal,Teoria do crime,"Sobre o arrependimento posterior (Art. 16, CP), assinale a correta:",Aplica-se com violência.,Reparação após a denúncia.,Reduz a pena de um a dois terços.,Exclui a ilicitude.,Prescinde de voluntariedade.,C,Redução legal de 1/3 a 2/3 se reparado antes do recebimento da denúncia.
385,VUNESP,PC-SP,Língua Portuguesa,"Crase, regência e concordância",Assinale a alternativa correta quanto à crase:,As investigações ficaram à cargo da Delegacia.,O escrivão deu início à lavratura do auto.,O suspeito recusou-se à prestar depoimento.,A equipe dirigiu-se à uma residência.,O perito respondeu à todas as perguntas.,B,Lavratura admite artigo feminino e início exige preposição a.
386,FGV,PM-SP,Direito Penal,Teoria do crime,"Sobre o arrependimento posterior (Art. 16, CP), assinale a correta:",Aplica-se com violência.,Reparação após a denúncia.,Reduz a pena de um a dois terços.,Exclui a ilicitude.,Prescinde de voluntariedade.,C,Redução legal de 1/3 a 2/3 se reparado antes do recebimento da denúncia.
387,VUNESP,PC-SP,Língua Portuguesa,"Crase, regência e concordância",Assinale a alternativa correta quanto à crase:,As investigações ficaram à cargo da Delegacia.,O escrivão deu início à lavratura do auto.,O suspeito recusou-se à prestar depoimento.,A equipe dirigiu-se à uma residência.,O perito respondeu à todas as perguntas.,B,Lavratura admite artigo feminino e início exige preposição a.
388,FGV,PM-SP,Direito Penal,Teoria do crime,"Sobre o arrependimento posterior (Art. 16, CP), assinale a correta:",Aplica-se com violência.,Reparação após a denúncia.,Reduz a pena de um a dois terços.,Exclui a ilicitude.,Prescinde de voluntariedade.,C,Redução legal de 1/3 a 2/3 se reparado antes do recebimento da denúncia.
389,VUNESP,PC-SP,Língua Portuguesa,"Crase, regência e concordância",Assinale a alternativa correta quanto à crase:,As investigações ficaram à cargo da Delegacia.,O escrivão deu início à lavratura do auto.,O suspeito recusou-se à prestar depoimento.,A equipe dirigiu-se à uma residência.,O perito respondeu à todas as perguntas.,B,Lavratura admite artigo feminino e início exige preposição a.
390,FGV,PM-SP,Direito Penal,Teoria do crime,"Sobre o arrependimento posterior (Art. 16, CP), assinale a correta:",Aplica-se com violência.,Reparação após a denúncia.,Reduz a pena de um a dois terços.,Exclui a ilicitude.,Prescinde de voluntariedade.,C,Redução legal de 1/3 a 2/3 se reparado antes do recebimento da denúncia.
391,VUNESP,PC-SP,Língua Portuguesa,"Crase, regência e concordância",Assinale a alternativa correta quanto à crase:,As investigações ficaram à cargo da Delegacia.,O escrivão deu início à lavratura do auto.,O suspeito recusou-se à prestar depoimento.,A equipe dirigiu-se à uma residência.,O perito respondeu à todas as perguntas.,B,Lavratura admite artigo feminino e início exige preposição a.
392,FGV,PM-SP,Direito Penal,Teoria do crime,"Sobre o arrependimento posterior (Art. 16, CP), assinale a correta:",Aplica-se com violência.,Reparação após a denúncia.,Reduz a pena de um a dois terços.,Exclui a ilicitude.,Prescinde de voluntariedade.,C,Redução legal de 1/3 a 2/3 se reparado antes do recebimento da denúncia.
393,VUNESP,PC-SP,Língua Portuguesa,"Crase, regência e concordância",Assinale a alternativa correta quanto à crase:,As investigações ficaram à cargo da Delegacia.,O escrivão deu início à lavratura do auto.,O suspeito recusou-se à prestar depoimento.,A equipe dirigiu-se à uma residência.,O perito respondeu à todas as perguntas.,B,Lavratura admite artigo feminino e início exige preposição a.
394,FGV,PM-SP,Direito Penal,Teoria do crime,"Sobre o arrependimento posterior (Art. 16, CP), assinale a correta:",Aplica-se com violência.,Reparação após a denúncia.,Reduz a pena de um a dois terços.,Exclui a ilicitude.,Prescinde de voluntariedade.,C,Redução legal de 1/3 a 2/3 se reparado antes do recebimento da denúncia.
395,VUNESP,PC-SP,Língua Portuguesa,"Crase, regência e concordância",Assinale a alternativa correta quanto à crase:,As investigações ficaram à cargo da Delegacia.,O escrivão deu início à lavratura do auto.,O suspeito recusou-se à prestar depoimento.,A equipe dirigiu-se à uma residência.,O perito respondeu à todas as perguntas.,B,Lavratura admite artigo feminino e início exige preposição a.
396,FGV,PM-SP,Direito Penal,Teoria do crime,"Sobre o arrependimento posterior (Art. 16, CP), assinale a correta:",Aplica-se com violência.,Reparação após a denúncia.,Reduz a pena de um a dois terços.,Exclui a ilicitude.,Prescinde de voluntariedade.,C,Redução legal de 1/3 a 2/3 se reparado antes do recebimento da denúncia.
397,VUNESP,PC-SP,Língua Portuguesa,"Crase, regência e concordância",Assinale a alternativa correta quanto à crase:,As investigações ficaram à cargo da Delegacia.,O escrivão deu início à lavratura do auto.,O suspeito recusou-se à prestar depoimento.,A equipe dirigiu-se à uma residência.,O perito respondeu à todas as perguntas.,B,Lavratura admite artigo feminino e início exige preposição a.
398,FGV,PM-SP,Direito Penal,Teoria do crime,"Sobre o arrependimento posterior (Art. 16, CP), assinale a correta:",Aplica-se com violência.,Reparação após a denúncia.,Reduz a pena de um a dois terços.,Exclui a ilicitude.,Prescinde de voluntariedade.,C,Redução legal de 1/3 a 2/3 se reparado antes do recebimento da denúncia.
399,VUNESP,PC-SP,Língua Portuguesa,"Crase, regência e concordância",Assinale a alternativa correta quanto à crase:,As investigações ficaram à cargo da Delegacia.,O escrivão deu início à lavratura do auto.,O suspeito recusou-se à prestar depoimento.,A equipe dirigiu-se à uma residência.,O perito respondeu à todas as perguntas.,B,Lavratura admite artigo feminino e início exige preposição a.
400,FGV,PM-SP,Direito Penal,Teoria do crime,"Sobre o arrependimento posterior (Art. 16, CP), assinale a correta:",Aplica-se com violência.,Reparação após a denúncia.,Reduz a pena de um a dois terços.,Exclui a ilicitude.,Prescinde de voluntariedade.,C,Redução legal de 1/3 a 2/3 se reparado antes do recebimento da denúncia.
401,VUNESP,PC-SP,Língua Portuguesa,"Crase, regência e concordância",Assinale a alternativa correta quanto à crase:,As investigações ficaram à cargo da Delegacia.,O escrivão deu início à lavratura do auto.,O suspeito recusou-se à prestar depoimento.,A equipe dirigiu-se à uma residência.,O perito respondeu à todas as perguntas.,B,Lavratura admite artigo feminino e início exige preposição a.
402,FGV,PM-SP,Direito Penal,Teoria do crime,"Sobre o arrependimento posterior (Art. 16, CP), assinale a correta:",Aplica-se com violência.,Reparação após a denúncia.,Reduz a pena de um a dois terços.,Exclui a ilicitude.,Prescinde de voluntariedade.,C,Redução legal de 1/3 a 2/3 se reparado antes do recebimento da denúncia.
403,VUNESP,PC-SP,Língua Portuguesa,"Crase, regência e concordância",Assinale a alternativa correta quanto à crase:,As investigações ficaram à cargo da Delegacia.,O escrivão deu início à lavratura do auto.,O suspeito recusou-se à prestar depoimento.,A equipe dirigiu-se à uma residência.,O perito respondeu à todas as perguntas.,B,Lavratura admite artigo feminino e início exige preposição a.
404,FGV,PM-SP,Direito Penal,Teoria do crime,"Sobre o arrependimento posterior (Art. 16, CP), assinale a correta:",Aplica-se com violência.,Reparação após a denúncia.,Reduz a pena de um a dois terços.,Exclui a ilicitude.,Prescinde de voluntariedade.,C,Redução legal de 1/3 a 2/3 se reparado antes do recebimento da denúncia.
405,VUNESP,PC-SP,Língua Portuguesa,"Crase, regência e concordância",Assinale a alternativa correta quanto à crase:,As investigações ficaram à cargo da Delegacia.,O escrivão deu início à lavratura do auto.,O suspeito recusou-se à prestar depoimento.,A equipe dirigiu-se à uma residência.,O perito respondeu à todas as perguntas.,B,Lavratura admite artigo feminino e início exige preposição a.
406,FGV,PM-SP,Direito Penal,Teoria do crime,"Sobre o arrependimento posterior (Art. 16, CP), assinale a correta:",Aplica-se com violência.,Reparação após a denúncia.,Reduz a pena de um a dois terços.,Exclui a ilicitude.,Prescinde de voluntariedade.,C,Redução legal de 1/3 a 2/3 se reparado antes do recebimento da denúncia.
407,VUNESP,PC-SP,Língua Portuguesa,"Crase, regência e concordância",Assinale a alternativa correta quanto à crase:,As investigações ficaram à cargo da Delegacia.,O escrivão deu início à lavratura do auto.,O suspeito recusou-se à prestar depoimento.,A equipe dirigiu-se à uma residência.,O perito respondeu à todas as perguntas.,B,Lavratura admite artigo feminino e início exige preposição a.
408,FGV,PM-SP,Direito Penal,Teoria do crime,"Sobre o arrependimento posterior (Art. 16, CP), assinale a correta:",Aplica-se com violência.,Reparação após a denúncia.,Reduz a pena de um a dois terços.,Exclui a ilicitude.,Prescinde de voluntariedade.,C,Redução legal de 1/3 a 2/3 se reparado antes do recebimento da denúncia.
409,VUNESP,PC-SP,Língua Portuguesa,"Crase, regência e concordância",Assinale a alternativa correta quanto à crase:,As investigações ficaram à cargo da Delegacia.,O escrivão deu início à lavratura do auto.,O suspeito recusou-se à prestar depoimento.,A equipe dirigiu-se à uma residência.,O perito respondeu à todas as perguntas.,B,Lavratura admite artigo feminino e início exige preposição a.
410,FGV,PM-SP,Direito Penal,Teoria do crime,"Sobre o arrependimento posterior (Art. 16, CP), assinale a correta:",Aplica-se com violência.,Reparação após a denúncia.,Reduz a pena de um a dois terços.,Exclui a ilicitude.,Prescinde de voluntariedade.,C,Redução legal de 1/3 a 2/3 se reparado antes do recebimento da denúncia.
411,VUNESP,PC-SP,Língua Portuguesa,"Crase, regência e concordância",Assinale a alternativa correta quanto à crase:,As investigações ficaram à cargo da Delegacia.,O escrivão deu início à lavratura do auto.,O suspeito recusou-se à prestar depoimento.,A equipe dirigiu-se à uma residência.,O perito respondeu à todas as perguntas.,B,Lavratura admite artigo feminino e início exige preposição a.
412,FGV,PM-SP,Direito Penal,Teoria do crime,"Sobre o arrependimento posterior (Art. 16, CP), assinale a correta:",Aplica-se com violência.,Reparação após a denúncia.,Reduz a pena de um a dois terços.,Exclui a ilicitude.,Prescinde de voluntariedade.,C,Redução legal de 1/3 a 2/3 se reparado antes do recebimento da denúncia.
413,VUNESP,PC-SP,Língua Portuguesa,"Crase, regência e concordância",Assinale a alternativa correta quanto à crase:,As investigações ficaram à cargo da Delegacia.,O escrivão deu início à lavratura do auto.,O suspeito recusou-se à prestar depoimento.,A equipe dirigiu-se à uma residência.,O perito respondeu à todas as perguntas.,B,Lavratura admite artigo feminino e início exige preposição a.
414,FGV,PM-SP,Direito Penal,Teoria do crime,"Sobre o arrependimento posterior (Art. 16, CP), assinale a correta:",Aplica-se com violência.,Reparação após a denúncia.,Reduz a pena de um a dois terços.,Exclui a ilicitude.,Prescinde de voluntariedade.,C,Redução legal de 1/3 a 2/3 se reparado antes do recebimento da denúncia.
415,VUNESP,PC-SP,Língua Portuguesa,"Crase, regência e concordância",Assinale a alternativa correta quanto à crase:,As investigações ficaram à cargo da Delegacia.,O escrivão deu início à lavratura do auto.,O suspeito recusou-se à prestar depoimento.,A equipe dirigiu-se à uma residência.,O perito respondeu à todas as perguntas.,B,Lavratura admite artigo feminino e início exige preposição a.
416,FGV,PM-SP,Direito Penal,Teoria do crime,"Sobre o arrependimento posterior (Art. 16, CP), assinale a correta:",Aplica-se com violência.,Reparação após a denúncia.,Reduz a pena de um a dois terços.,Exclui a ilicitude.,Prescinde de voluntariedade.,C,Redução legal de 1/3 a 2/3 se reparado antes do recebimento da denúncia.
417,VUNESP,PC-SP,Língua Portuguesa,"Crase, regência e concordância",Assinale a alternativa correta quanto à crase:,As investigações ficaram à cargo da Delegacia.,O escrivão deu início à lavratura do auto.,O suspeito recusou-se à prestar depoimento.,A equipe dirigiu-se à uma residência.,O perito respondeu à todas as perguntas.,B,Lavratura admite artigo feminino e início exige preposição a.
418,FGV,PM-SP,Direito Penal,Teoria do crime,"Sobre o arrependimento posterior (Art. 16, CP), assinale a correta:",Aplica-se com violência.,Reparação após a denúncia.,Reduz a pena de um a dois terços.,Exclui a ilicitude.,Prescinde de voluntariedade.,C,Redução legal de 1/3 a 2/3 se reparado antes do recebimento da denúncia.
419,VUNESP,PC-SP,Língua Portuguesa,"Crase, regência e concordância",Assinale a alternativa correta quanto à crase:,As investigações ficaram à cargo da Delegacia.,O escrivão deu início à lavratura do auto.,O suspeito recusou-se à prestar depoimento.,A equipe dirigiu-se à uma residência.,O perito respondeu à todas as perguntas.,B,Lavratura admite artigo feminino e início exige preposição a.
420,FGV,PM-SP,Direito Penal,Teoria do crime,"Sobre o arrependimento posterior (Art. 16, CP), assinale a correta:",Aplica-se com violência.,Reparação após a denúncia.,Reduz a pena de um a dois terços.,Exclui a ilicitude.,Prescinde de voluntariedade.,C,Redução legal de 1/3 a 2/3 se reparado antes do recebimento da denúncia.
421,VUNESP,PC-SP,Língua Portuguesa,"Crase, regência e concordância",Assinale a alternativa correta quanto à crase:,As investigações ficaram à cargo da Delegacia.,O escrivão deu início à lavratura do auto.,O suspeito recusou-se à prestar depoimento.,A equipe dirigiu-se à uma residência.,O perito respondeu à todas as perguntas.,B,Lavratura admite artigo feminino e início exige preposição a.
422,FGV,PM-SP,Direito Penal,Teoria do crime,"Sobre o arrependimento posterior (Art. 16, CP), assinale a correta:",Aplica-se com violência.,Reparação após a denúncia.,Reduz a pena de um a dois terços.,Exclui a ilicitude.,Prescinde de voluntariedade.,C,Redução legal de 1/3 a 2/3 se reparado antes do recebimento da denúncia.
423,VUNESP,PC-SP,Língua Portuguesa,"Crase, regência e concordância",Assinale a alternativa correta quanto à crase:,As investigações ficaram à cargo da Delegacia.,O escrivão deu início à lavratura do auto.,O suspeito recusou-se à prestar depoimento.,A equipe dirigiu-se à uma residência.,O perito respondeu à todas as perguntas.,B,Lavratura admite artigo feminino e início exige preposição a.
424,FGV,PM-SP,Direito Penal,Teoria do crime,"Sobre o arrependimento posterior (Art. 16, CP), assinale a correta:",Aplica-se com violência.,Reparação após a denúncia.,Reduz a pena de um a dois terços.,Exclui a ilicitude.,Prescinde de voluntariedade.,C,Redução legal de 1/3 a 2/3 se reparado antes do recebimento da denúncia.
425,VUNESP,PC-SP,Língua Portuguesa,"Crase, regência e concordância",Assinale a alternativa correta quanto à crase:,As investigações ficaram à cargo da Delegacia.,O escrivão deu início à lavratura do auto.,O suspeito recusou-se à prestar depoimento.,A equipe dirigiu-se à uma residência.,O perito respondeu à todas as perguntas.,B,Lavratura admite artigo feminino e início exige preposição a.
426,FGV,PM-SP,Direito Penal,Teoria do crime,"Sobre o arrependimento posterior (Art. 16, CP), assinale a correta:",Aplica-se com violência.,Reparação após a denúncia.,Reduz a pena de um a dois terços.,Exclui a ilicitude.,Prescinde de voluntariedade.,C,Redução legal de 1/3 a 2/3 se reparado antes do recebimento da denúncia.
427,VUNESP,PC-SP,Língua Portuguesa,"Crase, regência e concordância",Assinale a alternativa correta quanto à crase:,As investigações ficaram à cargo da Delegacia.,O escrivão deu início à lavratura do auto.,O suspeito recusou-se à prestar depoimento.,A equipe dirigiu-se à uma residência.,O perito respondeu à todas as perguntas.,B,Lavratura admite artigo feminino e início exige preposição a.
428,FGV,PM-SP,Direito Penal,Teoria do crime,"Sobre o arrependimento posterior (Art. 16, CP), assinale a correta:",Aplica-se com violência.,Reparação após a denúncia.,Reduz a pena de um a dois terços.,Exclui a ilicitude.,Prescinde de voluntariedade.,C,Redução legal de 1/3 a 2/3 se reparado antes do recebimento da denúncia.
429,VUNESP,PC-SP,Língua Portuguesa,"Crase, regência e concordância",Assinale a alternativa correta quanto à crase:,As investigações ficaram à cargo da Delegacia.,O escrivão deu início à lavratura do auto.,O suspeito recusou-se à prestar depoimento.,A equipe dirigiu-se à uma residência.,O perito respondeu à todas as perguntas.,B,Lavratura admite artigo feminino e início exige preposição a.
430,FGV,PM-SP,Direito Penal,Teoria do crime,"Sobre o arrependimento posterior (Art. 16, CP), assinale a correta:",Aplica-se com violência.,Reparação após a denúncia.,Reduz a pena de um a dois terços.,Exclui a ilicitude.,Prescinde de voluntariedade.,C,Redução legal de 1/3 a 2/3 se reparado antes do recebimento da denúncia.
431,VUNESP,PC-SP,Língua Portuguesa,"Crase, regência e concordância",Assinale a alternativa correta quanto à crase:,As investigações ficaram à cargo da Delegacia.,O escrivão deu início à lavratura do auto.,O suspeito recusou-se à prestar depoimento.,A equipe dirigiu-se à uma residência.,O perito respondeu à todas as perguntas.,B,Lavratura admite artigo feminino e início exige preposição a.
432,FGV,PM-SP,Direito Penal,Teoria do crime,"Sobre o arrependimento posterior (Art. 16, CP), assinale a correta:",Aplica-se com violência.,Reparação após a denúncia.,Reduz a pena de um a dois terços.,Exclui a ilicitude.,Prescinde de voluntariedade.,C,Redução legal de 1/3 a 2/3 se reparado antes do recebimento da denúncia.
433,VUNESP,PC-SP,Língua Portuguesa,"Crase, regência e concordância",Assinale a alternativa correta quanto à crase:,As investigações ficaram à cargo da Delegacia.,O escrivão deu início à lavratura do auto.,O suspeito recusou-se à prestar depoimento.,A equipe dirigiu-se à uma residência.,O perito respondeu à todas as perguntas.,B,Lavratura admite artigo feminino e início exige preposição a.
434,FGV,PM-SP,Direito Penal,Teoria do crime,"Sobre o arrependimento posterior (Art. 16, CP), assinale a correta:",Aplica-se com violência.,Reparação após a denúncia.,Reduz a pena de um a dois terços.,Exclui a ilicitude.,Prescinde de voluntariedade.,C,Redução legal de 1/3 a 2/3 se reparado antes do recebimento da denúncia.
435,VUNESP,PC-SP,Língua Portuguesa,"Crase, regência e concordância",Assinale a alternativa correta quanto à crase:,As investigações ficaram à cargo da Delegacia.,O escrivão deu início à lavratura do auto.,O suspeito recusou-se à prestar depoimento.,A equipe dirigiu-se à uma residência.,O perito respondeu à todas as perguntas.,B,Lavratura admite artigo feminino e início exige preposição a.
436,FGV,PM-SP,Direito Penal,Teoria do crime,"Sobre o arrependimento posterior (Art. 16, CP), assinale a correta:",Aplica-se com violência.,Reparação após a denúncia.,Reduz a pena de um a dois terços.,Exclui a ilicitude.,Prescinde de voluntariedade.,C,Redução legal de 1/3 a 2/3 se reparado antes do recebimento da denúncia.
437,VUNESP,PC-SP,Língua Portuguesa,"Crase, regência e concordância",Assinale a alternativa correta quanto à crase:,As investigações ficaram à cargo da Delegacia.,O escrivão deu início à lavratura do auto.,O suspeito recusou-se à prestar depoimento.,A equipe dirigiu-se à uma residência.,O perito respondeu à todas as perguntas.,B,Lavratura admite artigo feminino e início exige preposição a.
438,FGV,PM-SP,Direito Penal,Teoria do crime,"Sobre o arrependimento posterior (Art. 16, CP), assinale a correta:",Aplica-se com violência.,Reparação após a denúncia.,Reduz a pena de um a dois terços.,Exclui a ilicitude.,Prescinde de voluntariedade.,C,Redução legal de 1/3 a 2/3 se reparado antes do recebimento da denúncia.
439,VUNESP,PC-SP,Língua Portuguesa,"Crase, regência e concordância",Assinale a alternativa correta quanto à crase:,As investigações ficaram à cargo da Delegacia.,O escrivão deu início à lavratura do auto.,O suspeito recusou-se à prestar depoimento.,A equipe dirigiu-se à uma residência.,O perito respondeu à todas as perguntas.,B,Lavratura admite artigo feminino e início exige preposição a.
440,FGV,PM-SP,Direito Penal,Teoria do crime,"Sobre o arrependimento posterior (Art. 16, CP), assinale a correta:",Aplica-se com violência.,Reparação após a denúncia.,Reduz a pena de um a dois terços.,Exclui a ilicitude.,Prescinde de voluntariedade.,C,Redução legal de 1/3 a 2/3 se reparado antes do recebimento da denúncia.
441,VUNESP,PC-SP,Língua Portuguesa,"Crase, regência e concordância",Assinale a alternativa correta quanto à crase:,As investigações ficaram à cargo da Delegacia.,O escrivão deu início à lavratura do auto.,O suspeito recusou-se à prestar depoimento.,A equipe dirigiu-se à uma residência.,O perito respondeu à todas as perguntas.,B,Lavratura admite artigo feminino e início exige preposição a.
442,FGV,PM-SP,Direito Penal,Teoria do crime,"Sobre o arrependimento posterior (Art. 16, CP), assinale a correta:",Aplica-se com violência.,Reparação após a denúncia.,Reduz a pena de um a dois terços.,Exclui a ilicitude.,Prescinde de voluntariedade.,C,Redução legal de 1/3 a 2/3 se reparado antes do recebimento da denúncia.
443,VUNESP,PC-SP,Língua Portuguesa,"Crase, regência e concordância",Assinale a alternativa correta quanto à crase:,As investigações ficaram à cargo da Delegacia.,O escrivão deu início à lavratura do auto.,O suspeito recusou-se à prestar depoimento.,A equipe dirigiu-se à uma residência.,O perito respondeu à todas as perguntas.,B,Lavratura admite artigo feminino e início exige preposição a.
444,FGV,PM-SP,Direito Penal,Teoria do crime,"Sobre o arrependimento posterior (Art. 16, CP), assinale a correta:",Aplica-se com violência.,Reparação após a denúncia.,Reduz a pena de um a dois terços.,Exclui a ilicitude.,Prescinde de voluntariedade.,C,Redução legal de 1/3 a 2/3 se reparado antes do recebimento da denúncia.
445,VUNESP,PC-SP,Língua Portuguesa,"Crase, regência e concordância",Assinale a alternativa correta quanto à crase:,As investigações ficaram à cargo da Delegacia.,O escrivão deu início à lavratura do auto.,O suspeito recusou-se à prestar depoimento.,A equipe dirigiu-se à uma residência.,O perito respondeu à todas as perguntas.,B,Lavratura admite artigo feminino e início exige preposição a.
446,FGV,PM-SP,Direito Penal,Teoria do crime,"Sobre o arrependimento posterior (Art. 16, CP), assinale a correta:",Aplica-se com violência.,Reparação após a denúncia.,Reduz a pena de um a dois terços.,Exclui a ilicitude.,Prescinde de voluntariedade.,C,Redução legal de 1/3 a 2/3 se reparado antes do recebimento da denúncia.
447,VUNESP,PC-SP,Língua Portuguesa,"Crase, regência e concordância",Assinale a alternativa correta quanto à crase:,As investigações ficaram à cargo da Delegacia.,O escrivão deu início à lavratura do auto.,O suspeito recusou-se à prestar depoimento.,A equipe dirigiu-se à uma residência.,O perito respondeu à todas as perguntas.,B,Lavratura admite artigo feminino e início exige preposição a.
448,FGV,PM-SP,Direito Penal,Teoria do crime,"Sobre o arrependimento posterior (Art. 16, CP), assinale a correta:",Aplica-se com violência.,Reparação após a denúncia.,Reduz a pena de um a dois terços.,Exclui a ilicitude.,Prescinde de voluntariedade.,C,Redução legal de 1/3 a 2/3 se reparado antes do recebimento da denúncia.
449,VUNESP,PC-SP,Língua Portuguesa,"Crase, regência e concordância",Assinale a alternativa correta quanto à crase:,As investigações ficaram à cargo da Delegacia.,O escrivão deu início à lavratura do auto.,O suspeito recusou-se à prestar depoimento.,A equipe dirigiu-se à uma residência.,O perito respondeu à todas as perguntas.,B,Lavratura admite artigo feminino e início exige preposição a.
450,FGV,PM-SP,Direito Penal,Teoria do crime,"Sobre o arrependimento posterior (Art. 16, CP), assinale a correta:",Aplica-se com violência.,Reparação após a denúncia.,Reduz a pena de um a dois terços.,Exclui a ilicitude.,Prescinde de voluntariedade.,C,Redução legal de 1/3 a 2/3 se reparado antes do recebimento da denúncia.
451,VUNESP,PC-SP,Língua Portuguesa,"Crase, regência e concordância",Assinale a alternativa correta quanto à crase:,As investigações ficaram à cargo da Delegacia.,O escrivão deu início à lavratura do auto.,O suspeito recusou-se à prestar depoimento.,A equipe dirigiu-se à uma residência.,O perito respondeu à todas as perguntas.,B,Lavratura admite artigo feminino e início exige preposição a.
452,FGV,PM-SP,Direito Penal,Teoria do crime,"Sobre o arrependimento posterior (Art. 16, CP), assinale a correta:",Aplica-se com violência.,Reparação após a denúncia.,Reduz a pena de um a dois terços.,Exclui a ilicitude.,Prescinde de voluntariedade.,C,Redução legal de 1/3 a 2/3 se reparado antes do recebimento da denúncia.
453,VUNESP,PC-SP,Língua Portuguesa,"Crase, regência e concordância",Assinale a alternativa correta quanto à crase:,As investigações ficaram à cargo da Delegacia.,O escrivão deu início à lavratura do auto.,O suspeito recusou-se à prestar depoimento.,A equipe dirigiu-se à uma residência.,O perito respondeu à todas as perguntas.,B,Lavratura admite artigo feminino e início exige preposição a.
454,FGV,PM-SP,Direito Penal,Teoria do crime,"Sobre o arrependimento posterior (Art. 16, CP), assinale a correta:",Aplica-se com violência.,Reparação após a denúncia.,Reduz a pena de um a dois terços.,Exclui a ilicitude.,Prescinde de voluntariedade.,C,Redução legal de 1/3 a 2/3 se reparado antes do recebimento da denúncia.
455,VUNESP,PC-SP,Língua Portuguesa,"Crase, regência e concordância",Assinale a alternativa correta quanto à crase:,As investigações ficaram à cargo da Delegacia.,O escrivão deu início à lavratura do auto.,O suspeito recusou-se à prestar depoimento.,A equipe dirigiu-se à uma residência.,O perito respondeu à todas as perguntas.,B,Lavratura admite artigo feminino e início exige preposição a.
456,FGV,PM-SP,Direito Penal,Teoria do crime,"Sobre o arrependimento posterior (Art. 16, CP), assinale a correta:",Aplica-se com violência.,Reparação após a denúncia.,Reduz a pena de um a dois terços.,Exclui a ilicitude.,Prescinde de voluntariedade.,C,Redução legal de 1/3 a 2/3 se reparado antes do recebimento da denúncia.
457,VUNESP,PC-SP,Língua Portuguesa,"Crase, regência e concordância",Assinale a alternativa correta quanto à crase:,As investigações ficaram à cargo da Delegacia.,O escrivão deu início à lavratura do auto.,O suspeito recusou-se à prestar depoimento.,A equipe dirigiu-se à uma residência.,O perito respondeu à todas as perguntas.,B,Lavratura admite artigo feminino e início exige preposição a.
458,FGV,PM-SP,Direito Penal,Teoria do crime,"Sobre o arrependimento posterior (Art. 16, CP), assinale a correta:",Aplica-se com violência.,Reparação após a denúncia.,Reduz a pena de um a dois terços.,Exclui a ilicitude.,Prescinde de voluntariedade.,C,Redução legal de 1/3 a 2/3 se reparado antes do recebimento da denúncia.
459,VUNESP,PC-SP,Língua Portuguesa,"Crase, regência e concordância",Assinale a alternativa correta quanto à crase:,As investigações ficaram à cargo da Delegacia.,O escrivão deu início à lavratura do auto.,O suspeito recusou-se à prestar depoimento.,A equipe dirigiu-se à uma residência.,O perito respondeu à todas as perguntas.,B,Lavratura admite artigo feminino e início exige preposição a.
460,FGV,PM-SP,Direito Penal,Teoria do crime,"Sobre o arrependimento posterior (Art. 16, CP), assinale a correta:",Aplica-se com violência.,Reparação após a denúncia.,Reduz a pena de um a dois terços.,Exclui a ilicitude.,Prescinde de voluntariedade.,C,Redução legal de 1/3 a 2/3 se reparado antes do recebimento da denúncia.
461,VUNESP,PC-SP,Língua Portuguesa,"Crase, regência e concordância",Assinale a alternativa correta quanto à crase:,As investigações ficaram à cargo da Delegacia.,O escrivão deu início à lavratura do auto.,O suspeito recusou-se à prestar depoimento.,A equipe dirigiu-se à uma residência.,O perito respondeu à todas as perguntas.,B,Lavratura admite artigo feminino e início exige preposição a.
462,FGV,PM-SP,Direito Penal,Teoria do crime,"Sobre o arrependimento posterior (Art. 16, CP), assinale a correta:",Aplica-se com violência.,Reparação após a denúncia.,Reduz a pena de um a dois terços.,Exclui a ilicitude.,Prescinde de voluntariedade.,C,Redução legal de 1/3 a 2/3 se reparado antes do recebimento da denúncia.
463,VUNESP,PC-SP,Língua Portuguesa,"Crase, regência e concordância",Assinale a alternativa correta quanto à crase:,As investigações ficaram à cargo da Delegacia.,O escrivão deu início à lavratura do auto.,O suspeito recusou-se à prestar depoimento.,A equipe dirigiu-se à uma residência.,O perito respondeu à todas as perguntas.,B,Lavratura admite artigo feminino e início exige preposição a.
464,FGV,PM-SP,Direito Penal,Teoria do crime,"Sobre o arrependimento posterior (Art. 16, CP), assinale a correta:",Aplica-se com violência.,Reparação após a denúncia.,Reduz a pena de um a dois terços.,Exclui a ilicitude.,Prescinde de voluntariedade.,C,Redução legal de 1/3 a 2/3 se reparado antes do recebimento da denúncia.
465,VUNESP,PC-SP,Língua Portuguesa,"Crase, regência e concordância",Assinale a alternativa correta quanto à crase:,As investigações ficaram à cargo da Delegacia.,O escrivão deu início à lavratura do auto.,O suspeito recusou-se à prestar depoimento.,A equipe dirigiu-se à uma residência.,O perito respondeu à todas as perguntas.,B,Lavratura admite artigo feminino e início exige preposição a.
466,FGV,PM-SP,Direito Penal,Teoria do crime,"Sobre o arrependimento posterior (Art. 16, CP), assinale a correta:",Aplica-se com violência.,Reparação após a denúncia.,Reduz a pena de um a dois terços.,Exclui a ilicitude.,Prescinde de voluntariedade.,C,Redução legal de 1/3 a 2/3 se reparado antes do recebimento da denúncia.
467,VUNESP,PC-SP,Língua Portuguesa,"Crase, regência e concordância",Assinale a alternativa correta quanto à crase:,As investigações ficaram à cargo da Delegacia.,O escrivão deu início à lavratura do auto.,O suspeito recusou-se à prestar depoimento.,A equipe dirigiu-se à uma residência.,O perito respondeu à todas as perguntas.,B,Lavratura admite artigo feminino e início exige preposição a.
468,FGV,PM-SP,Direito Penal,Teoria do crime,"Sobre o arrependimento posterior (Art. 16, CP), assinale a correta:",Aplica-se com violência.,Reparação após a denúncia.,Reduz a pena de um a dois terços.,Exclui a ilicitude.,Prescinde de voluntariedade.,C,Redução legal de 1/3 a 2/3 se reparado antes do recebimento da denúncia.
469,VUNESP,PC-SP,Língua Portuguesa,"Crase, regência e concordância",Assinale a alternativa correta quanto à crase:,As investigações ficaram à cargo da Delegacia.,O escrivão deu início à lavratura do auto.,O suspeito recusou-se à prestar depoimento.,A equipe dirigiu-se à uma residência.,O perito respondeu à todas as perguntas.,B,Lavratura admite artigo feminino e início exige preposição a.
470,FGV,PM-SP,Direito Penal,Teoria do crime,"Sobre o arrependimento posterior (Art. 16, CP), assinale a correta:",Aplica-se com violência.,Reparação após a denúncia.,Reduz a pena de um a dois terços.,Exclui a ilicitude.,Prescinde de voluntariedade.,C,Redução legal de 1/3 a 2/3 se reparado antes do recebimento da denúncia.
471,VUNESP,PC-SP,Língua Portuguesa,"Crase, regência e concordância",Assinale a alternativa correta quanto à crase:,As investigações ficaram à cargo da Delegacia.,O escrivão deu início à lavratura do auto.,O suspeito recusou-se à prestar depoimento.,A equipe dirigiu-se à uma residência.,O perito respondeu à todas as perguntas.,B,Lavratura admite artigo feminino e início exige preposição a.
472,FGV,PM-SP,Direito Penal,Teoria do crime,"Sobre o arrependimento posterior (Art. 16, CP), assinale a correta:",Aplica-se com violência.,Reparação após a denúncia.,Reduz a pena de um a dois terços.,Exclui a ilicitude.,Prescinde de voluntariedade.,C,Redução legal de 1/3 a 2/3 se reparado antes do recebimento da denúncia.
473,VUNESP,PC-SP,Língua Portuguesa,"Crase, regência e concordância",Assinale a alternativa correta quanto à crase:,As investigações ficaram à cargo da Delegacia.,O escrivão deu início à lavratura do auto.,O suspeito recusou-se à prestar depoimento.,A equipe dirigiu-se à uma residência.,O perito respondeu à todas as perguntas.,B,Lavratura admite artigo feminino e início exige preposição a.
474,FGV,PM-SP,Direito Penal,Teoria do crime,"Sobre o arrependimento posterior (Art. 16, CP), assinale a correta:",Aplica-se com violência.,Reparação após a denúncia.,Reduz a pena de um a dois terços.,Exclui a ilicitude.,Prescinde de voluntariedade.,C,Redução legal de 1/3 a 2/3 se reparado antes do recebimento da denúncia.
475,VUNESP,PC-SP,Língua Portuguesa,"Crase, regência e concordância",Assinale a alternativa correta quanto à crase:,As investigações ficaram à cargo da Delegacia.,O escrivão deu início à lavratura do auto.,O suspeito recusou-se à prestar depoimento.,A equipe dirigiu-se à uma residência.,O perito respondeu à todas as perguntas.,B,Lavratura admite artigo feminino e início exige preposição a.
476,FGV,PM-SP,Direito Penal,Teoria do crime,"Sobre o arrependimento posterior (Art. 16, CP), assinale a correta:",Aplica-se com violência.,Reparação após a denúncia.,Reduz a pena de um a dois terços.,Exclui a ilicitude.,Prescinde de voluntariedade.,C,Redução legal de 1/3 a 2/3 se reparado antes do recebimento da denúncia.
477,VUNESP,PC-SP,Língua Portuguesa,"Crase, regência e concordância",Assinale a alternativa correta quanto à crase:,As investigações ficaram à cargo da Delegacia.,O escrivão deu início à lavratura do auto.,O suspeito recusou-se à prestar depoimento.,A equipe dirigiu-se à uma residência.,O perito respondeu à todas as perguntas.,B,Lavratura admite artigo feminino e início exige preposição a.
478,FGV,PM-SP,Direito Penal,Teoria do crime,"Sobre o arrependimento posterior (Art. 16, CP), assinale a correta:",Aplica-se com violência.,Reparação após a denúncia.,Reduz a pena de um a dois terços.,Exclui a ilicitude.,Prescinde de voluntariedade.,C,Redução legal de 1/3 a 2/3 se reparado antes do recebimento da denúncia.
479,VUNESP,PC-SP,Língua Portuguesa,"Crase, regência e concordância",Assinale a alternativa correta quanto à crase:,As investigações ficaram à cargo da Delegacia.,O escrivão deu início à lavratura do auto.,O suspeito recusou-se à prestar depoimento.,A equipe dirigiu-se à uma residência.,O perito respondeu à todas as perguntas.,B,Lavratura admite artigo feminino e início exige preposição a.
480,FGV,PM-SP,Direito Penal,Teoria do crime,"Sobre o arrependimento posterior (Art. 16, CP), assinale a correta:",Aplica-se com violência.,Reparação após a denúncia.,Reduz a pena de um a dois terços.,Exclui a ilicitude.,Prescinde de voluntariedade.,C,Redução legal de 1/3 a 2/3 se reparado antes do recebimento da denúncia.
481,VUNESP,PC-SP,Língua Portuguesa,"Crase, regência e concordância",Assinale a alternativa correta quanto à crase:,As investigações ficaram à cargo da Delegacia.,O escrivão deu início à lavratura do auto.,O suspeito recusou-se à prestar depoimento.,A equipe dirigiu-se à uma residência.,O perito respondeu à todas as perguntas.,B,Lavratura admite artigo feminino e início exige preposição a.
482,FGV,PM-SP,Direito Penal,Teoria do crime,"Sobre o arrependimento posterior (Art. 16, CP), assinale a correta:",Aplica-se com violência.,Reparação após a denúncia.,Reduz a pena de um a dois terços.,Exclui a ilicitude.,Prescinde de voluntariedade.,C,Redução legal de 1/3 a 2/3 se reparado antes do recebimento da denúncia.
483,VUNESP,PC-SP,Língua Portuguesa,"Crase, regência e concordância",Assinale a alternativa correta quanto à crase:,As investigações ficaram à cargo da Delegacia.,O escrivão deu início à lavratura do auto.,O suspeito recusou-se à prestar depoimento.,A equipe dirigiu-se à uma residência.,O perito respondeu à todas as perguntas.,B,Lavratura admite artigo feminino e início exige preposição a.
484,FGV,PM-SP,Direito Penal,Teoria do crime,"Sobre o arrependimento posterior (Art. 16, CP), assinale a correta:",Aplica-se com violência.,Reparação após a denúncia.,Reduz a pena de um a dois terços.,Exclui a ilicitude.,Prescinde de voluntariedade.,C,Redução legal de 1/3 a 2/3 se reparado antes do recebimento da denúncia.
485,VUNESP,PC-SP,Língua Portuguesa,"Crase, regência e concordância",Assinale a alternativa correta quanto à crase:,As investigações ficaram à cargo da Delegacia.,O escrivão deu início à lavratura do auto.,O suspeito recusou-se à prestar depoimento.,A equipe dirigiu-se à uma residência.,O perito respondeu à todas as perguntas.,B,Lavratura admite artigo feminino e início exige preposição a.
486,FGV,PM-SP,Direito Penal,Teoria do crime,"Sobre o arrependimento posterior (Art. 16, CP), assinale a correta:",Aplica-se com violência.,Reparação após a denúncia.,Reduz a pena de um a dois terços.,Exclui a ilicitude.,Prescinde de voluntariedade.,C,Redução legal de 1/3 a 2/3 se reparado antes do recebimento da denúncia.
487,VUNESP,PC-SP,Língua Portuguesa,"Crase, regência e concordância",Assinale a alternativa correta quanto à crase:,As investigações ficaram à cargo da Delegacia.,O escrivão deu início à lavratura do auto.,O suspeito recusou-se à prestar depoimento.,A equipe dirigiu-se à uma residência.,O perito respondeu à todas as perguntas.,B,Lavratura admite artigo feminino e início exige preposição a.
488,FGV,PM-SP,Direito Penal,Teoria do crime,"Sobre o arrependimento posterior (Art. 16, CP), assinale a correta:",Aplica-se com violência.,Reparação após a denúncia.,Reduz a pena de um a dois terços.,Exclui a ilicitude.,Prescinde de voluntariedade.,C,Redução legal de 1/3 a 2/3 se reparado antes do recebimento da denúncia.
489,VUNESP,PC-SP,Língua Portuguesa,"Crase, regência e concordância",Assinale a alternativa correta quanto à crase:,As investigações ficaram à cargo da Delegacia.,O escrivão deu início à lavratura do auto.,O suspeito recusou-se à prestar depoimento.,A equipe dirigiu-se à uma residência.,O perito respondeu à todas as perguntas.,B,Lavratura admite artigo feminino e início exige preposição a.
490,FGV,PM-SP,Direito Penal,Teoria do crime,"Sobre o arrependimento posterior (Art. 16, CP), assinale a correta:",Aplica-se com violência.,Reparação após a denúncia.,Reduz a pena de um a dois terços.,Exclui a ilicitude.,Prescinde de voluntariedade.,C,Redução legal de 1/3 a 2/3 se reparado antes do recebimento da denúncia.
491,VUNESP,PC-SP,Língua Portuguesa,"Crase, regência e concordância",Assinale a alternativa correta quanto à crase:,As investigações ficaram à cargo da Delegacia.,O escrivão deu início à lavratura do auto.,O suspeito recusou-se à prestar depoimento.,A equipe dirigiu-se à uma residência.,O perito respondeu à todas as perguntas.,B,Lavratura admite artigo feminino e início exige preposição a.
492,FGV,PM-SP,Direito Penal,Teoria do crime,"Sobre o arrependimento posterior (Art. 16, CP), assinale a correta:",Aplica-se com violência.,Reparação após a denúncia.,Reduz a pena de um a dois terços.,Exclui a ilicitude.,Prescinde de voluntariedade.,C,Redução legal de 1/3 a 2/3 se reparado antes do recebimento da denúncia.
493,VUNESP,PC-SP,Língua Portuguesa,"Crase, regência e concordância",Assinale a alternativa correta quanto à crase:,As investigações ficaram à cargo da Delegacia.,O escrivão deu início à lavratura do auto.,O suspeito recusou-se à prestar depoimento.,A equipe dirigiu-se à uma residência.,O perito respondeu à todas as perguntas.,B,Lavratura admite artigo feminino e início exige preposição a.
494,FGV,PM-SP,Direito Penal,Teoria do crime,"Sobre o arrependimento posterior (Art. 16, CP), assinale a correta:",Aplica-se com violência.,Reparação após a denúncia.,Reduz a pena de um a dois terços.,Exclui a ilicitude.,Prescinde de voluntariedade.,C,Redução legal de 1/3 a 2/3 se reparado antes do recebimento da denúncia.
495,VUNESP,PC-SP,Língua Portuguesa,"Crase, regência e concordância",Assinale a alternativa correta quanto à crase:,As investigações ficaram à cargo da Delegacia.,O escrivão deu início à lavratura do auto.,O suspeito recusou-se à prestar depoimento.,A equipe dirigiu-se à uma residência.,O perito respondeu à todas as perguntas.,B,Lavratura admite artigo feminino e início exige preposição a.
496,FGV,PM-SP,Direito Penal,Teoria do crime,"Sobre o arrependimento posterior (Art. 16, CP), assinale a correta:",Aplica-se com violência.,Reparação após a denúncia.,Reduz a pena de um a dois terços.,Exclui a ilicitude.,Prescinde de voluntariedade.,C,Redução legal de 1/3 a 2/3 se reparado antes do recebimento da denúncia.
497,VUNESP,PC-SP,Língua Portuguesa,"Crase, regência e concordância",Assinale a alternativa correta quanto à crase:,As investigações ficaram à cargo da Delegacia.,O escrivão deu início à lavratura do auto.,O suspeito recusou-se à prestar depoimento.,A equipe dirigiu-se à uma residência.,O perito respondeu à todas as perguntas.,B,Lavratura admite artigo feminino e início exige preposição a.
498,FGV,PM-SP,Direito Penal,Teoria do crime,"Sobre o arrependimento posterior (Art. 16, CP), assinale a correta:",Aplica-se com violência.,Reparação após a denúncia.,Reduz a pena de um a dois terços.,Exclui a ilicitude.,Prescinde de voluntariedade.,C,Redução legal de 1/3 a 2/3 se reparado antes do recebimento da denúncia.
499,VUNESP,PC-SP,Língua Portuguesa,"Crase, regência e concordância",Assinale a alternativa correta quanto à crase:,As investigações ficaram à cargo da Delegacia.,O escrivão deu início à lavratura do auto.,O suspeito recusou-se à prestar depoimento.,A equipe dirigiu-se à uma residência.,O perito respondeu à todas as perguntas.,B,Lavratura admite artigo feminino e início exige preposição a.
500,FGV,PM-SP,Direito Penal,Teoria do crime,"Sobre o arrependimento posterior (Art. 16, CP), assinale a correta:",Aplica-se com violência.,Reparação após a denúncia.,Reduz a pena de um a dois terços.,Exclui a ilicitude.,Prescinde de voluntariedade.,C,Redução legal de 1/3 a 2/3 se reparado antes do recebimento da denúncia.
501,VUNESP,PC-SP,Língua Portuguesa,"Crase, regência e concordância",Assinale a alternativa correta quanto à crase:,As investigações ficaram à cargo da Delegacia.,O escrivão deu início à lavratura do auto.,O suspeito recusou-se à prestar depoimento.,A equipe dirigiu-se à uma residência.,O perito respondeu à todas as perguntas.,B,Lavratura admite artigo feminino e início exige preposição a.
502,FGV,PM-SP,Direito Penal,Teoria do crime,"Sobre o arrependimento posterior (Art. 16, CP), assinale a correta:",Aplica-se com violência.,Reparação após a denúncia.,Reduz a pena de um a dois terços.,Exclui a ilicitude.,Prescinde de voluntariedade.,C,Redução legal de 1/3 a 2/3 se reparado antes do recebimento da denúncia.
503,VUNESP,PC-SP,Língua Portuguesa,"Crase, regência e concordância",Assinale a alternativa correta quanto à crase:,As investigações ficaram à cargo da Delegacia.,O escrivão deu início à lavratura do auto.,O suspeito recusou-se à prestar depoimento.,A equipe dirigiu-se à uma residência.,O perito respondeu à todas as perguntas.,B,Lavratura admite artigo feminino e início exige preposição a.
504,FGV,PM-SP,Direito Penal,Teoria do crime,"Sobre o arrependimento posterior (Art. 16, CP), assinale a correta:",Aplica-se com violência.,Reparação após a denúncia.,Reduz a pena de um a dois terços.,Exclui a ilicitude.,Prescinde de voluntariedade.,C,Redução legal de 1/3 a 2/3 se reparado antes do recebimento da denúncia.
505,VUNESP,PC-SP,Língua Portuguesa,"Crase, regência e concordância",Assinale a alternativa correta quanto à crase:,As investigações ficaram à cargo da Delegacia.,O escrivão deu início à lavratura do auto.,O suspeito recusou-se à prestar depoimento.,A equipe dirigiu-se à uma residência.,O perito respondeu à todas as perguntas.,B,Lavratura admite artigo feminino e início exige preposição a.
506,FGV,PM-SP,Direito Penal,Teoria do crime,"Sobre o arrependimento posterior (Art. 16, CP), assinale a correta:",Aplica-se com violência.,Reparação após a denúncia.,Reduz a pena de um a dois terços.,Exclui a ilicitude.,Prescinde de voluntariedade.,C,Redução legal de 1/3 a 2/3 se reparado antes do recebimento da denúncia.
507,VUNESP,PC-SP,Língua Portuguesa,"Crase, regência e concordância",Assinale a alternativa correta quanto à crase:,As investigações ficaram à cargo da Delegacia.,O escrivão deu início à lavratura do auto.,O suspeito recusou-se à prestar depoimento.,A equipe dirigiu-se à uma residência.,O perito respondeu à todas as perguntas.,B,Lavratura admite artigo feminino e início exige preposição a.
508,FGV,PM-SP,Direito Penal,Teoria do crime,"Sobre o arrependimento posterior (Art. 16, CP), assinale a correta:",Aplica-se com violência.,Reparação após a denúncia.,Reduz a pena de um a dois terços.,Exclui a ilicitude.,Prescinde de voluntariedade.,C,Redução legal de 1/3 a 2/3 se reparado antes do recebimento da denúncia.
509,VUNESP,PC-SP,Língua Portuguesa,"Crase, regência e concordância",Assinale a alternativa correta quanto à crase:,As investigações ficaram à cargo da Delegacia.,O escrivão deu início à lavratura do auto.,O suspeito recusou-se à prestar depoimento.,A equipe dirigiu-se à uma residência.,O perito respondeu à todas as perguntas.,B,Lavratura admite artigo feminino e início exige preposição a.
510,FGV,PM-SP,Direito Penal,Teoria do crime,"Sobre o arrependimento posterior (Art. 16, CP), assinale a correta:",Aplica-se com violência.,Reparação após a denúncia.,Reduz a pena de um a dois terços.,Exclui a ilicitude.,Prescinde de voluntariedade.,C,Redução legal de 1/3 a 2/3 se reparado antes do recebimento da denúncia.
511,VUNESP,PC-SP,Língua Portuguesa,"Crase, regência e concordância",Assinale a alternativa correta quanto à crase:,As investigações ficaram à cargo da Delegacia.,O escrivão deu início à lavratura do auto.,O suspeito recusou-se à prestar depoimento.,A equipe dirigiu-se à uma residência.,O perito respondeu à todas as perguntas.,B,Lavratura admite artigo feminino e início exige preposição a.
512,FGV,PM-SP,Direito Penal,Teoria do crime,"Sobre o arrependimento posterior (Art. 16, CP), assinale a correta:",Aplica-se com violência.,Reparação após a denúncia.,Reduz a pena de um a dois terços.,Exclui a ilicitude.,Prescinde de voluntariedade.,C,Redução legal de 1/3 a 2/3 se reparado antes do recebimento da denúncia.
513,VUNESP,PC-SP,Língua Portuguesa,"Crase, regência e concordância",Assinale a alternativa correta quanto à crase:,As investigações ficaram à cargo da Delegacia.,O escrivão deu início à lavratura do auto.,O suspeito recusou-se à prestar depoimento.,A equipe dirigiu-se à uma residência.,O perito respondeu à todas as perguntas.,B,Lavratura admite artigo feminino e início exige preposição a.
514,FGV,PM-SP,Direito Penal,Teoria do crime,"Sobre o arrependimento posterior (Art. 16, CP), assinale a correta:",Aplica-se com violência.,Reparação após a denúncia.,Reduz a pena de um a dois terços.,Exclui a ilicitude.,Prescinde de voluntariedade.,C,Redução legal de 1/3 a 2/3 se reparado antes do recebimento da denúncia.
515,VUNESP,PC-SP,Língua Portuguesa,"Crase, regência e concordância",Assinale a alternativa correta quanto à crase:,As investigações ficaram à cargo da Delegacia.,O escrivão deu início à lavratura do auto.,O suspeito recusou-se à prestar depoimento.,A equipe dirigiu-se à uma residência.,O perito respondeu à todas as perguntas.,B,Lavratura admite artigo feminino e início exige preposição a.
516,FGV,PM-SP,Direito Penal,Teoria do crime,"Sobre o arrependimento posterior (Art. 16, CP), assinale a correta:",Aplica-se com violência.,Reparação após a denúncia.,Reduz a pena de um a dois terços.,Exclui a ilicitude.,Prescinde de voluntariedade.,C,Redução legal de 1/3 a 2/3 se reparado antes do recebimento da denúncia.
517,VUNESP,PC-SP,Língua Portuguesa,"Crase, regência e concordância",Assinale a alternativa correta quanto à crase:,As investigações ficaram à cargo da Delegacia.,O escrivão deu início à lavratura do auto.,O suspeito recusou-se à prestar depoimento.,A equipe dirigiu-se à uma residência.,O perito respondeu à todas as perguntas.,B,Lavratura admite artigo feminino e início exige preposição a.
518,FGV,PM-SP,Direito Penal,Teoria do crime,"Sobre o arrependimento posterior (Art. 16, CP), assinale a correta:",Aplica-se com violência.,Reparação após a denúncia.,Reduz a pena de um a dois terços.,Exclui a ilicitude.,Prescinde de voluntariedade.,C,Redução legal de 1/3 a 2/3 se reparado antes do recebimento da denúncia.
519,VUNESP,PC-SP,Língua Portuguesa,"Crase, regência e concordância",Assinale a alternativa correta quanto à crase:,As investigações ficaram à cargo da Delegacia.,O escrivão deu início à lavratura do auto.,O suspeito recusou-se à prestar depoimento.,A equipe dirigiu-se à uma residência.,O perito respondeu à todas as perguntas.,B,Lavratura admite artigo feminino e início exige preposição a.
520,FGV,PM-SP,Direito Penal,Teoria do crime,"Sobre o arrependimento posterior (Art. 16, CP), assinale a correta:",Aplica-se com violência.,Reparação após a denúncia.,Reduz a pena de um a dois terços.,Exclui a ilicitude.,Prescinde de voluntariedade.,C,Redução legal de 1/3 a 2/3 se reparado antes do recebimento da denúncia.
521,VUNESP,PC-SP,Língua Portuguesa,"Crase, regência e concordância",Assinale a alternativa correta quanto à crase:,As investigações ficaram à cargo da Delegacia.,O escrivão deu início à lavratura do auto.,O suspeito recusou-se à prestar depoimento.,A equipe dirigiu-se à uma residência.,O perito respondeu à todas as perguntas.,B,Lavratura admite artigo feminino e início exige preposição a.
522,FGV,PM-SP,Direito Penal,Teoria do crime,"Sobre o arrependimento posterior (Art. 16, CP), assinale a correta:",Aplica-se com violência.,Reparação após a denúncia.,Reduz a pena de um a dois terços.,Exclui a ilicitude.,Prescinde de voluntariedade.,C,Redução legal de 1/3 a 2/3 se reparado antes do recebimento da denúncia.
523,VUNESP,PC-SP,Língua Portuguesa,"Crase, regência e concordância",Assinale a alternativa correta quanto à crase:,As investigações ficaram à cargo da Delegacia.,O escrivão deu início à lavratura do auto.,O suspeito recusou-se à prestar depoimento.,A equipe dirigiu-se à uma residência.,O perito respondeu à todas as perguntas.,B,Lavratura admite artigo feminino e início exige preposição a.
524,FGV,PM-SP,Direito Penal,Teoria do crime,"Sobre o arrependimento posterior (Art. 16, CP), assinale a correta:",Aplica-se com violência.,Reparação após a denúncia.,Reduz a pena de um a dois terços.,Exclui a ilicitude.,Prescinde de voluntariedade.,C,Redução legal de 1/3 a 2/3 se reparado antes do recebimento da denúncia.
525,VUNESP,PC-SP,Língua Portuguesa,"Crase, regência e concordância",Assinale a alternativa correta quanto à crase:,As investigações ficaram à cargo da Delegacia.,O escrivão deu início à lavratura do auto.,O suspeito recusou-se à prestar depoimento.,A equipe dirigiu-se à uma residência.,O perito respondeu à todas as perguntas.,B,Lavratura admite artigo feminino e início exige preposição a.
526,FGV,PM-SP,Direito Penal,Teoria do crime,"Sobre o arrependimento posterior (Art. 16, CP), assinale a correta:",Aplica-se com violência.,Reparação após a denúncia.,Reduz a pena de um a dois terços.,Exclui a ilicitude.,Prescinde de voluntariedade.,C,Redução legal de 1/3 a 2/3 se reparado antes do recebimento da denúncia.
527,VUNESP,PC-SP,Língua Portuguesa,"Crase, regência e concordância",Assinale a alternativa correta quanto à crase:,As investigações ficaram à cargo da Delegacia.,O escrivão deu início à lavratura do auto.,O suspeito recusou-se à prestar depoimento.,A equipe dirigiu-se à uma residência.,O perito respondeu à todas as perguntas.,B,Lavratura admite artigo feminino e início exige preposição a.
528,FGV,PM-SP,Direito Penal,Teoria do crime,"Sobre o arrependimento posterior (Art. 16, CP), assinale a correta:",Aplica-se com violência.,Reparação após a denúncia.,Reduz a pena de um a dois terços.,Exclui a ilicitude.,Prescinde de voluntariedade.,C,Redução legal de 1/3 a 2/3 se reparado antes do recebimento da denúncia.
529,VUNESP,PC-SP,Língua Portuguesa,"Crase, regência e concordância",Assinale a alternativa correta quanto à crase:,As investigações ficaram à cargo da Delegacia.,O escrivão deu início à lavratura do auto.,O suspeito recusou-se à prestar depoimento.,A equipe dirigiu-se à uma residência.,O perito respondeu à todas as perguntas.,B,Lavratura admite artigo feminino e início exige preposição a.
530,FGV,PM-SP,Direito Penal,Teoria do crime,"Sobre o arrependimento posterior (Art. 16, CP), assinale a correta:",Aplica-se com violência.,Reparação após a denúncia.,Reduz a pena de um a dois terços.,Exclui a ilicitude.,Prescinde de voluntariedade.,C,Redução legal de 1/3 a 2/3 se reparado antes do recebimento da denúncia.
531,VUNESP,PC-SP,Língua Portuguesa,"Crase, regência e concordância",Assinale a alternativa correta quanto à crase:,As investigações ficaram à cargo da Delegacia.,O escrivão deu início à lavratura do auto.,O suspeito recusou-se à prestar depoimento.,A equipe dirigiu-se à uma residência.,O perito respondeu à todas as perguntas.,B,Lavratura admite artigo feminino e início exige preposição a.
532,FGV,PM-SP,Direito Penal,Teoria do crime,"Sobre o arrependimento posterior (Art. 16, CP), assinale a correta:",Aplica-se com violência.,Reparação após a denúncia.,Reduz a pena de um a dois terços.,Exclui a ilicitude.,Prescinde de voluntariedade.,C,Redução legal de 1/3 a 2/3 se reparado antes do recebimento da denúncia.
533,VUNESP,PC-SP,Língua Portuguesa,"Crase, regência e concordância",Assinale a alternativa correta quanto à crase:,As investigações ficaram à cargo da Delegacia.,O escrivão deu início à lavratura do auto.,O suspeito recusou-se à prestar depoimento.,A equipe dirigiu-se à uma residência.,O perito respondeu à todas as perguntas.,B,Lavratura admite artigo feminino e início exige preposição a.
534,FGV,PM-SP,Direito Penal,Teoria do crime,"Sobre o arrependimento posterior (Art. 16, CP), assinale a correta:",Aplica-se com violência.,Reparação após a denúncia.,Reduz a pena de um a dois terços.,Exclui a ilicitude.,Prescinde de voluntariedade.,C,Redução legal de 1/3 a 2/3 se reparado antes do recebimento da denúncia.
535,VUNESP,PC-SP,Língua Portuguesa,"Crase, regência e concordância",Assinale a alternativa correta quanto à crase:,As investigações ficaram à cargo da Delegacia.,O escrivão deu início à lavratura do auto.,O suspeito recusou-se à prestar depoimento.,A equipe dirigiu-se à uma residência.,O perito respondeu à todas as perguntas.,B,Lavratura admite artigo feminino e início exige preposição a.
536,FGV,PM-SP,Direito Penal,Teoria do crime,"Sobre o arrependimento posterior (Art. 16, CP), assinale a correta:",Aplica-se com violência.,Reparação após a denúncia.,Reduz a pena de um a dois terços.,Exclui a ilicitude.,Prescinde de voluntariedade.,C,Redução legal de 1/3 a 2/3 se reparado antes do recebimento da denúncia.
537,VUNESP,PC-SP,Língua Portuguesa,"Crase, regência e concordância",Assinale a alternativa correta quanto à crase:,As investigações ficaram à cargo da Delegacia.,O escrivão deu início à lavratura do auto.,O suspeito recusou-se à prestar depoimento.,A equipe dirigiu-se à uma residência.,O perito respondeu à todas as perguntas.,B,Lavratura admite artigo feminino e início exige preposição a.
538,FGV,PM-SP,Direito Penal,Teoria do crime,"Sobre o arrependimento posterior (Art. 16, CP), assinale a correta:",Aplica-se com violência.,Reparação após a denúncia.,Reduz a pena de um a dois terços.,Exclui a ilicitude.,Prescinde de voluntariedade.,C,Redução legal de 1/3 a 2/3 se reparado antes do recebimento da denúncia.
539,VUNESP,PC-SP,Língua Portuguesa,"Crase, regência e concordância",Assinale a alternativa correta quanto à crase:,As investigações ficaram à cargo da Delegacia.,O escrivão deu início à lavratura do auto.,O suspeito recusou-se à prestar depoimento.,A equipe dirigiu-se à uma residência.,O perito respondeu à todas as perguntas.,B,Lavratura admite artigo feminino e início exige preposição a.
540,FGV,PM-SP,Direito Penal,Teoria do crime,"Sobre o arrependimento posterior (Art. 16, CP), assinale a correta:",Aplica-se com violência.,Reparação após a denúncia.,Reduz a pena de um a dois terços.,Exclui a ilicitude.,Prescinde de voluntariedade.,C,Redução legal de 1/3 a 2/3 se reparado antes do recebimento da denúncia.
541,VUNESP,PC-SP,Língua Portuguesa,"Crase, regência e concordância",Assinale a alternativa correta quanto à crase:,As investigações ficaram à cargo da Delegacia.,O escrivão deu início à lavratura do auto.,O suspeito recusou-se à prestar depoimento.,A equipe dirigiu-se à uma residência.,O perito respondeu à todas as perguntas.,B,Lavratura admite artigo feminino e início exige preposição a.
542,FGV,PM-SP,Direito Penal,Teoria do crime,"Sobre o arrependimento posterior (Art. 16, CP), assinale a correta:",Aplica-se com violência.,Reparação após a denúncia.,Reduz a pena de um a dois terços.,Exclui a ilicitude.,Prescinde de voluntariedade.,C,Redução legal de 1/3 a 2/3 se reparado antes do recebimento da denúncia.
543,VUNESP,PC-SP,Língua Portuguesa,"Crase, regência e concordância",Assinale a alternativa correta quanto à crase:,As investigações ficaram à cargo da Delegacia.,O escrivão deu início à lavratura do auto.,O suspeito recusou-se à prestar depoimento.,A equipe dirigiu-se à uma residência.,O perito respondeu à todas as perguntas.,B,Lavratura admite artigo feminino e início exige preposição a.
544,FGV,PM-SP,Direito Penal,Teoria do crime,"Sobre o arrependimento posterior (Art. 16, CP), assinale a correta:",Aplica-se com violência.,Reparação após a denúncia.,Reduz a pena de um a dois terços.,Exclui a ilicitude.,Prescinde de voluntariedade.,C,Redução legal de 1/3 a 2/3 se reparado antes do recebimento da denúncia.
545,VUNESP,PC-SP,Língua Portuguesa,"Crase, regência e concordância",Assinale a alternativa correta quanto à crase:,As investigações ficaram à cargo da Delegacia.,O escrivão deu início à lavratura do auto.,O suspeito recusou-se à prestar depoimento.,A equipe dirigiu-se à uma residência.,O perito respondeu à todas as perguntas.,B,Lavratura admite artigo feminino e início exige preposição a.
546,FGV,PM-SP,Direito Penal,Teoria do crime,"Sobre o arrependimento posterior (Art. 16, CP), assinale a correta:",Aplica-se com violência.,Reparação após a denúncia.,Reduz a pena de um a dois terços.,Exclui a ilicitude.,Prescinde de voluntariedade.,C,Redução legal de 1/3 a 2/3 se reparado antes do recebimento da denúncia.
547,VUNESP,PC-SP,Língua Portuguesa,"Crase, regência e concordância",Assinale a alternativa correta quanto à crase:,As investigações ficaram à cargo da Delegacia.,O escrivão deu início à lavratura do auto.,O suspeito recusou-se à prestar depoimento.,A equipe dirigiu-se à uma residência.,O perito respondeu à todas as perguntas.,B,Lavratura admite artigo feminino e início exige preposição a.
548,FGV,PM-SP,Direito Penal,Teoria do crime,"Sobre o arrependimento posterior (Art. 16, CP), assinale a correta:",Aplica-se com violência.,Reparação após a denúncia.,Reduz a pena de um a dois terços.,Exclui a ilicitude.,Prescinde de voluntariedade.,C,Redução legal de 1/3 a 2/3 se reparado antes do recebimento da denúncia.
549,VUNESP,PC-SP,Língua Portuguesa,"Crase, regência e concordância",Assinale a alternativa correta quanto à crase:,As investigações ficaram à cargo da Delegacia.,O escrivão deu início à lavratura do auto.,O suspeito recusou-se à prestar depoimento.,A equipe dirigiu-se à uma residência.,O perito respondeu à todas as perguntas.,B,Lavratura admite artigo feminino e início exige preposição a.
550,FGV,PM-SP,Direito Penal,Teoria do crime,"Sobre o arrependimento posterior (Art. 16, CP), assinale a correta:",Aplica-se com violência.,Reparação após a denúncia.,Reduz a pena de um a dois terços.,Exclui a ilicitude.,Prescinde de voluntariedade.,C,Redução legal de 1/3 a 2/3 se reparado antes do recebimento da denúncia.
551,VUNESP,PC-SP,Língua Portuguesa,"Crase, regência e concordância",Assinale a alternativa correta quanto à crase:,As investigações ficaram à cargo da Delegacia.,O escrivão deu início à lavratura do auto.,O suspeito recusou-se à prestar depoimento.,A equipe dirigiu-se à uma residência.,O perito respondeu à todas as perguntas.,B,Lavratura admite artigo feminino e início exige preposição a.
552,FGV,PM-SP,Direito Penal,Teoria do crime,"Sobre o arrependimento posterior (Art. 16, CP), assinale a correta:",Aplica-se com violência.,Reparação após a denúncia.,Reduz a pena de um a dois terços.,Exclui a ilicitude.,Prescinde de voluntariedade.,C,Redução legal de 1/3 a 2/3 se reparado antes do recebimento da denúncia.
553,VUNESP,PC-SP,Língua Portuguesa,"Crase, regência e concordância",Assinale a alternativa correta quanto à crase:,As investigações ficaram à cargo da Delegacia.,O escrivão deu início à lavratura do auto.,O suspeito recusou-se à prestar depoimento.,A equipe dirigiu-se à uma residência.,O perito respondeu à todas as perguntas.,B,Lavratura admite artigo feminino e início exige preposição a.
554,FGV,PM-SP,Direito Penal,Teoria do crime,"Sobre o arrependimento posterior (Art. 16, CP), assinale a correta:",Aplica-se com violência.,Reparação após a denúncia.,Reduz a pena de um a dois terços.,Exclui a ilicitude.,Prescinde de voluntariedade.,C,Redução legal de 1/3 a 2/3 se reparado antes do recebimento da denúncia.
555,VUNESP,PC-SP,Língua Portuguesa,"Crase, regência e concordância",Assinale a alternativa correta quanto à crase:,As investigações ficaram à cargo da Delegacia.,O escrivão deu início à lavratura do auto.,O suspeito recusou-se à prestar depoimento.,A equipe dirigiu-se à uma residência.,O perito respondeu à todas as perguntas.,B,Lavratura admite artigo feminino e início exige preposição a.
556,FGV,PM-SP,Direito Penal,Teoria do crime,"Sobre o arrependimento posterior (Art. 16, CP), assinale a correta:",Aplica-se com violência.,Reparação após a denúncia.,Reduz a pena de um a dois terços.,Exclui a ilicitude.,Prescinde de voluntariedade.,C,Redução legal de 1/3 a 2/3 se reparado antes do recebimento da denúncia.
557,VUNESP,PC-SP,Língua Portuguesa,"Crase, regência e concordância",Assinale a alternativa correta quanto à crase:,As investigações ficaram à cargo da Delegacia.,O escrivão deu início à lavratura do auto.,O suspeito recusou-se à prestar depoimento.,A equipe dirigiu-se à uma residência.,O perito respondeu à todas as perguntas.,B,Lavratura admite artigo feminino e início exige preposição a.
558,FGV,PM-SP,Direito Penal,Teoria do crime,"Sobre o arrependimento posterior (Art. 16, CP), assinale a correta:",Aplica-se com violência.,Reparação após a denúncia.,Reduz a pena de um a dois terços.,Exclui a ilicitude.,Prescinde de voluntariedade.,C,Redução legal de 1/3 a 2/3 se reparado antes do recebimento da denúncia.
559,VUNESP,PC-SP,Língua Portuguesa,"Crase, regência e concordância",Assinale a alternativa correta quanto à crase:,As investigações ficaram à cargo da Delegacia.,O escrivão deu início à lavratura do auto.,O suspeito recusou-se à prestar depoimento.,A equipe dirigiu-se à uma residência.,O perito respondeu à todas as perguntas.,B,Lavratura admite artigo feminino e início exige preposição a.
560,FGV,PM-SP,Direito Penal,Teoria do crime,"Sobre o arrependimento posterior (Art. 16, CP), assinale a correta:",Aplica-se com violência.,Reparação após a denúncia.,Reduz a pena de um a dois terços.,Exclui a ilicitude.,Prescinde de voluntariedade.,C,Redução legal de 1/3 a 2/3 se reparado antes do recebimento da denúncia.
561,VUNESP,PC-SP,Língua Portuguesa,"Crase, regência e concordância",Assinale a alternativa correta quanto à crase:,As investigações ficaram à cargo da Delegacia.,O escrivão deu início à lavratura do auto.,O suspeito recusou-se à prestar depoimento.,A equipe dirigiu-se à uma residência.,O perito respondeu à todas as perguntas.,B,Lavratura admite artigo feminino e início exige preposição a.
562,FGV,PM-SP,Direito Penal,Teoria do crime,"Sobre o arrependimento posterior (Art. 16, CP), assinale a correta:",Aplica-se com violência.,Reparação após a denúncia.,Reduz a pena de um a dois terços.,Exclui a ilicitude.,Prescinde de voluntariedade.,C,Redução legal de 1/3 a 2/3 se reparado antes do recebimento da denúncia.
563,VUNESP,PC-SP,Língua Portuguesa,"Crase, regência e concordância",Assinale a alternativa correta quanto à crase:,As investigações ficaram à cargo da Delegacia.,O escrivão deu início à lavratura do auto.,O suspeito recusou-se à prestar depoimento.,A equipe dirigiu-se à uma residência.,O perito respondeu à todas as perguntas.,B,Lavratura admite artigo feminino e início exige preposição a.
564,FGV,PM-SP,Direito Penal,Teoria do crime,"Sobre o arrependimento posterior (Art. 16, CP), assinale a correta:",Aplica-se com violência.,Reparação após a denúncia.,Reduz a pena de um a dois terços.,Exclui a ilicitude.,Prescinde de voluntariedade.,C,Redução legal de 1/3 a 2/3 se reparado antes do recebimento da denúncia.
565,VUNESP,PC-SP,Língua Portuguesa,"Crase, regência e concordância",Assinale a alternativa correta quanto à crase:,As investigações ficaram à cargo da Delegacia.,O escrivão deu início à lavratura do auto.,O suspeito recusou-se à prestar depoimento.,A equipe dirigiu-se à uma residência.,O perito respondeu à todas as perguntas.,B,Lavratura admite artigo feminino e início exige preposição a.
566,FGV,PM-SP,Direito Penal,Teoria do crime,"Sobre o arrependimento posterior (Art. 16, CP), assinale a correta:",Aplica-se com violência.,Reparação após a denúncia.,Reduz a pena de um a dois terços.,Exclui a ilicitude.,Prescinde de voluntariedade.,C,Redução legal de 1/3 a 2/3 se reparado antes do recebimento da denúncia.
567,VUNESP,PC-SP,Língua Portuguesa,"Crase, regência e concordância",Assinale a alternativa correta quanto à crase:,As investigações ficaram à cargo da Delegacia.,O escrivão deu início à lavratura do auto.,O suspeito recusou-se à prestar depoimento.,A equipe dirigiu-se à uma residência.,O perito respondeu à todas as perguntas.,B,Lavratura admite artigo feminino e início exige preposição a.
568,FGV,PM-SP,Direito Penal,Teoria do crime,"Sobre o arrependimento posterior (Art. 16, CP), assinale a correta:",Aplica-se com violência.,Reparação após a denúncia.,Reduz a pena de um a dois terços.,Exclui a ilicitude.,Prescinde de voluntariedade.,C,Redução legal de 1/3 a 2/3 se reparado antes do recebimento da denúncia.
569,VUNESP,PC-SP,Língua Portuguesa,"Crase, regência e concordância",Assinale a alternativa correta quanto à crase:,As investigações ficaram à cargo da Delegacia.,O escrivão deu início à lavratura do auto.,O suspeito recusou-se à prestar depoimento.,A equipe dirigiu-se à uma residência.,O perito respondeu à todas as perguntas.,B,Lavratura admite artigo feminino e início exige preposição a.
570,FGV,PM-SP,Direito Penal,Teoria do crime,"Sobre o arrependimento posterior (Art. 16, CP), assinale a correta:",Aplica-se com violência.,Reparação após a denúncia.,Reduz a pena de um a dois terços.,Exclui a ilicitude.,Prescinde de voluntariedade.,C,Redução legal de 1/3 a 2/3 se reparado antes do recebimento da denúncia.
571,VUNESP,PC-SP,Língua Portuguesa,"Crase, regência e concordância",Assinale a alternativa correta quanto à crase:,As investigações ficaram à cargo da Delegacia.,O escrivão deu início à lavratura do auto.,O suspeito recusou-se à prestar depoimento.,A equipe dirigiu-se à uma residência.,O perito respondeu à todas as perguntas.,B,Lavratura admite artigo feminino e início exige preposição a.
572,FGV,PM-SP,Direito Penal,Teoria do crime,"Sobre o arrependimento posterior (Art. 16, CP), assinale a correta:",Aplica-se com violência.,Reparação após a denúncia.,Reduz a pena de um a dois terços.,Exclui a ilicitude.,Prescinde de voluntariedade.,C,Redução legal de 1/3 a 2/3 se reparado antes do recebimento da denúncia.
573,VUNESP,PC-SP,Língua Portuguesa,"Crase, regência e concordância",Assinale a alternativa correta quanto à crase:,As investigações ficaram à cargo da Delegacia.,O escrivão deu início à lavratura do auto.,O suspeito recusou-se à prestar depoimento.,A equipe dirigiu-se à uma residência.,O perito respondeu à todas as perguntas.,B,Lavratura admite artigo feminino e início exige preposição a.
574,FGV,PM-SP,Direito Penal,Teoria do crime,"Sobre o arrependimento posterior (Art. 16, CP), assinale a correta:",Aplica-se com violência.,Reparação após a denúncia.,Reduz a pena de um a dois terços.,Exclui a ilicitude.,Prescinde de voluntariedade.,C,Redução legal de 1/3 a 2/3 se reparado antes do recebimento da denúncia.
575,VUNESP,PC-SP,Língua Portuguesa,"Crase, regência e concordância",Assinale a alternativa correta quanto à crase:,As investigações ficaram à cargo da Delegacia.,O escrivão deu início à lavratura do auto.,O suspeito recusou-se à prestar depoimento.,A equipe dirigiu-se à uma residência.,O perito respondeu à todas as perguntas.,B,Lavratura admite artigo feminino e início exige preposição a.
576,FGV,PM-SP,Direito Penal,Teoria do crime,"Sobre o arrependimento posterior (Art. 16, CP), assinale a correta:",Aplica-se com violência.,Reparação após a denúncia.,Reduz a pena de um a dois terços.,Exclui a ilicitude.,Prescinde de voluntariedade.,C,Redução legal de 1/3 a 2/3 se reparado antes do recebimento da denúncia.
577,VUNESP,PC-SP,Língua Portuguesa,"Crase, regência e concordância",Assinale a alternativa correta quanto à crase:,As investigações ficaram à cargo da Delegacia.,O escrivão deu início à lavratura do auto.,O suspeito recusou-se à prestar depoimento.,A equipe dirigiu-se à uma residência.,O perito respondeu à todas as perguntas.,B,Lavratura admite artigo feminino e início exige preposição a.
578,FGV,PM-SP,Direito Penal,Teoria do crime,"Sobre o arrependimento posterior (Art. 16, CP), assinale a correta:",Aplica-se com violência.,Reparação após a denúncia.,Reduz a pena de um a dois terços.,Exclui a ilicitude.,Prescinde de voluntariedade.,C,Redução legal de 1/3 a 2/3 se reparado antes do recebimento da denúncia.
579,VUNESP,PC-SP,Língua Portuguesa,"Crase, regência e concordância",Assinale a alternativa correta quanto à crase:,As investigações ficaram à cargo da Delegacia.,O escrivão deu início à lavratura do auto.,O suspeito recusou-se à prestar depoimento.,A equipe dirigiu-se à uma residência.,O perito respondeu à todas as perguntas.,B,Lavratura admite artigo feminino e início exige preposição a.
580,FGV,PM-SP,Direito Penal,Teoria do crime,"Sobre o arrependimento posterior (Art. 16, CP), assinale a correta:",Aplica-se com violência.,Reparação após a denúncia.,Reduz a pena de um a dois terços.,Exclui a ilicitude.,Prescinde de voluntariedade.,C,Redução legal de 1/3 a 2/3 se reparado antes do recebimento da denúncia.
581,VUNESP,PC-SP,Língua Portuguesa,"Crase, regência e concordância",Assinale a alternativa correta quanto à crase:,As investigações ficaram à cargo da Delegacia.,O escrivão deu início à lavratura do auto.,O suspeito recusou-se à prestar depoimento.,A equipe dirigiu-se à uma residência.,O perito respondeu à todas as perguntas.,B,Lavratura admite artigo feminino e início exige preposição a.
582,FGV,PM-SP,Direito Penal,Teoria do crime,"Sobre o arrependimento posterior (Art. 16, CP), assinale a correta:",Aplica-se com violência.,Reparação após a denúncia.,Reduz a pena de um a dois terços.,Exclui a ilicitude.,Prescinde de voluntariedade.,C,Redução legal de 1/3 a 2/3 se reparado antes do recebimento da denúncia.
583,VUNESP,PC-SP,Língua Portuguesa,"Crase, regência e concordância",Assinale a alternativa correta quanto à crase:,As investigações ficaram à cargo da Delegacia.,O escrivão deu início à lavratura do auto.,O suspeito recusou-se à prestar depoimento.,A equipe dirigiu-se à uma residência.,O perito respondeu à todas as perguntas.,B,Lavratura admite artigo feminino e início exige preposição a.
584,FGV,PM-SP,Direito Penal,Teoria do crime,"Sobre o arrependimento posterior (Art. 16, CP), assinale a correta:",Aplica-se com violência.,Reparação após a denúncia.,Reduz a pena de um a dois terços.,Exclui a ilicitude.,Prescinde de voluntariedade.,C,Redução legal de 1/3 a 2/3 se reparado antes do recebimento da denúncia.
585,VUNESP,PC-SP,Língua Portuguesa,"Crase, regência e concordância",Assinale a alternativa correta quanto à crase:,As investigações ficaram à cargo da Delegacia.,O escrivão deu início à lavratura do auto.,O suspeito recusou-se à prestar depoimento.,A equipe dirigiu-se à uma residência.,O perito respondeu à todas as perguntas.,B,Lavratura admite artigo feminino e início exige preposição a.
586,FGV,PM-SP,Direito Penal,Teoria do crime,"Sobre o arrependimento posterior (Art. 16, CP), assinale a correta:",Aplica-se com violência.,Reparação após a denúncia.,Reduz a pena de um a dois terços.,Exclui a ilicitude.,Prescinde de voluntariedade.,C,Redução legal de 1/3 a 2/3 se reparado antes do recebimento da denúncia.
587,VUNESP,PC-SP,Língua Portuguesa,"Crase, regência e concordância",Assinale a alternativa correta quanto à crase:,As investigações ficaram à cargo da Delegacia.,O escrivão deu início à lavratura do auto.,O suspeito recusou-se à prestar depoimento.,A equipe dirigiu-se à uma residência.,O perito respondeu à todas as perguntas.,B,Lavratura admite artigo feminino e início exige preposição a.
588,FGV,PM-SP,Direito Penal,Teoria do crime,"Sobre o arrependimento posterior (Art. 16, CP), assinale a correta:",Aplica-se com violência.,Reparação após a denúncia.,Reduz a pena de um a dois terços.,Exclui a ilicitude.,Prescinde de voluntariedade.,C,Redução legal de 1/3 a 2/3 se reparado antes do recebimento da denúncia.
589,VUNESP,PC-SP,Língua Portuguesa,"Crase, regência e concordância",Assinale a alternativa correta quanto à crase:,As investigações ficaram à cargo da Delegacia.,O escrivão deu início à lavratura do auto.,O suspeito recusou-se à prestar depoimento.,A equipe dirigiu-se à uma residência.,O perito respondeu à todas as perguntas.,B,Lavratura admite artigo feminino e início exige preposição a.
590,FGV,PM-SP,Direito Penal,Teoria do crime,"Sobre o arrependimento posterior (Art. 16, CP), assinale a correta:",Aplica-se com violência.,Reparação após a denúncia.,Reduz a pena de um a dois terços.,Exclui a ilicitude.,Prescinde de voluntariedade.,C,Redução legal de 1/3 a 2/3 se reparado antes do recebimento da denúncia.
591,VUNESP,PC-SP,Língua Portuguesa,"Crase, regência e concordância",Assinale a alternativa correta quanto à crase:,As investigações ficaram à cargo da Delegacia.,O escrivão deu início à lavratura do auto.,O suspeito recusou-se à prestar depoimento.,A equipe dirigiu-se à uma residência.,O perito respondeu à todas as perguntas.,B,Lavratura admite artigo feminino e início exige preposição a.
592,FGV,PM-SP,Direito Penal,Teoria do crime,"Sobre o arrependimento posterior (Art. 16, CP), assinale a correta:",Aplica-se com violência.,Reparação após a denúncia.,Reduz a pena de um a dois terços.,Exclui a ilicitude.,Prescinde de voluntariedade.,C,Redução legal de 1/3 a 2/3 se reparado antes do recebimento da denúncia.
593,VUNESP,PC-SP,Língua Portuguesa,"Crase, regência e concordância",Assinale a alternativa correta quanto à crase:,As investigações ficaram à cargo da Delegacia.,O escrivão deu início à lavratura do auto.,O suspeito recusou-se à prestar depoimento.,A equipe dirigiu-se à uma residência.,O perito respondeu à todas as perguntas.,B,Lavratura admite artigo feminino e início exige preposição a.
594,FGV,PM-SP,Direito Penal,Teoria do crime,"Sobre o arrependimento posterior (Art. 16, CP), assinale a correta:",Aplica-se com violência.,Reparação após a denúncia.,Reduz a pena de um a dois terços.,Exclui a ilicitude.,Prescinde de voluntariedade.,C,Redução legal de 1/3 a 2/3 se reparado antes do recebimento da denúncia.
595,VUNESP,PC-SP,Língua Portuguesa,"Crase, regência e concordância",Assinale a alternativa correta quanto à crase:,As investigações ficaram à cargo da Delegacia.,O escrivão deu início à lavratura do auto.,O suspeito recusou-se à prestar depoimento.,A equipe dirigiu-se à uma residência.,O perito respondeu à todas as perguntas.,B,Lavratura admite artigo feminino e início exige preposição a.
596,FGV,PM-SP,Direito Penal,Teoria do crime,"Sobre o arrependimento posterior (Art. 16, CP), assinale a correta:",Aplica-se com violência.,Reparação após a denúncia.,Reduz a pena de um a dois terços.,Exclui a ilicitude.,Prescinde de voluntariedade.,C,Redução legal de 1/3 a 2/3 se reparado antes do recebimento da denúncia.
597,VUNESP,PC-SP,Língua Portuguesa,"Crase, regência e concordância",Assinale a alternativa correta quanto à crase:,As investigações ficaram à cargo da Delegacia.,O escrivão deu início à lavratura do auto.,O suspeito recusou-se à prestar depoimento.,A equipe dirigiu-se à uma residência.,O perito respondeu à todas as perguntas.,B,Lavratura admite artigo feminino e início exige preposição a.
598,FGV,PM-SP,Direito Penal,Teoria do crime,"Sobre o arrependimento posterior (Art. 16, CP), assinale a correta:",Aplica-se com violência.,Reparação após a denúncia.,Reduz a pena de um a dois terços.,Exclui a ilicitude.,Prescinde de voluntariedade.,C,Redução legal de 1/3 a 2/3 se reparado antes do recebimento da denúncia.
599,VUNESP,PC-SP,Língua Portuguesa,"Crase, regência e concordância",Assinale a alternativa correta quanto à crase:,As investigações ficaram à cargo da Delegacia.,O escrivão deu início à lavratura do auto.,O suspeito recusou-se à prestar depoimento.,A equipe dirigiu-se à uma residência.,O perito respondeu à todas as perguntas.,B,Lavratura admite artigo feminino e início exige preposição a.
600,FGV,PM-SP,Direito Penal,Teoria do crime,"Sobre o arrependimento posterior (Art. 16, CP), assinale a correta:",Aplica-se com violência.,Reparação após a denúncia.,Reduz a pena de um a dois terços.,Exclui a ilicitude.,Prescinde de voluntariedade.,C,Redução legal de 1/3 a 2/3 se reparado antes do recebimento da denúncia.
601,VUNESP,PC-SP,Língua Portuguesa,"Crase, regência e concordância",Assinale a alternativa correta quanto à crase:,As investigações ficaram à cargo da Delegacia.,O escrivão deu início à lavratura do auto.,O suspeito recusou-se à prestar depoimento.,A equipe dirigiu-se à uma residência.,O perito respondeu à todas as perguntas.,B,Lavratura admite artigo feminino e início exige preposição a.
602,FGV,PM-SP,Direito Penal,Teoria do crime,"Sobre o arrependimento posterior (Art. 16, CP), assinale a correta:",Aplica-se com violência.,Reparação após a denúncia.,Reduz a pena de um a dois terços.,Exclui a ilicitude.,Prescinde de voluntariedade.,C,Redução legal de 1/3 a 2/3 se reparado antes do recebimento da denúncia.
603,VUNESP,PC-SP,Língua Portuguesa,"Crase, regência e concordância",Assinale a alternativa correta quanto à crase:,As investigações ficaram à cargo da Delegacia.,O escrivão deu início à lavratura do auto.,O suspeito recusou-se à prestar depoimento.,A equipe dirigiu-se à uma residência.,O perito respondeu à todas as perguntas.,B,Lavratura admite artigo feminino e início exige preposição a.
604,FGV,PM-SP,Direito Penal,Teoria do crime,"Sobre o arrependimento posterior (Art. 16, CP), assinale a correta:",Aplica-se com violência.,Reparação após a denúncia.,Reduz a pena de um a dois terços.,Exclui a ilicitude.,Prescinde de voluntariedade.,C,Redução legal de 1/3 a 2/3 se reparado antes do recebimento da denúncia.
605,VUNESP,PC-SP,Língua Portuguesa,"Crase, regência e concordância",Assinale a alternativa correta quanto à crase:,As investigações ficaram à cargo da Delegacia.,O escrivão deu início à lavratura do auto.,O suspeito recusou-se à prestar depoimento.,A equipe dirigiu-se à uma residência.,O perito respondeu à todas as perguntas.,B,Lavratura admite artigo feminino e início exige preposição a.
606,FGV,PM-SP,Direito Penal,Teoria do crime,"Sobre o arrependimento posterior (Art. 16, CP), assinale a correta:",Aplica-se com violência.,Reparação após a denúncia.,Reduz a pena de um a dois terços.,Exclui a ilicitude.,Prescinde de voluntariedade.,C,Redução legal de 1/3 a 2/3 se reparado antes do recebimento da denúncia.
607,VUNESP,PC-SP,Língua Portuguesa,"Crase, regência e concordância",Assinale a alternativa correta quanto à crase:,As investigações ficaram à cargo da Delegacia.,O escrivão deu início à lavratura do auto.,O suspeito recusou-se à prestar depoimento.,A equipe dirigiu-se à uma residência.,O perito respondeu à todas as perguntas.,B,Lavratura admite artigo feminino e início exige preposição a.
608,FGV,PM-SP,Direito Penal,Teoria do crime,"Sobre o arrependimento posterior (Art. 16, CP), assinale a correta:",Aplica-se com violência.,Reparação após a denúncia.,Reduz a pena de um a dois terços.,Exclui a ilicitude.,Prescinde de voluntariedade.,C,Redução legal de 1/3 a 2/3 se reparado antes do recebimento da denúncia.
609,VUNESP,PC-SP,Língua Portuguesa,"Crase, regência e concordância",Assinale a alternativa correta quanto à crase:,As investigações ficaram à cargo da Delegacia.,O escrivão deu início à lavratura do auto.,O suspeito recusou-se à prestar depoimento.,A equipe dirigiu-se à uma residência.,O perito respondeu à todas as perguntas.,B,Lavratura admite artigo feminino e início exige preposição a.
610,FGV,PM-SP,Direito Penal,Teoria do crime,"Sobre o arrependimento posterior (Art. 16, CP), assinale a correta:",Aplica-se com violência.,Reparação após a denúncia.,Reduz a pena de um a dois terços.,Exclui a ilicitude.,Prescinde de voluntariedade.,C,Redução legal de 1/3 a 2/3 se reparado antes do recebimento da denúncia.
611,VUNESP,PC-SP,Língua Portuguesa,"Crase, regência e concordância",Assinale a alternativa correta quanto à crase:,As investigações ficaram à cargo da Delegacia.,O escrivão deu início à lavratura do auto.,O suspeito recusou-se à prestar depoimento.,A equipe dirigiu-se à uma residência.,O perito respondeu à todas as perguntas.,B,Lavratura admite artigo feminino e início exige preposição a.
612,FGV,PM-SP,Direito Penal,Teoria do crime,"Sobre o arrependimento posterior (Art. 16, CP), assinale a correta:",Aplica-se com violência.,Reparação após a denúncia.,Reduz a pena de um a dois terços.,Exclui a ilicitude.,Prescinde de voluntariedade.,C,Redução legal de 1/3 a 2/3 se reparado antes do recebimento da denúncia.
613,VUNESP,PC-SP,Língua Portuguesa,"Crase, regência e concordância",Assinale a alternativa correta quanto à crase:,As investigações ficaram à cargo da Delegacia.,O escrivão deu início à lavratura do auto.,O suspeito recusou-se à prestar depoimento.,A equipe dirigiu-se à uma residência.,O perito respondeu à todas as perguntas.,B,Lavratura admite artigo feminino e início exige preposição a.
614,FGV,PM-SP,Direito Penal,Teoria do crime,"Sobre o arrependimento posterior (Art. 16, CP), assinale a correta:",Aplica-se com violência.,Reparação após a denúncia.,Reduz a pena de um a dois terços.,Exclui a ilicitude.,Prescinde de voluntariedade.,C,Redução legal de 1/3 a 2/3 se reparado antes do recebimento da denúncia.
615,VUNESP,PC-SP,Língua Portuguesa,"Crase, regência e concordância",Assinale a alternativa correta quanto à crase:,As investigações ficaram à cargo da Delegacia.,O escrivão deu início à lavratura do auto.,O suspeito recusou-se à prestar depoimento.,A equipe dirigiu-se à uma residência.,O perito respondeu à todas as perguntas.,B,Lavratura admite artigo feminino e início exige preposição a.
616,FGV,PM-SP,Direito Penal,Teoria do crime,"Sobre o arrependimento posterior (Art. 16, CP), assinale a correta:",Aplica-se com violência.,Reparação após a denúncia.,Reduz a pena de um a dois terços.,Exclui a ilicitude.,Prescinde de voluntariedade.,C,Redução legal de 1/3 a 2/3 se reparado antes do recebimento da denúncia.
617,VUNESP,PC-SP,Língua Portuguesa,"Crase, regência e concordância",Assinale a alternativa correta quanto à crase:,As investigações ficaram à cargo da Delegacia.,O escrivão deu início à lavratura do auto.,O suspeito recusou-se à prestar depoimento.,A equipe dirigiu-se à uma residência.,O perito respondeu à todas as perguntas.,B,Lavratura admite artigo feminino e início exige preposição a.
618,FGV,PM-SP,Direito Penal,Teoria do crime,"Sobre o arrependimento posterior (Art. 16, CP), assinale a correta:",Aplica-se com violência.,Reparação após a denúncia.,Reduz a pena de um a dois terços.,Exclui a ilicitude.,Prescinde de voluntariedade.,C,Redução legal de 1/3 a 2/3 se reparado antes do recebimento da denúncia.
619,VUNESP,PC-SP,Língua Portuguesa,"Crase, regência e concordância",Assinale a alternativa correta quanto à crase:,As investigações ficaram à cargo da Delegacia.,O escrivão deu início à lavratura do auto.,O suspeito recusou-se à prestar depoimento.,A equipe dirigiu-se à uma residência.,O perito respondeu à todas as perguntas.,B,Lavratura admite artigo feminino e início exige preposição a.
620,FGV,PM-SP,Direito Penal,Teoria do crime,"Sobre o arrependimento posterior (Art. 16, CP), assinale a correta:",Aplica-se com violência.,Reparação após a denúncia.,Reduz a pena de um a dois terços.,Exclui a ilicitude.,Prescinde de voluntariedade.,C,Redução legal de 1/3 a 2/3 se reparado antes do recebimento da denúncia.
621,VUNESP,PC-SP,Língua Portuguesa,"Crase, regência e concordância",Assinale a alternativa correta quanto à crase:,As investigações ficaram à cargo da Delegacia.,O escrivão deu início à lavratura do auto.,O suspeito recusou-se à prestar depoimento.,A equipe dirigiu-se à uma residência.,O perito respondeu à todas as perguntas.,B,Lavratura admite artigo feminino e início exige preposição a.
622,FGV,PM-SP,Direito Penal,Teoria do crime,"Sobre o arrependimento posterior (Art. 16, CP), assinale a correta:",Aplica-se com violência.,Reparação após a denúncia.,Reduz a pena de um a dois terços.,Exclui a ilicitude.,Prescinde de voluntariedade.,C,Redução legal de 1/3 a 2/3 se reparado antes do recebimento da denúncia.
623,VUNESP,PC-SP,Língua Portuguesa,"Crase, regência e concordância",Assinale a alternativa correta quanto à crase:,As investigações ficaram à cargo da Delegacia.,O escrivão deu início à lavratura do auto.,O suspeito recusou-se à prestar depoimento.,A equipe dirigiu-se à uma residência.,O perito respondeu à todas as perguntas.,B,Lavratura admite artigo feminino e início exige preposição a.
624,FGV,PM-SP,Direito Penal,Teoria do crime,"Sobre o arrependimento posterior (Art. 16, CP), assinale a correta:",Aplica-se com violência.,Reparação após a denúncia.,Reduz a pena de um a dois terços.,Exclui a ilicitude.,Prescinde de voluntariedade.,C,Redução legal de 1/3 a 2/3 se reparado antes do recebimento da denúncia.
625,VUNESP,PC-SP,Língua Portuguesa,"Crase, regência e concordância",Assinale a alternativa correta quanto à crase:,As investigações ficaram à cargo da Delegacia.,O escrivão deu início à lavratura do auto.,O suspeito recusou-se à prestar depoimento.,A equipe dirigiu-se à uma residência.,O perito respondeu à todas as perguntas.,B,Lavratura admite artigo feminino e início exige preposição a.
626,FGV,PM-SP,Direito Penal,Teoria do crime,"Sobre o arrependimento posterior (Art. 16, CP), assinale a correta:",Aplica-se com violência.,Reparação após a denúncia.,Reduz a pena de um a dois terços.,Exclui a ilicitude.,Prescinde de voluntariedade.,C,Redução legal de 1/3 a 2/3 se reparado antes do recebimento da denúncia.
627,VUNESP,PC-SP,Língua Portuguesa,"Crase, regência e concordância",Assinale a alternativa correta quanto à crase:,As investigações ficaram à cargo da Delegacia.,O escrivão deu início à lavratura do auto.,O suspeito recusou-se à prestar depoimento.,A equipe dirigiu-se à uma residência.,O perito respondeu à todas as perguntas.,B,Lavratura admite artigo feminino e início exige preposição a.
628,FGV,PM-SP,Direito Penal,Teoria do crime,"Sobre o arrependimento posterior (Art. 16, CP), assinale a correta:",Aplica-se com violência.,Reparação após a denúncia.,Reduz a pena de um a dois terços.,Exclui a ilicitude.,Prescinde de voluntariedade.,C,Redução legal de 1/3 a 2/3 se reparado antes do recebimento da denúncia.
629,VUNESP,PC-SP,Língua Portuguesa,"Crase, regência e concordância",Assinale a alternativa correta quanto à crase:,As investigações ficaram à cargo da Delegacia.,O escrivão deu início à lavratura do auto.,O suspeito recusou-se à prestar depoimento.,A equipe dirigiu-se à uma residência.,O perito respondeu à todas as perguntas.,B,Lavratura admite artigo feminino e início exige preposição a.
630,FGV,PM-SP,Direito Penal,Teoria do crime,"Sobre o arrependimento posterior (Art. 16, CP), assinale a correta:",Aplica-se com violência.,Reparação após a denúncia.,Reduz a pena de um a dois terços.,Exclui a ilicitude.,Prescinde de voluntariedade.,C,Redução legal de 1/3 a 2/3 se reparado antes do recebimento da denúncia.
631,VUNESP,PC-SP,Língua Portuguesa,"Crase, regência e concordância",Assinale a alternativa correta quanto à crase:,As investigações ficaram à cargo da Delegacia.,O escrivão deu início à lavratura do auto.,O suspeito recusou-se à prestar depoimento.,A equipe dirigiu-se à uma residência.,O perito respondeu à todas as perguntas.,B,Lavratura admite artigo feminino e início exige preposição a.
632,FGV,PM-SP,Direito Penal,Teoria do crime,"Sobre o arrependimento posterior (Art. 16, CP), assinale a correta:",Aplica-se com violência.,Reparação após a denúncia.,Reduz a pena de um a dois terços.,Exclui a ilicitude.,Prescinde de voluntariedade.,C,Redução legal de 1/3 a 2/3 se reparado antes do recebimento da denúncia.
633,VUNESP,PC-SP,Língua Portuguesa,"Crase, regência e concordância",Assinale a alternativa correta quanto à crase:,As investigações ficaram à cargo da Delegacia.,O escrivão deu início à lavratura do auto.,O suspeito recusou-se à prestar depoimento.,A equipe dirigiu-se à uma residência.,O perito respondeu à todas as perguntas.,B,Lavratura admite artigo feminino e início exige preposição a.
634,FGV,PM-SP,Direito Penal,Teoria do crime,"Sobre o arrependimento posterior (Art. 16, CP), assinale a correta:",Aplica-se com violência.,Reparação após a denúncia.,Reduz a pena de um a dois terços.,Exclui a ilicitude.,Prescinde de voluntariedade.,C,Redução legal de 1/3 a 2/3 se reparado antes do recebimento da denúncia.
635,VUNESP,PC-SP,Língua Portuguesa,"Crase, regência e concordância",Assinale a alternativa correta quanto à crase:,As investigações ficaram à cargo da Delegacia.,O escrivão deu início à lavratura do auto.,O suspeito recusou-se à prestar depoimento.,A equipe dirigiu-se à uma residência.,O perito respondeu à todas as perguntas.,B,Lavratura admite artigo feminino e início exige preposição a.
636,FGV,PM-SP,Direito Penal,Teoria do crime,"Sobre o arrependimento posterior (Art. 16, CP), assinale a correta:",Aplica-se com violência.,Reparação após a denúncia.,Reduz a pena de um a dois terços.,Exclui a ilicitude.,Prescinde de voluntariedade.,C,Redução legal de 1/3 a 2/3 se reparado antes do recebimento da denúncia.
637,VUNESP,PC-SP,Língua Portuguesa,"Crase, regência e concordância",Assinale a alternativa correta quanto à crase:,As investigações ficaram à cargo da Delegacia.,O escrivão deu início à lavratura do auto.,O suspeito recusou-se à prestar depoimento.,A equipe dirigiu-se à uma residência.,O perito respondeu à todas as perguntas.,B,Lavratura admite artigo feminino e início exige preposição a.
638,FGV,PM-SP,Direito Penal,Teoria do crime,"Sobre o arrependimento posterior (Art. 16, CP), assinale a correta:",Aplica-se com violência.,Reparação após a denúncia.,Reduz a pena de um a dois terços.,Exclui a ilicitude.,Prescinde de voluntariedade.,C,Redução legal de 1/3 a 2/3 se reparado antes do recebimento da denúncia.
639,VUNESP,PC-SP,Língua Portuguesa,"Crase, regência e concordância",Assinale a alternativa correta quanto à crase:,As investigações ficaram à cargo da Delegacia.,O escrivão deu início à lavratura do auto.,O suspeito recusou-se à prestar depoimento.,A equipe dirigiu-se à uma residência.,O perito respondeu à todas as perguntas.,B,Lavratura admite artigo feminino e início exige preposição a.
640,FGV,PM-SP,Direito Penal,Teoria do crime,"Sobre o arrependimento posterior (Art. 16, CP), assinale a correta:",Aplica-se com violência.,Reparação após a denúncia.,Reduz a pena de um a dois terços.,Exclui a ilicitude.,Prescinde de voluntariedade.,C,Redução legal de 1/3 a 2/3 se reparado antes do recebimento da denúncia.
641,VUNESP,PC-SP,Língua Portuguesa,"Crase, regência e concordância",Assinale a alternativa correta quanto à crase:,As investigações ficaram à cargo da Delegacia.,O escrivão deu início à lavratura do auto.,O suspeito recusou-se à prestar depoimento.,A equipe dirigiu-se à uma residência.,O perito respondeu à todas as perguntas.,B,Lavratura admite artigo feminino e início exige preposição a.
642,FGV,PM-SP,Direito Penal,Teoria do crime,"Sobre o arrependimento posterior (Art. 16, CP), assinale a correta:",Aplica-se com violência.,Reparação após a denúncia.,Reduz a pena de um a dois terços.,Exclui a ilicitude.,Prescinde de voluntariedade.,C,Redução legal de 1/3 a 2/3 se reparado antes do recebimento da denúncia.
643,VUNESP,PC-SP,Língua Portuguesa,"Crase, regência e concordância",Assinale a alternativa correta quanto à crase:,As investigações ficaram à cargo da Delegacia.,O escrivão deu início à lavratura do auto.,O suspeito recusou-se à prestar depoimento.,A equipe dirigiu-se à uma residência.,O perito respondeu à todas as perguntas.,B,Lavratura admite artigo feminino e início exige preposição a.
644,FGV,PM-SP,Direito Penal,Teoria do crime,"Sobre o arrependimento posterior (Art. 16, CP), assinale a correta:",Aplica-se com violência.,Reparação após a denúncia.,Reduz a pena de um a dois terços.,Exclui a ilicitude.,Prescinde de voluntariedade.,C,Redução legal de 1/3 a 2/3 se reparado antes do recebimento da denúncia.
645,VUNESP,PC-SP,Língua Portuguesa,"Crase, regência e concordância",Assinale a alternativa correta quanto à crase:,As investigações ficaram à cargo da Delegacia.,O escrivão deu início à lavratura do auto.,O suspeito recusou-se à prestar depoimento.,A equipe dirigiu-se à uma residência.,O perito respondeu à todas as perguntas.,B,Lavratura admite artigo feminino e início exige preposição a.
646,FGV,PM-SP,Direito Penal,Teoria do crime,"Sobre o arrependimento posterior (Art. 16, CP), assinale a correta:",Aplica-se com violência.,Reparação após a denúncia.,Reduz a pena de um a dois terços.,Exclui a ilicitude.,Prescinde de voluntariedade.,C,Redução legal de 1/3 a 2/3 se reparado antes do recebimento da denúncia.
647,VUNESP,PC-SP,Língua Portuguesa,"Crase, regência e concordância",Assinale a alternativa correta quanto à crase:,As investigações ficaram à cargo da Delegacia.,O escrivão deu início à lavratura do auto.,O suspeito recusou-se à prestar depoimento.,A equipe dirigiu-se à uma residência.,O perito respondeu à todas as perguntas.,B,Lavratura admite artigo feminino e início exige preposição a.
648,FGV,PM-SP,Direito Penal,Teoria do crime,"Sobre o arrependimento posterior (Art. 16, CP), assinale a correta:",Aplica-se com violência.,Reparação após a denúncia.,Reduz a pena de um a dois terços.,Exclui a ilicitude.,Prescinde de voluntariedade.,C,Redução legal de 1/3 a 2/3 se reparado antes do recebimento da denúncia.
649,VUNESP,PC-SP,Língua Portuguesa,"Crase, regência e concordância",Assinale a alternativa correta quanto à crase:,As investigações ficaram à cargo da Delegacia.,O escrivão deu início à lavratura do auto.,O suspeito recusou-se à prestar depoimento.,A equipe dirigiu-se à uma residência.,O perito respondeu à todas as perguntas.,B,Lavratura admite artigo feminino e início exige preposição a.
650,FGV,PM-SP,Direito Penal,Teoria do crime,"Sobre o arrependimento posterior (Art. 16, CP), assinale a correta:",Aplica-se com violência.,Reparação após a denúncia.,Reduz a pena de um a dois terços.,Exclui a ilicitude.,Prescinde de voluntariedade.,C,Redução legal de 1/3 a 2/3 se reparado antes do recebimento da denúncia.
651,VUNESP,PC-SP,Língua Portuguesa,"Crase, regência e concordância",Assinale a alternativa correta quanto à crase:,As investigações ficaram à cargo da Delegacia.,O escrivão deu início à lavratura do auto.,O suspeito recusou-se à prestar depoimento.,A equipe dirigiu-se à uma residência.,O perito respondeu à todas as perguntas.,B,Lavratura admite artigo feminino e início exige preposição a.
652,FGV,PM-SP,Direito Penal,Teoria do crime,"Sobre o arrependimento posterior (Art. 16, CP), assinale a correta:",Aplica-se com violência.,Reparação após a denúncia.,Reduz a pena de um a dois terços.,Exclui a ilicitude.,Prescinde de voluntariedade.,C,Redução legal de 1/3 a 2/3 se reparado antes do recebimento da denúncia.
653,VUNESP,PC-SP,Língua Portuguesa,"Crase, regência e concordância",Assinale a alternativa correta quanto à crase:,As investigações ficaram à cargo da Delegacia.,O escrivão deu início à lavratura do auto.,O suspeito recusou-se à prestar depoimento.,A equipe dirigiu-se à uma residência.,O perito respondeu à todas as perguntas.,B,Lavratura admite artigo feminino e início exige preposição a.
654,FGV,PM-SP,Direito Penal,Teoria do crime,"Sobre o arrependimento posterior (Art. 16, CP), assinale a correta:",Aplica-se com violência.,Reparação após a denúncia.,Reduz a pena de um a dois terços.,Exclui a ilicitude.,Prescinde de voluntariedade.,C,Redução legal de 1/3 a 2/3 se reparado antes do recebimento da denúncia.
655,VUNESP,PC-SP,Língua Portuguesa,"Crase, regência e concordância",Assinale a alternativa correta quanto à crase:,As investigações ficaram à cargo da Delegacia.,O escrivão deu início à lavratura do auto.,O suspeito recusou-se à prestar depoimento.,A equipe dirigiu-se à uma residência.,O perito respondeu à todas as perguntas.,B,Lavratura admite artigo feminino e início exige preposição a.
656,FGV,PM-SP,Direito Penal,Teoria do crime,"Sobre o arrependimento posterior (Art. 16, CP), assinale a correta:",Aplica-se com violência.,Reparação após a denúncia.,Reduz a pena de um a dois terços.,Exclui a ilicitude.,Prescinde de voluntariedade.,C,Redução legal de 1/3 a 2/3 se reparado antes do recebimento da denúncia.
657,VUNESP,PC-SP,Língua Portuguesa,"Crase, regência e concordância",Assinale a alternativa correta quanto à crase:,As investigações ficaram à cargo da Delegacia.,O escrivão deu início à lavratura do auto.,O suspeito recusou-se à prestar depoimento.,A equipe dirigiu-se à uma residência.,O perito respondeu à todas as perguntas.,B,Lavratura admite artigo feminino e início exige preposição a.
658,FGV,PM-SP,Direito Penal,Teoria do crime,"Sobre o arrependimento posterior (Art. 16, CP), assinale a correta:",Aplica-se com violência.,Reparação após a denúncia.,Reduz a pena de um a dois terços.,Exclui a ilicitude.,Prescinde de voluntariedade.,C,Redução legal de 1/3 a 2/3 se reparado antes do recebimento da denúncia.
659,VUNESP,PC-SP,Língua Portuguesa,"Crase, regência e concordância",Assinale a alternativa correta quanto à crase:,As investigações ficaram à cargo da Delegacia.,O escrivão deu início à lavratura do auto.,O suspeito recusou-se à prestar depoimento.,A equipe dirigiu-se à uma residência.,O perito respondeu à todas as perguntas.,B,Lavratura admite artigo feminino e início exige preposição a.
660,FGV,PM-SP,Direito Penal,Teoria do crime,"Sobre o arrependimento posterior (Art. 16, CP), assinale a correta:",Aplica-se com violência.,Reparação após a denúncia.,Reduz a pena de um a dois terços.,Exclui a ilicitude.,Prescinde de voluntariedade.,C,Redução legal de 1/3 a 2/3 se reparado antes do recebimento da denúncia.
661,VUNESP,PC-SP,Língua Portuguesa,"Crase, regência e concordância",Assinale a alternativa correta quanto à crase:,As investigações ficaram à cargo da Delegacia.,O escrivão deu início à lavratura do auto.,O suspeito recusou-se à prestar depoimento.,A equipe dirigiu-se à uma residência.,O perito respondeu à todas as perguntas.,B,Lavratura admite artigo feminino e início exige preposição a.
662,FGV,PM-SP,Direito Penal,Teoria do crime,"Sobre o arrependimento posterior (Art. 16, CP), assinale a correta:",Aplica-se com violência.,Reparação após a denúncia.,Reduz a pena de um a dois terços.,Exclui a ilicitude.,Prescinde de voluntariedade.,C,Redução legal de 1/3 a 2/3 se reparado antes do recebimento da denúncia.
663,VUNESP,PC-SP,Língua Portuguesa,"Crase, regência e concordância",Assinale a alternativa correta quanto à crase:,As investigações ficaram à cargo da Delegacia.,O escrivão deu início à lavratura do auto.,O suspeito recusou-se à prestar depoimento.,A equipe dirigiu-se à uma residência.,O perito respondeu à todas as perguntas.,B,Lavratura admite artigo feminino e início exige preposição a.
664,FGV,PM-SP,Direito Penal,Teoria do crime,"Sobre o arrependimento posterior (Art. 16, CP), assinale a correta:",Aplica-se com violência.,Reparação após a denúncia.,Reduz a pena de um a dois terços.,Exclui a ilicitude.,Prescinde de voluntariedade.,C,Redução legal de 1/3 a 2/3 se reparado antes do recebimento da denúncia.
665,VUNESP,PC-SP,Língua Portuguesa,"Crase, regência e concordância",Assinale a alternativa correta quanto à crase:,As investigações ficaram à cargo da Delegacia.,O escrivão deu início à lavratura do auto.,O suspeito recusou-se à prestar depoimento.,A equipe dirigiu-se à uma residência.,O perito respondeu à todas as perguntas.,B,Lavratura admite artigo feminino e início exige preposição a.
666,FGV,PM-SP,Direito Penal,Teoria do crime,"Sobre o arrependimento posterior (Art. 16, CP), assinale a correta:",Aplica-se com violência.,Reparação após a denúncia.,Reduz a pena de um a dois terços.,Exclui a ilicitude.,Prescinde de voluntariedade.,C,Redução legal de 1/3 a 2/3 se reparado antes do recebimento da denúncia.
667,VUNESP,PC-SP,Língua Portuguesa,"Crase, regência e concordância",Assinale a alternativa correta quanto à crase:,As investigações ficaram à cargo da Delegacia.,O escrivão deu início à lavratura do auto.,O suspeito recusou-se à prestar depoimento.,A equipe dirigiu-se à uma residência.,O perito respondeu à todas as perguntas.,B,Lavratura admite artigo feminino e início exige preposição a.
668,FGV,PM-SP,Direito Penal,Teoria do crime,"Sobre o arrependimento posterior (Art. 16, CP), assinale a correta:",Aplica-se com violência.,Reparação após a denúncia.,Reduz a pena de um a dois terços.,Exclui a ilicitude.,Prescinde de voluntariedade.,C,Redução legal de 1/3 a 2/3 se reparado antes do recebimento da denúncia.
669,VUNESP,PC-SP,Língua Portuguesa,"Crase, regência e concordância",Assinale a alternativa correta quanto à crase:,As investigações ficaram à cargo da Delegacia.,O escrivão deu início à lavratura do auto.,O suspeito recusou-se à prestar depoimento.,A equipe dirigiu-se à uma residência.,O perito respondeu à todas as perguntas.,B,Lavratura admite artigo feminino e início exige preposição a.
670,FGV,PM-SP,Direito Penal,Teoria do crime,"Sobre o arrependimento posterior (Art. 16, CP), assinale a correta:",Aplica-se com violência.,Reparação após a denúncia.,Reduz a pena de um a dois terços.,Exclui a ilicitude.,Prescinde de voluntariedade.,C,Redução legal de 1/3 a 2/3 se reparado antes do recebimento da denúncia.
671,VUNESP,PC-SP,Língua Portuguesa,"Crase, regência e concordância",Assinale a alternativa correta quanto à crase:,As investigações ficaram à cargo da Delegacia.,O escrivão deu início à lavratura do auto.,O suspeito recusou-se à prestar depoimento.,A equipe dirigiu-se à uma residência.,O perito respondeu à todas as perguntas.,B,Lavratura admite artigo feminino e início exige preposição a.
672,FGV,PM-SP,Direito Penal,Teoria do crime,"Sobre o arrependimento posterior (Art. 16, CP), assinale a correta:",Aplica-se com violência.,Reparação após a denúncia.,Reduz a pena de um a dois terços.,Exclui a ilicitude.,Prescinde de voluntariedade.,C,Redução legal de 1/3 a 2/3 se reparado antes do recebimento da denúncia.
673,VUNESP,PC-SP,Língua Portuguesa,"Crase, regência e concordância",Assinale a alternativa correta quanto à crase:,As investigações ficaram à cargo da Delegacia.,O escrivão deu início à lavratura do auto.,O suspeito recusou-se à prestar depoimento.,A equipe dirigiu-se à uma residência.,O perito respondeu à todas as perguntas.,B,Lavratura admite artigo feminino e início exige preposição a.
674,FGV,PM-SP,Direito Penal,Teoria do crime,"Sobre o arrependimento posterior (Art. 16, CP), assinale a correta:",Aplica-se com violência.,Reparação após a denúncia.,Reduz a pena de um a dois terços.,Exclui a ilicitude.,Prescinde de voluntariedade.,C,Redução legal de 1/3 a 2/3 se reparado antes do recebimento da denúncia.
675,VUNESP,PC-SP,Língua Portuguesa,"Crase, regência e concordância",Assinale a alternativa correta quanto à crase:,As investigações ficaram à cargo da Delegacia.,O escrivão deu início à lavratura do auto.,O suspeito recusou-se à prestar depoimento.,A equipe dirigiu-se à uma residência.,O perito respondeu à todas as perguntas.,B,Lavratura admite artigo feminino e início exige preposição a.
676,FGV,PM-SP,Direito Penal,Teoria do crime,"Sobre o arrependimento posterior (Art. 16, CP), assinale a correta:",Aplica-se com violência.,Reparação após a denúncia.,Reduz a pena de um a dois terços.,Exclui a ilicitude.,Prescinde de voluntariedade.,C,Redução legal de 1/3 a 2/3 se reparado antes do recebimento da denúncia.
677,VUNESP,PC-SP,Língua Portuguesa,"Crase, regência e concordância",Assinale a alternativa correta quanto à crase:,As investigações ficaram à cargo da Delegacia.,O escrivão deu início à lavratura do auto.,O suspeito recusou-se à prestar depoimento.,A equipe dirigiu-se à uma residência.,O perito respondeu à todas as perguntas.,B,Lavratura admite artigo feminino e início exige preposição a.
678,FGV,PM-SP,Direito Penal,Teoria do crime,"Sobre o arrependimento posterior (Art. 16, CP), assinale a correta:",Aplica-se com violência.,Reparação após a denúncia.,Reduz a pena de um a dois terços.,Exclui a ilicitude.,Prescinde de voluntariedade.,C,Redução legal de 1/3 a 2/3 se reparado antes do recebimento da denúncia.
679,VUNESP,PC-SP,Língua Portuguesa,"Crase, regência e concordância",Assinale a alternativa correta quanto à crase:,As investigações ficaram à cargo da Delegacia.,O escrivão deu início à lavratura do auto.,O suspeito recusou-se à prestar depoimento.,A equipe dirigiu-se à uma residência.,O perito respondeu à todas as perguntas.,B,Lavratura admite artigo feminino e início exige preposição a.
680,FGV,PM-SP,Direito Penal,Teoria do crime,"Sobre o arrependimento posterior (Art. 16, CP), assinale a correta:",Aplica-se com violência.,Reparação após a denúncia.,Reduz a pena de um a dois terços.,Exclui a ilicitude.,Prescinde de voluntariedade.,C,Redução legal de 1/3 a 2/3 se reparado antes do recebimento da denúncia.
681,VUNESP,PC-SP,Língua Portuguesa,"Crase, regência e concordância",Assinale a alternativa correta quanto à crase:,As investigações ficaram à cargo da Delegacia.,O escrivão deu início à lavratura do auto.,O suspeito recusou-se à prestar depoimento.,A equipe dirigiu-se à uma residência.,O perito respondeu à todas as perguntas.,B,Lavratura admite artigo feminino e início exige preposição a.
682,FGV,PM-SP,Direito Penal,Teoria do crime,"Sobre o arrependimento posterior (Art. 16, CP), assinale a correta:",Aplica-se com violência.,Reparação após a denúncia.,Reduz a pena de um a dois terços.,Exclui a ilicitude.,Prescinde de voluntariedade.,C,Redução legal de 1/3 a 2/3 se reparado antes do recebimento da denúncia.
683,VUNESP,PC-SP,Língua Portuguesa,"Crase, regência e concordância",Assinale a alternativa correta quanto à crase:,As investigações ficaram à cargo da Delegacia.,O escrivão deu início à lavratura do auto.,O suspeito recusou-se à prestar depoimento.,A equipe dirigiu-se à uma residência.,O perito respondeu à todas as perguntas.,B,Lavratura admite artigo feminino e início exige preposição a.
684,FGV,PM-SP,Direito Penal,Teoria do crime,"Sobre o arrependimento posterior (Art. 16, CP), assinale a correta:",Aplica-se com violência.,Reparação após a denúncia.,Reduz a pena de um a dois terços.,Exclui a ilicitude.,Prescinde de voluntariedade.,C,Redução legal de 1/3 a 2/3 se reparado antes do recebimento da denúncia.
685,VUNESP,PC-SP,Língua Portuguesa,"Crase, regência e concordância",Assinale a alternativa correta quanto à crase:,As investigações ficaram à cargo da Delegacia.,O escrivão deu início à lavratura do auto.,O suspeito recusou-se à prestar depoimento.,A equipe dirigiu-se à uma residência.,O perito respondeu à todas as perguntas.,B,Lavratura admite artigo feminino e início exige preposição a.
686,FGV,PM-SP,Direito Penal,Teoria do crime,"Sobre o arrependimento posterior (Art. 16, CP), assinale a correta:",Aplica-se com violência.,Reparação após a denúncia.,Reduz a pena de um a dois terços.,Exclui a ilicitude.,Prescinde de voluntariedade.,C,Redução legal de 1/3 a 2/3 se reparado antes do recebimento da denúncia.
687,VUNESP,PC-SP,Língua Portuguesa,"Crase, regência e concordância",Assinale a alternativa correta quanto à crase:,As investigações ficaram à cargo da Delegacia.,O escrivão deu início à lavratura do auto.,O suspeito recusou-se à prestar depoimento.,A equipe dirigiu-se à uma residência.,O perito respondeu à todas as perguntas.,B,Lavratura admite artigo feminino e início exige preposição a.
688,FGV,PM-SP,Direito Penal,Teoria do crime,"Sobre o arrependimento posterior (Art. 16, CP), assinale a correta:",Aplica-se com violência.,Reparação após a denúncia.,Reduz a pena de um a dois terços.,Exclui a ilicitude.,Prescinde de voluntariedade.,C,Redução legal de 1/3 a 2/3 se reparado antes do recebimento da denúncia.
689,VUNESP,PC-SP,Língua Portuguesa,"Crase, regência e concordância",Assinale a alternativa correta quanto à crase:,As investigações ficaram à cargo da Delegacia.,O escrivão deu início à lavratura do auto.,O suspeito recusou-se à prestar depoimento.,A equipe dirigiu-se à uma residência.,O perito respondeu à todas as perguntas.,B,Lavratura admite artigo feminino e início exige preposição a.
690,FGV,PM-SP,Direito Penal,Teoria do crime,"Sobre o arrependimento posterior (Art. 16, CP), assinale a correta:",Aplica-se com violência.,Reparação após a denúncia.,Reduz a pena de um a dois terços.,Exclui a ilicitude.,Prescinde de voluntariedade.,C,Redução legal de 1/3 a 2/3 se reparado antes do recebimento da denúncia.
691,VUNESP,PC-SP,Língua Portuguesa,"Crase, regência e concordância",Assinale a alternativa correta quanto à crase:,As investigações ficaram à cargo da Delegacia.,O escrivão deu início à lavratura do auto.,O suspeito recusou-se à prestar depoimento.,A equipe dirigiu-se à uma residência.,O perito respondeu à todas as perguntas.,B,Lavratura admite artigo feminino e início exige preposição a.
692,FGV,PM-SP,Direito Penal,Teoria do crime,"Sobre o arrependimento posterior (Art. 16, CP), assinale a correta:",Aplica-se com violência.,Reparação após a denúncia.,Reduz a pena de um a dois terços.,Exclui a ilicitude.,Prescinde de voluntariedade.,C,Redução legal de 1/3 a 2/3 se reparado antes do recebimento da denúncia.
693,VUNESP,PC-SP,Língua Portuguesa,"Crase, regência e concordância",Assinale a alternativa correta quanto à crase:,As investigações ficaram à cargo da Delegacia.,O escrivão deu início à lavratura do auto.,O suspeito recusou-se à prestar depoimento.,A equipe dirigiu-se à uma residência.,O perito respondeu à todas as perguntas.,B,Lavratura admite artigo feminino e início exige preposição a.
694,FGV,PM-SP,Direito Penal,Teoria do crime,"Sobre o arrependimento posterior (Art. 16, CP), assinale a correta:",Aplica-se com violência.,Reparação após a denúncia.,Reduz a pena de um a dois terços.,Exclui a ilicitude.,Prescinde de voluntariedade.,C,Redução legal de 1/3 a 2/3 se reparado antes do recebimento da denúncia.
695,VUNESP,PC-SP,Língua Portuguesa,"Crase, regência e concordância",Assinale a alternativa correta quanto à crase:,As investigações ficaram à cargo da Delegacia.,O escrivão deu início à lavratura do auto.,O suspeito recusou-se à prestar depoimento.,A equipe dirigiu-se à uma residência.,O perito respondeu à todas as perguntas.,B,Lavratura admite artigo feminino e início exige preposição a.
696,FGV,PM-SP,Direito Penal,Teoria do crime,"Sobre o arrependimento posterior (Art. 16, CP), assinale a correta:",Aplica-se com violência.,Reparação após a denúncia.,Reduz a pena de um a dois terços.,Exclui a ilicitude.,Prescinde de voluntariedade.,C,Redução legal de 1/3 a 2/3 se reparado antes do recebimento da denúncia.
697,VUNESP,PC-SP,Língua Portuguesa,"Crase, regência e concordância",Assinale a alternativa correta quanto à crase:,As investigações ficaram à cargo da Delegacia.,O escrivão deu início à lavratura do auto.,O suspeito recusou-se à prestar depoimento.,A equipe dirigiu-se à uma residência.,O perito respondeu à todas as perguntas.,B,Lavratura admite artigo feminino e início exige preposição a.
698,FGV,PM-SP,Direito Penal,Teoria do crime,"Sobre o arrependimento posterior (Art. 16, CP), assinale a correta:",Aplica-se com violência.,Reparação após a denúncia.,Reduz a pena de um a dois terços.,Exclui a ilicitude.,Prescinde de voluntariedade.,C,Redução legal de 1/3 a 2/3 se reparado antes do recebimento da denúncia.
699,VUNESP,PC-SP,Língua Portuguesa,"Crase, regência e concordância",Assinale a alternativa correta quanto à crase:,As investigações ficaram à cargo da Delegacia.,O escrivão deu início à lavratura do auto.,O suspeito recusou-se à prestar depoimento.,A equipe dirigiu-se à uma residência.,O perito respondeu à todas as perguntas.,B,Lavratura admite artigo feminino e início exige preposição a.
700,FGV,PM-SP,Direito Penal,Teoria do crime,"Sobre o arrependimento posterior (Art. 16, CP), assinale a correta:",Aplica-se com violência.,Reparação após a denúncia.,Reduz a pena de um a dois terços.,Exclui a ilicitude.,Prescinde de voluntariedade.,C,Redução legal de 1/3 a 2/3 se reparado antes do recebimento da denúncia.
