ID,Banca,Corporacao,Materia,Tema,Enunciado,A,B,C,D,E,Gabarito,Explicacao
1,VUNESP,PC-SP,Língua Portuguesa,Conjunções e conectivos,"Em relatório de Conjunções e conectivos, a redação oficial exige:",Facultativo o uso de crase em pronomes.,Incorreto: uso de crase antes de verbo.,Uso obrigatório de crase em 'conjunções e conectivos' à disposição.,Vedado uso de crase antes de masculino.,Correção: à medida que a equipe chegou ao local.,A,Gabarito A. Conjunções e conectivos em Língua Portuguesa: conforme banca VUNESP para PC-SP. Doutrina majoritária e jurisprudência atual.
2,FGV,PC-SP,Língua Portuguesa,Concordância verbal,Assinale a alternativa correta quanto à crase em contexto policial: Concordância verbal,Facultativo o uso de crase em pronomes.,Incorreto: uso de crase antes de verbo.,Vedado uso de crase antes de masculino.,Correção: à medida que a equipe chegou ao local.,Uso obrigatório de crase em 'concordância verbal' à disposição.,A,Gabarito A. Concordância verbal em Língua Portuguesa: conforme banca FGV para PC-SP. Padrão cobrado em provas de áreas policiais SP.
3,FGV,PM-SP,Língua Portuguesa,Conjunções e conectivos,"Quanto à Conjunções e conectivos, assinale a alternativa que atende à norma padrão:",Correção: à medida que a equipe chegou ao local.,Facultativo o uso de crase em pronomes.,Uso obrigatório de crase em 'conjunções e conectivos' à disposição.,Incorreto: uso de crase antes de verbo.,Vedado uso de crase antes de masculino.,C,Gabarito C. Conjunções e conectivos em Língua Portuguesa: conforme banca FGV para PM-SP. Entendimento pacificado nos tribunais superiores.
4,VUNESP,PM-SP,Língua Portuguesa,Ortografia e acentuação,"Em relatório de Ortografia e acentuação, a redação oficial exige:",Incorreto: uso de crase antes de verbo.,Facultativo o uso de crase em pronomes.,Correção: à medida que a equipe chegou ao local.,Vedado uso de crase antes de masculino.,Uso obrigatório de crase em 'ortografia e acentuação' à disposição.,B,Gabarito B. Ortografia e acentuação em Língua Portuguesa: conforme banca VUNESP para PM-SP. Entendimento pacificado nos tribunais superiores.
5,FGV,PC-SP,Língua Portuguesa,Concordância verbal,"Quanto à Concordância verbal, assinale a alternativa que atende à norma padrão:",Incorreto: uso de crase antes de verbo.,Facultativo o uso de crase em pronomes.,Correção: à medida que a equipe chegou ao local.,Uso obrigatório de crase em 'concordância verbal' à disposição.,Vedado uso de crase antes de masculino.,A,Gabarito A. Concordância verbal em Língua Portuguesa: conforme banca FGV para PC-SP. Entendimento pacificado nos tribunais superiores.
6,FGV,PM-SP,Língua Portuguesa,Conjunções e conectivos,Assinale a alternativa correta quanto à crase em contexto policial: Conjunções e conectivos,Incorreto: uso de crase antes de verbo.,Vedado uso de crase antes de masculino.,Facultativo o uso de crase em pronomes.,Correção: à medida que a equipe chegou ao local.,Uso obrigatório de crase em 'conjunções e conectivos' à disposição.,C,Gabarito C. Conjunções e conectivos em Língua Portuguesa: conforme banca FGV para PM-SP. Doutrina majoritária e jurisprudência atual.
7,FGV,PP-SP,Língua Portuguesa,Pontuação,"Em relatório de Pontuação, a redação oficial exige:",Facultativo o uso de crase em pronomes.,Uso obrigatório de crase em 'pontuação' à disposição.,Vedado uso de crase antes de masculino.,Incorreto: uso de crase antes de verbo.,Correção: à medida que a equipe chegou ao local.,B,Gabarito B. Pontuação em Língua Portuguesa: conforme banca FGV para PP-SP. Doutrina majoritária e jurisprudência atual.
8,VUNESP,PM-SP,Língua Portuguesa,Concordância verbal,"Sobre Concordância verbal em ocorrência policial, conforme norma culta, assinale a correta:",Incorreto: uso de crase antes de verbo.,Uso obrigatório de crase em 'concordância verbal' à disposição.,Correção: à medida que a equipe chegou ao local.,Vedado uso de crase antes de masculino.,Facultativo o uso de crase em pronomes.,B,Gabarito B. Concordância verbal em Língua Portuguesa: conforme banca VUNESP para PM-SP. Doutrina majoritária e jurisprudência atual.
9,VUNESP,GCM-SP,Língua Portuguesa,Interpretação de texto,"Quanto à Interpretação de texto, assinale a alternativa que atende à norma padrão:",Vedado uso de crase antes de masculino.,Correção: à medida que a equipe chegou ao local.,Facultativo o uso de crase em pronomes.,Uso obrigatório de crase em 'interpretação de texto' à disposição.,Incorreto: uso de crase antes de verbo.,C,Gabarito C. Interpretação de texto em Língua Portuguesa: conforme banca VUNESP para GCM-SP. Conforme manual e legislação específica.
10,FGV,PM-SP,Língua Portuguesa,Pontuação,"Em relatório de Pontuação, a redação oficial exige:",Uso obrigatório de crase em 'pontuação' à disposição.,Facultativo o uso de crase em pronomes.,Incorreto: uso de crase antes de verbo.,Vedado uso de crase antes de masculino.,Correção: à medida que a equipe chegou ao local.,A,Gabarito A. Pontuação em Língua Portuguesa: conforme banca FGV para PM-SP. Conforme manual e legislação específica.
11,FGV,GCM-SP,Língua Portuguesa,Concordância verbal,"Sobre Concordância verbal em ocorrência policial, conforme norma culta, assinale a correta:",Vedado uso de crase antes de masculino.,Incorreto: uso de crase antes de verbo.,Uso obrigatório de crase em 'concordância verbal' à disposição.,Facultativo o uso de crase em pronomes.,Correção: à medida que a equipe chegou ao local.,B,Gabarito B. Concordância verbal em Língua Portuguesa: conforme banca FGV para GCM-SP. Padrão cobrado em provas de áreas policiais SP.
12,VUNESP,PP-SP,Língua Portuguesa,Conjunções e conectivos,Assinale a alternativa correta quanto à crase em contexto policial: Conjunções e conectivos,Uso obrigatório de crase em 'conjunções e conectivos' à disposição.,Correção: à medida que a equipe chegou ao local.,Incorreto: uso de crase antes de verbo.,Vedado uso de crase antes de masculino.,Facultativo o uso de crase em pronomes.,A,Gabarito A. Conjunções e conectivos em Língua Portuguesa: conforme banca VUNESP para PP-SP. Entendimento pacificado nos tribunais superiores.
13,VUNESP,PC-SP,Língua Portuguesa,Concordância verbal,"Em relatório de Concordância verbal, a redação oficial exige:",Facultativo o uso de crase em pronomes.,Vedado uso de crase antes de masculino.,Correção: à medida que a equipe chegou ao local.,Uso obrigatório de crase em 'concordância verbal' à disposição.,Incorreto: uso de crase antes de verbo.,C,Gabarito C. Concordância verbal em Língua Portuguesa: conforme banca VUNESP para PC-SP. Conforme manual e legislação específica.
14,FGV,PM-SP,Língua Portuguesa,"Crase, regência e concordância","Assinale a alternativa correta quanto à crase em contexto policial: Crase, regência e concordância",Vedado uso de crase antes de masculino.,Facultativo o uso de crase em pronomes.,"Uso obrigatório de crase em 'crase, regência e concordância' à disposição.",Correção: à medida que a equipe chegou ao local.,Incorreto: uso de crase antes de verbo.,C,"Gabarito C. Crase, regência e concordância em Língua Portuguesa: conforme banca FGV para PM-SP. Doutrina majoritária e jurisprudência atual."
15,FGV,PP-SP,Língua Portuguesa,Concordância verbal,Assinale a alternativa correta quanto à crase em contexto policial: Concordância verbal,Facultativo o uso de crase em pronomes.,Vedado uso de crase antes de masculino.,Correção: à medida que a equipe chegou ao local.,Incorreto: uso de crase antes de verbo.,Uso obrigatório de crase em 'concordância verbal' à disposição.,B,Gabarito B. Concordância verbal em Língua Portuguesa: conforme banca FGV para PP-SP. Padrão cobrado em provas de áreas policiais SP.
16,VUNESP,PC-SP,Língua Portuguesa,Concordância verbal,"Quanto à Concordância verbal, assinale a alternativa que atende à norma padrão:",Incorreto: uso de crase antes de verbo.,Facultativo o uso de crase em pronomes.,Vedado uso de crase antes de masculino.,Correção: à medida que a equipe chegou ao local.,Uso obrigatório de crase em 'concordância verbal' à disposição.,A,Gabarito A. Concordância verbal em Língua Portuguesa: conforme banca VUNESP para PC-SP. Padrão cobrado em provas de áreas policiais SP.
17,FGV,PM-SP,Língua Portuguesa,Ortografia e acentuação,"Sobre Ortografia e acentuação em ocorrência policial, conforme norma culta, assinale a correta:",Uso obrigatório de crase em 'ortografia e acentuação' à disposição.,Correção: à medida que a equipe chegou ao local.,Vedado uso de crase antes de masculino.,Facultativo o uso de crase em pronomes.,Incorreto: uso de crase antes de verbo.,C,Gabarito C. Ortografia e acentuação em Língua Portuguesa: conforme banca FGV para PM-SP. Conforme manual e legislação específica.
18,VUNESP,PM-SP,Língua Portuguesa,"Crase, regência e concordância","Assinale a alternativa correta quanto à crase em contexto policial: Crase, regência e concordância",Correção: à medida que a equipe chegou ao local.,Facultativo o uso de crase em pronomes.,Vedado uso de crase antes de masculino.,"Uso obrigatório de crase em 'crase, regência e concordância' à disposição.",Incorreto: uso de crase antes de verbo.,A,"Gabarito A. Crase, regência e concordância em Língua Portuguesa: conforme banca VUNESP para PM-SP. Padrão cobrado em provas de áreas policiais SP."
19,VUNESP,PC-SP,Língua Portuguesa,"Crase, regência e concordância","Sobre Crase, regência e concordância em ocorrência policial, conforme norma culta, assinale a correta:",Incorreto: uso de crase antes de verbo.,Facultativo o uso de crase em pronomes.,Correção: à medida que a equipe chegou ao local.,Vedado uso de crase antes de masculino.,"Uso obrigatório de crase em 'crase, regência e concordância' à disposição.",A,"Gabarito A. Crase, regência e concordância em Língua Portuguesa: conforme banca VUNESP para PC-SP. Padrão cobrado em provas de áreas policiais SP."
20,FGV,PM-SP,Língua Portuguesa,Ortografia e acentuação,"Sobre Ortografia e acentuação em ocorrência policial, conforme norma culta, assinale a correta:",Incorreto: uso de crase antes de verbo.,Correção: à medida que a equipe chegou ao local.,Uso obrigatório de crase em 'ortografia e acentuação' à disposição.,Facultativo o uso de crase em pronomes.,Vedado uso de crase antes de masculino.,C,Gabarito C. Ortografia e acentuação em Língua Portuguesa: conforme banca FGV para PM-SP. Padrão cobrado em provas de áreas policiais SP.
21,VUNESP,PP-SP,Língua Portuguesa,"Crase, regência e concordância","Em relatório de Crase, regência e concordância, a redação oficial exige:",Incorreto: uso de crase antes de verbo.,"Uso obrigatório de crase em 'crase, regência e concordância' à disposição.",Correção: à medida que a equipe chegou ao local.,Vedado uso de crase antes de masculino.,Facultativo o uso de crase em pronomes.,B,"Gabarito B. Crase, regência e concordância em Língua Portuguesa: conforme banca VUNESP para PP-SP. Doutrina majoritária e jurisprudência atual."
22,FGV,PC-SP,Língua Portuguesa,Pontuação,"Sobre Pontuação em ocorrência policial, conforme norma culta, assinale a correta:",Uso obrigatório de crase em 'pontuação' à disposição.,Facultativo o uso de crase em pronomes.,Incorreto: uso de crase antes de verbo.,Vedado uso de crase antes de masculino.,Correção: à medida que a equipe chegou ao local.,C,Gabarito C. Pontuação em Língua Portuguesa: conforme banca FGV para PC-SP. Conforme manual e legislação específica.
23,FGV,PP-SP,Língua Portuguesa,Interpretação de texto,"Sobre Interpretação de texto em ocorrência policial, conforme norma culta, assinale a correta:",Correção: à medida que a equipe chegou ao local.,Vedado uso de crase antes de masculino.,Incorreto: uso de crase antes de verbo.,Facultativo o uso de crase em pronomes.,Uso obrigatório de crase em 'interpretação de texto' à disposição.,B,Gabarito B. Interpretação de texto em Língua Portuguesa: conforme banca FGV para PP-SP. Doutrina majoritária e jurisprudência atual.
24,VUNESP,PM-SP,Língua Portuguesa,"Crase, regência e concordância","Quanto à Crase, regência e concordância, assinale a alternativa que atende à norma padrão:",Incorreto: uso de crase antes de verbo.,Correção: à medida que a equipe chegou ao local.,"Uso obrigatório de crase em 'crase, regência e concordância' à disposição.",Vedado uso de crase antes de masculino.,Facultativo o uso de crase em pronomes.,B,"Gabarito B. Crase, regência e concordância em Língua Portuguesa: conforme banca VUNESP para PM-SP. Padrão cobrado em provas de áreas policiais SP."
25,VUNESP,PP-SP,Língua Portuguesa,Pontuação,"Em relatório de Pontuação, a redação oficial exige:",Uso obrigatório de crase em 'pontuação' à disposição.,Vedado uso de crase antes de masculino.,Correção: à medida que a equipe chegou ao local.,Incorreto: uso de crase antes de verbo.,Facultativo o uso de crase em pronomes.,C,Gabarito C. Pontuação em Língua Portuguesa: conforme banca VUNESP para PP-SP. Padrão cobrado em provas de áreas policiais SP.
26,VUNESP,PC-SP,Língua Portuguesa,Ortografia e acentuação,Assinale a alternativa correta quanto à crase em contexto policial: Ortografia e acentuação,Vedado uso de crase antes de masculino.,Correção: à medida que a equipe chegou ao local.,Facultativo o uso de crase em pronomes.,Uso obrigatório de crase em 'ortografia e acentuação' à disposição.,Incorreto: uso de crase antes de verbo.,A,Gabarito A. Ortografia e acentuação em Língua Portuguesa: conforme banca VUNESP para PC-SP. Padrão cobrado em provas de áreas policiais SP.
27,VUNESP,PM-SP,Língua Portuguesa,"Crase, regência e concordância","Assinale a alternativa correta quanto à crase em contexto policial: Crase, regência e concordância",Correção: à medida que a equipe chegou ao local.,Facultativo o uso de crase em pronomes.,Incorreto: uso de crase antes de verbo.,"Uso obrigatório de crase em 'crase, regência e concordância' à disposição.",Vedado uso de crase antes de masculino.,C,"Gabarito C. Crase, regência e concordância em Língua Portuguesa: conforme banca VUNESP para PM-SP. Doutrina majoritária e jurisprudência atual."
28,VUNESP,PC-SP,Língua Portuguesa,Concordância verbal,Assinale a alternativa correta quanto à crase em contexto policial: Concordância verbal,Vedado uso de crase antes de masculino.,Uso obrigatório de crase em 'concordância verbal' à disposição.,Correção: à medida que a equipe chegou ao local.,Incorreto: uso de crase antes de verbo.,Facultativo o uso de crase em pronomes.,B,Gabarito B. Concordância verbal em Língua Portuguesa: conforme banca VUNESP para PC-SP. Padrão cobrado em provas de áreas policiais SP.
29,FGV,PM-SP,Língua Portuguesa,Ortografia e acentuação,"Em relatório de Ortografia e acentuação, a redação oficial exige:",Correção: à medida que a equipe chegou ao local.,Vedado uso de crase antes de masculino.,Uso obrigatório de crase em 'ortografia e acentuação' à disposição.,Incorreto: uso de crase antes de verbo.,Facultativo o uso de crase em pronomes.,C,Gabarito C. Ortografia e acentuação em Língua Portuguesa: conforme banca FGV para PM-SP. Doutrina majoritária e jurisprudência atual.
30,VUNESP,GCM-SP,Língua Portuguesa,"Crase, regência e concordância","Sobre Crase, regência e concordância em ocorrência policial, conforme norma culta, assinale a correta:",Vedado uso de crase antes de masculino.,Correção: à medida que a equipe chegou ao local.,Facultativo o uso de crase em pronomes.,"Uso obrigatório de crase em 'crase, regência e concordância' à disposição.",Incorreto: uso de crase antes de verbo.,B,"Gabarito B. Crase, regência e concordância em Língua Portuguesa: conforme banca VUNESP para GCM-SP. Padrão cobrado em provas de áreas policiais SP."
31,FGV,PC-SP,Língua Portuguesa,Pontuação,"Em relatório de Pontuação, a redação oficial exige:",Incorreto: uso de crase antes de verbo.,Vedado uso de crase antes de masculino.,Facultativo o uso de crase em pronomes.,Correção: à medida que a equipe chegou ao local.,Uso obrigatório de crase em 'pontuação' à disposição.,B,Gabarito B. Pontuação em Língua Portuguesa: conforme banca FGV para PC-SP. Padrão cobrado em provas de áreas policiais SP.
32,FGV,PM-SP,Língua Portuguesa,Ortografia e acentuação,"Em relatório de Ortografia e acentuação, a redação oficial exige:",Uso obrigatório de crase em 'ortografia e acentuação' à disposição.,Vedado uso de crase antes de masculino.,Facultativo o uso de crase em pronomes.,Incorreto: uso de crase antes de verbo.,Correção: à medida que a equipe chegou ao local.,B,Gabarito B. Ortografia e acentuação em Língua Portuguesa: conforme banca FGV para PM-SP. Doutrina majoritária e jurisprudência atual.
33,FGV,GCM-SP,Língua Portuguesa,"Crase, regência e concordância","Assinale a alternativa correta quanto à crase em contexto policial: Crase, regência e concordância",Facultativo o uso de crase em pronomes.,Correção: à medida que a equipe chegou ao local.,Vedado uso de crase antes de masculino.,Incorreto: uso de crase antes de verbo.,"Uso obrigatório de crase em 'crase, regência e concordância' à disposição.",C,"Gabarito C. Crase, regência e concordância em Língua Portuguesa: conforme banca FGV para GCM-SP. Conforme manual e legislação específica."
34,FGV,PC-SP,Língua Portuguesa,Concordância verbal,Assinale a alternativa correta quanto à crase em contexto policial: Concordância verbal,Facultativo o uso de crase em pronomes.,Vedado uso de crase antes de masculino.,Incorreto: uso de crase antes de verbo.,Correção: à medida que a equipe chegou ao local.,Uso obrigatório de crase em 'concordância verbal' à disposição.,B,Gabarito B. Concordância verbal em Língua Portuguesa: conforme banca FGV para PC-SP. Padrão cobrado em provas de áreas policiais SP.
35,VUNESP,PC-SP,Língua Portuguesa,Pontuação,"Em relatório de Pontuação, a redação oficial exige:",Vedado uso de crase antes de masculino.,Facultativo o uso de crase em pronomes.,Correção: à medida que a equipe chegou ao local.,Uso obrigatório de crase em 'pontuação' à disposição.,Incorreto: uso de crase antes de verbo.,C,Gabarito C. Pontuação em Língua Portuguesa: conforme banca VUNESP para PC-SP. Doutrina majoritária e jurisprudência atual.
36,FGV,PM-SP,Língua Portuguesa,Ortografia e acentuação,"Sobre Ortografia e acentuação em ocorrência policial, conforme norma culta, assinale a correta:",Incorreto: uso de crase antes de verbo.,Uso obrigatório de crase em 'ortografia e acentuação' à disposição.,Facultativo o uso de crase em pronomes.,Vedado uso de crase antes de masculino.,Correção: à medida que a equipe chegou ao local.,C,Gabarito C. Ortografia e acentuação em Língua Portuguesa: conforme banca FGV para PM-SP. Entendimento pacificado nos tribunais superiores.
37,VUNESP,GCM-SP,Língua Portuguesa,Pontuação,"Sobre Pontuação em ocorrência policial, conforme norma culta, assinale a correta:",Incorreto: uso de crase antes de verbo.,Correção: à medida que a equipe chegou ao local.,Vedado uso de crase antes de masculino.,Facultativo o uso de crase em pronomes.,Uso obrigatório de crase em 'pontuação' à disposição.,C,Gabarito C. Pontuação em Língua Portuguesa: conforme banca VUNESP para GCM-SP. Padrão cobrado em provas de áreas policiais SP.
38,FGV,GCM-SP,Língua Portuguesa,Pontuação,"Sobre Pontuação em ocorrência policial, conforme norma culta, assinale a correta:",Vedado uso de crase antes de masculino.,Facultativo o uso de crase em pronomes.,Incorreto: uso de crase antes de verbo.,Uso obrigatório de crase em 'pontuação' à disposição.,Correção: à medida que a equipe chegou ao local.,C,Gabarito C. Pontuação em Língua Portuguesa: conforme banca FGV para GCM-SP. Entendimento pacificado nos tribunais superiores.
39,VUNESP,GCM-SP,Língua Portuguesa,Ortografia e acentuação,"Em relatório de Ortografia e acentuação, a redação oficial exige:",Uso obrigatório de crase em 'ortografia e acentuação' à disposição.,Correção: à medida que a equipe chegou ao local.,Incorreto: uso de crase antes de verbo.,Facultativo o uso de crase em pronomes.,Vedado uso de crase antes de masculino.,B,Gabarito B. Ortografia e acentuação em Língua Portuguesa: conforme banca VUNESP para GCM-SP. Doutrina majoritária e jurisprudência atual.
40,VUNESP,GCM-SP,Língua Portuguesa,Ortografia e acentuação,Assinale a alternativa correta quanto à crase em contexto policial: Ortografia e acentuação,Vedado uso de crase antes de masculino.,Incorreto: uso de crase antes de verbo.,Correção: à medida que a equipe chegou ao local.,Facultativo o uso de crase em pronomes.,Uso obrigatório de crase em 'ortografia e acentuação' à disposição.,C,Gabarito C. Ortografia e acentuação em Língua Portuguesa: conforme banca VUNESP para GCM-SP. Doutrina majoritária e jurisprudência atual.
41,VUNESP,GCM-SP,Língua Portuguesa,Pontuação,Assinale a alternativa correta quanto à crase em contexto policial: Pontuação,Correção: à medida que a equipe chegou ao local.,Vedado uso de crase antes de masculino.,Incorreto: uso de crase antes de verbo.,Uso obrigatório de crase em 'pontuação' à disposição.,Facultativo o uso de crase em pronomes.,B,Gabarito B. Pontuação em Língua Portuguesa: conforme banca VUNESP para GCM-SP. Conforme manual e legislação específica.
42,FGV,GCM-SP,Língua Portuguesa,"Crase, regência e concordância","Assinale a alternativa correta quanto à crase em contexto policial: Crase, regência e concordância","Uso obrigatório de crase em 'crase, regência e concordância' à disposição.",Correção: à medida que a equipe chegou ao local.,Facultativo o uso de crase em pronomes.,Vedado uso de crase antes de masculino.,Incorreto: uso de crase antes de verbo.,B,"Gabarito B. Crase, regência e concordância em Língua Portuguesa: conforme banca FGV para GCM-SP. Conforme manual e legislação específica."
43,FGV,PM-SP,Língua Portuguesa,Conjunções e conectivos,"Sobre Conjunções e conectivos em ocorrência policial, conforme norma culta, assinale a correta:",Correção: à medida que a equipe chegou ao local.,Uso obrigatório de crase em 'conjunções e conectivos' à disposição.,Incorreto: uso de crase antes de verbo.,Vedado uso de crase antes de masculino.,Facultativo o uso de crase em pronomes.,A,Gabarito A. Conjunções e conectivos em Língua Portuguesa: conforme banca FGV para PM-SP. Entendimento pacificado nos tribunais superiores.
44,VUNESP,GCM-SP,Língua Portuguesa,Pontuação,"Em relatório de Pontuação, a redação oficial exige:",Uso obrigatório de crase em 'pontuação' à disposição.,Vedado uso de crase antes de masculino.,Incorreto: uso de crase antes de verbo.,Facultativo o uso de crase em pronomes.,Correção: à medida que a equipe chegou ao local.,C,Gabarito C. Pontuação em Língua Portuguesa: conforme banca VUNESP para GCM-SP. Conforme manual e legislação específica.
45,VUNESP,PP-SP,Língua Portuguesa,Pontuação,"Sobre Pontuação em ocorrência policial, conforme norma culta, assinale a correta:",Vedado uso de crase antes de masculino.,Correção: à medida que a equipe chegou ao local.,Facultativo o uso de crase em pronomes.,Incorreto: uso de crase antes de verbo.,Uso obrigatório de crase em 'pontuação' à disposição.,B,Gabarito B. Pontuação em Língua Portuguesa: conforme banca VUNESP para PP-SP. Padrão cobrado em provas de áreas policiais SP.
46,FGV,PM-SP,Língua Portuguesa,Conjunções e conectivos,"Sobre Conjunções e conectivos em ocorrência policial, conforme norma culta, assinale a correta:",Vedado uso de crase antes de masculino.,Incorreto: uso de crase antes de verbo.,Facultativo o uso de crase em pronomes.,Uso obrigatório de crase em 'conjunções e conectivos' à disposição.,Correção: à medida que a equipe chegou ao local.,C,Gabarito C. Conjunções e conectivos em Língua Portuguesa: conforme banca FGV para PM-SP. Doutrina majoritária e jurisprudência atual.
47,FGV,PM-SP,Língua Portuguesa,Pontuação,"Quanto à Pontuação, assinale a alternativa que atende à norma padrão:",Correção: à medida que a equipe chegou ao local.,Incorreto: uso de crase antes de verbo.,Uso obrigatório de crase em 'pontuação' à disposição.,Vedado uso de crase antes de masculino.,Facultativo o uso de crase em pronomes.,B,Gabarito B. Pontuação em Língua Portuguesa: conforme banca FGV para PM-SP. Doutrina majoritária e jurisprudência atual.
48,VUNESP,PM-SP,Língua Portuguesa,Pontuação,"Quanto à Pontuação, assinale a alternativa que atende à norma padrão:",Incorreto: uso de crase antes de verbo.,Facultativo o uso de crase em pronomes.,Vedado uso de crase antes de masculino.,Correção: à medida que a equipe chegou ao local.,Uso obrigatório de crase em 'pontuação' à disposição.,C,Gabarito C. Pontuação em Língua Portuguesa: conforme banca VUNESP para PM-SP. Conforme manual e legislação específica.
49,FGV,PP-SP,Língua Portuguesa,Conjunções e conectivos,"Quanto à Conjunções e conectivos, assinale a alternativa que atende à norma padrão:",Incorreto: uso de crase antes de verbo.,Correção: à medida que a equipe chegou ao local.,Uso obrigatório de crase em 'conjunções e conectivos' à disposição.,Facultativo o uso de crase em pronomes.,Vedado uso de crase antes de masculino.,C,Gabarito C. Conjunções e conectivos em Língua Portuguesa: conforme banca FGV para PP-SP. Entendimento pacificado nos tribunais superiores.
50,FGV,PP-SP,Língua Portuguesa,Interpretação de texto,"Sobre Interpretação de texto em ocorrência policial, conforme norma culta, assinale a correta:",Vedado uso de crase antes de masculino.,Correção: à medida que a equipe chegou ao local.,Uso obrigatório de crase em 'interpretação de texto' à disposição.,Facultativo o uso de crase em pronomes.,Incorreto: uso de crase antes de verbo.,C,Gabarito C. Interpretação de texto em Língua Portuguesa: conforme banca FGV para PP-SP. Entendimento pacificado nos tribunais superiores.
51,FGV,PC-SP,Língua Portuguesa,Ortografia e acentuação,"Sobre Ortografia e acentuação em ocorrência policial, conforme norma culta, assinale a correta:",Incorreto: uso de crase antes de verbo.,Uso obrigatório de crase em 'ortografia e acentuação' à disposição.,Facultativo o uso de crase em pronomes.,Vedado uso de crase antes de masculino.,Correção: à medida que a equipe chegou ao local.,C,Gabarito C. Ortografia e acentuação em Língua Portuguesa: conforme banca FGV para PC-SP. Doutrina majoritária e jurisprudência atual.
52,FGV,GCM-SP,Língua Portuguesa,Pontuação,"Quanto à Pontuação, assinale a alternativa que atende à norma padrão:",Incorreto: uso de crase antes de verbo.,Correção: à medida que a equipe chegou ao local.,Vedado uso de crase antes de masculino.,Uso obrigatório de crase em 'pontuação' à disposição.,Facultativo o uso de crase em pronomes.,C,Gabarito C. Pontuação em Língua Portuguesa: conforme banca FGV para GCM-SP. Doutrina majoritária e jurisprudência atual.
53,FGV,PP-SP,Língua Portuguesa,Concordância verbal,Assinale a alternativa correta quanto à crase em contexto policial: Concordância verbal,Uso obrigatório de crase em 'concordância verbal' à disposição.,Facultativo o uso de crase em pronomes.,Correção: à medida que a equipe chegou ao local.,Vedado uso de crase antes de masculino.,Incorreto: uso de crase antes de verbo.,A,Gabarito A. Concordância verbal em Língua Portuguesa: conforme banca FGV para PP-SP. Padrão cobrado em provas de áreas policiais SP.
54,VUNESP,GCM-SP,Língua Portuguesa,Pontuação,"Quanto à Pontuação, assinale a alternativa que atende à norma padrão:",Vedado uso de crase antes de masculino.,Incorreto: uso de crase antes de verbo.,Correção: à medida que a equipe chegou ao local.,Uso obrigatório de crase em 'pontuação' à disposição.,Facultativo o uso de crase em pronomes.,C,Gabarito C. Pontuação em Língua Portuguesa: conforme banca VUNESP para GCM-SP. Padrão cobrado em provas de áreas policiais SP.
55,VUNESP,PC-SP,Língua Portuguesa,Pontuação,"Quanto à Pontuação, assinale a alternativa que atende à norma padrão:",Incorreto: uso de crase antes de verbo.,Correção: à medida que a equipe chegou ao local.,Facultativo o uso de crase em pronomes.,Uso obrigatório de crase em 'pontuação' à disposição.,Vedado uso de crase antes de masculino.,C,Gabarito C. Pontuação em Língua Portuguesa: conforme banca VUNESP para PC-SP. Conforme manual e legislação específica.
56,VUNESP,GCM-SP,Língua Portuguesa,Interpretação de texto,"Quanto à Interpretação de texto, assinale a alternativa que atende à norma padrão:",Uso obrigatório de crase em 'interpretação de texto' à disposição.,Vedado uso de crase antes de masculino.,Facultativo o uso de crase em pronomes.,Correção: à medida que a equipe chegou ao local.,Incorreto: uso de crase antes de verbo.,B,Gabarito B. Interpretação de texto em Língua Portuguesa: conforme banca VUNESP para GCM-SP. Conforme manual e legislação específica.
57,FGV,GCM-SP,Língua Portuguesa,Ortografia e acentuação,Assinale a alternativa correta quanto à crase em contexto policial: Ortografia e acentuação,Correção: à medida que a equipe chegou ao local.,Vedado uso de crase antes de masculino.,Incorreto: uso de crase antes de verbo.,Uso obrigatório de crase em 'ortografia e acentuação' à disposição.,Facultativo o uso de crase em pronomes.,B,Gabarito B. Ortografia e acentuação em Língua Portuguesa: conforme banca FGV para GCM-SP. Padrão cobrado em provas de áreas policiais SP.
58,VUNESP,PC-SP,Língua Portuguesa,Conjunções e conectivos,Assinale a alternativa correta quanto à crase em contexto policial: Conjunções e conectivos,Facultativo o uso de crase em pronomes.,Incorreto: uso de crase antes de verbo.,Uso obrigatório de crase em 'conjunções e conectivos' à disposição.,Vedado uso de crase antes de masculino.,Correção: à medida que a equipe chegou ao local.,C,Gabarito C. Conjunções e conectivos em Língua Portuguesa: conforme banca VUNESP para PC-SP. Padrão cobrado em provas de áreas policiais SP.
59,VUNESP,PM-SP,Língua Portuguesa,Pontuação,"Quanto à Pontuação, assinale a alternativa que atende à norma padrão:",Correção: à medida que a equipe chegou ao local.,Facultativo o uso de crase em pronomes.,Uso obrigatório de crase em 'pontuação' à disposição.,Vedado uso de crase antes de masculino.,Incorreto: uso de crase antes de verbo.,C,Gabarito C. Pontuação em Língua Portuguesa: conforme banca VUNESP para PM-SP. Entendimento pacificado nos tribunais superiores.
60,VUNESP,GCM-SP,Língua Portuguesa,"Crase, regência e concordância","Quanto à Crase, regência e concordância, assinale a alternativa que atende à norma padrão:",Vedado uso de crase antes de masculino.,Incorreto: uso de crase antes de verbo.,"Uso obrigatório de crase em 'crase, regência e concordância' à disposição.",Correção: à medida que a equipe chegou ao local.,Facultativo o uso de crase em pronomes.,B,"Gabarito B. Crase, regência e concordância em Língua Portuguesa: conforme banca VUNESP para GCM-SP. Entendimento pacificado nos tribunais superiores."
61,VUNESP,PC-SP,Língua Portuguesa,Conjunções e conectivos,"Em relatório de Conjunções e conectivos, a redação oficial exige:",Uso obrigatório de crase em 'conjunções e conectivos' à disposição.,Correção: à medida que a equipe chegou ao local.,Incorreto: uso de crase antes de verbo.,Facultativo o uso de crase em pronomes.,Vedado uso de crase antes de masculino.,B,Gabarito B. Conjunções e conectivos em Língua Portuguesa: conforme banca VUNESP para PC-SP. Entendimento pacificado nos tribunais superiores.
62,FGV,PP-SP,Língua Portuguesa,"Crase, regência e concordância","Assinale a alternativa correta quanto à crase em contexto policial: Crase, regência e concordância","Uso obrigatório de crase em 'crase, regência e concordância' à disposição.",Correção: à medida que a equipe chegou ao local.,Vedado uso de crase antes de masculino.,Incorreto: uso de crase antes de verbo.,Facultativo o uso de crase em pronomes.,C,"Gabarito C. Crase, regência e concordância em Língua Portuguesa: conforme banca FGV para PP-SP. Conforme manual e legislação específica."
63,FGV,PP-SP,Língua Portuguesa,Interpretação de texto,"Quanto à Interpretação de texto, assinale a alternativa que atende à norma padrão:",Vedado uso de crase antes de masculino.,Uso obrigatório de crase em 'interpretação de texto' à disposição.,Correção: à medida que a equipe chegou ao local.,Incorreto: uso de crase antes de verbo.,Facultativo o uso de crase em pronomes.,B,Gabarito B. Interpretação de texto em Língua Portuguesa: conforme banca FGV para PP-SP. Entendimento pacificado nos tribunais superiores.
64,VUNESP,PP-SP,Língua Portuguesa,Pontuação,"Quanto à Pontuação, assinale a alternativa que atende à norma padrão:",Facultativo o uso de crase em pronomes.,Vedado uso de crase antes de masculino.,Correção: à medida que a equipe chegou ao local.,Uso obrigatório de crase em 'pontuação' à disposição.,Incorreto: uso de crase antes de verbo.,C,Gabarito C. Pontuação em Língua Portuguesa: conforme banca VUNESP para PP-SP. Conforme manual e legislação específica.
65,FGV,GCM-SP,Língua Portuguesa,Interpretação de texto,"Em relatório de Interpretação de texto, a redação oficial exige:",Correção: à medida que a equipe chegou ao local.,Uso obrigatório de crase em 'interpretação de texto' à disposição.,Facultativo o uso de crase em pronomes.,Vedado uso de crase antes de masculino.,Incorreto: uso de crase antes de verbo.,A,Gabarito A. Interpretação de texto em Língua Portuguesa: conforme banca FGV para GCM-SP. Padrão cobrado em provas de áreas policiais SP.
66,VUNESP,PP-SP,Língua Portuguesa,"Crase, regência e concordância","Quanto à Crase, regência e concordância, assinale a alternativa que atende à norma padrão:","Uso obrigatório de crase em 'crase, regência e concordância' à disposição.",Facultativo o uso de crase em pronomes.,Incorreto: uso de crase antes de verbo.,Correção: à medida que a equipe chegou ao local.,Vedado uso de crase antes de masculino.,C,"Gabarito C. Crase, regência e concordância em Língua Portuguesa: conforme banca VUNESP para PP-SP. Conforme manual e legislação específica."
67,VUNESP,GCM-SP,Língua Portuguesa,"Crase, regência e concordância","Sobre Crase, regência e concordância em ocorrência policial, conforme norma culta, assinale a correta:","Uso obrigatório de crase em 'crase, regência e concordância' à disposição.",Incorreto: uso de crase antes de verbo.,Vedado uso de crase antes de masculino.,Correção: à medida que a equipe chegou ao local.,Facultativo o uso de crase em pronomes.,C,"Gabarito C. Crase, regência e concordância em Língua Portuguesa: conforme banca VUNESP para GCM-SP. Entendimento pacificado nos tribunais superiores."
68,FGV,GCM-SP,Língua Portuguesa,Pontuação,"Quanto à Pontuação, assinale a alternativa que atende à norma padrão:",Facultativo o uso de crase em pronomes.,Uso obrigatório de crase em 'pontuação' à disposição.,Correção: à medida que a equipe chegou ao local.,Vedado uso de crase antes de masculino.,Incorreto: uso de crase antes de verbo.,B,Gabarito B. Pontuação em Língua Portuguesa: conforme banca FGV para GCM-SP. Padrão cobrado em provas de áreas policiais SP.
69,VUNESP,PM-SP,Língua Portuguesa,Ortografia e acentuação,"Sobre Ortografia e acentuação em ocorrência policial, conforme norma culta, assinale a correta:",Uso obrigatório de crase em 'ortografia e acentuação' à disposição.,Incorreto: uso de crase antes de verbo.,Vedado uso de crase antes de masculino.,Facultativo o uso de crase em pronomes.,Correção: à medida que a equipe chegou ao local.,B,Gabarito B. Ortografia e acentuação em Língua Portuguesa: conforme banca VUNESP para PM-SP. Padrão cobrado em provas de áreas policiais SP.
70,VUNESP,GCM-SP,Língua Portuguesa,Ortografia e acentuação,"Sobre Ortografia e acentuação em ocorrência policial, conforme norma culta, assinale a correta:",Correção: à medida que a equipe chegou ao local.,Facultativo o uso de crase em pronomes.,Vedado uso de crase antes de masculino.,Uso obrigatório de crase em 'ortografia e acentuação' à disposição.,Incorreto: uso de crase antes de verbo.,B,Gabarito B. Ortografia e acentuação em Língua Portuguesa: conforme banca VUNESP para GCM-SP. Doutrina majoritária e jurisprudência atual.
71,FGV,PM-SP,Língua Portuguesa,"Crase, regência e concordância","Quanto à Crase, regência e concordância, assinale a alternativa que atende à norma padrão:",Facultativo o uso de crase em pronomes.,Correção: à medida que a equipe chegou ao local.,Incorreto: uso de crase antes de verbo.,Vedado uso de crase antes de masculino.,"Uso obrigatório de crase em 'crase, regência e concordância' à disposição.",C,"Gabarito C. Crase, regência e concordância em Língua Portuguesa: conforme banca FGV para PM-SP. Conforme manual e legislação específica."
72,FGV,PM-SP,Língua Portuguesa,Pontuação,Assinale a alternativa correta quanto à crase em contexto policial: Pontuação,Correção: à medida que a equipe chegou ao local.,Vedado uso de crase antes de masculino.,Uso obrigatório de crase em 'pontuação' à disposição.,Facultativo o uso de crase em pronomes.,Incorreto: uso de crase antes de verbo.,C,Gabarito C. Pontuação em Língua Portuguesa: conforme banca FGV para PM-SP. Conforme manual e legislação específica.
73,VUNESP,PM-SP,Língua Portuguesa,"Crase, regência e concordância","Sobre Crase, regência e concordância em ocorrência policial, conforme norma culta, assinale a correta:",Correção: à medida que a equipe chegou ao local.,Facultativo o uso de crase em pronomes.,"Uso obrigatório de crase em 'crase, regência e concordância' à disposição.",Incorreto: uso de crase antes de verbo.,Vedado uso de crase antes de masculino.,B,"Gabarito B. Crase, regência e concordância em Língua Portuguesa: conforme banca VUNESP para PM-SP. Conforme manual e legislação específica."
74,VUNESP,PP-SP,Língua Portuguesa,Concordância verbal,"Quanto à Concordância verbal, assinale a alternativa que atende à norma padrão:",Uso obrigatório de crase em 'concordância verbal' à disposição.,Correção: à medida que a equipe chegou ao local.,Vedado uso de crase antes de masculino.,Incorreto: uso de crase antes de verbo.,Facultativo o uso de crase em pronomes.,B,Gabarito B. Concordância verbal em Língua Portuguesa: conforme banca VUNESP para PP-SP. Doutrina majoritária e jurisprudência atual.
75,VUNESP,PM-SP,Língua Portuguesa,Concordância verbal,"Sobre Concordância verbal em ocorrência policial, conforme norma culta, assinale a correta:",Correção: à medida que a equipe chegou ao local.,Vedado uso de crase antes de masculino.,Facultativo o uso de crase em pronomes.,Uso obrigatório de crase em 'concordância verbal' à disposição.,Incorreto: uso de crase antes de verbo.,C,Gabarito C. Concordância verbal em Língua Portuguesa: conforme banca VUNESP para PM-SP. Doutrina majoritária e jurisprudência atual.
76,VUNESP,PP-SP,Língua Portuguesa,Interpretação de texto,"Quanto à Interpretação de texto, assinale a alternativa que atende à norma padrão:",Incorreto: uso de crase antes de verbo.,Uso obrigatório de crase em 'interpretação de texto' à disposição.,Correção: à medida que a equipe chegou ao local.,Facultativo o uso de crase em pronomes.,Vedado uso de crase antes de masculino.,C,Gabarito C. Interpretação de texto em Língua Portuguesa: conforme banca VUNESP para PP-SP. Entendimento pacificado nos tribunais superiores.
77,FGV,PP-SP,Língua Portuguesa,Conjunções e conectivos,Assinale a alternativa correta quanto à crase em contexto policial: Conjunções e conectivos,Vedado uso de crase antes de masculino.,Uso obrigatório de crase em 'conjunções e conectivos' à disposição.,Facultativo o uso de crase em pronomes.,Incorreto: uso de crase antes de verbo.,Correção: à medida que a equipe chegou ao local.,C,Gabarito C. Conjunções e conectivos em Língua Portuguesa: conforme banca FGV para PP-SP. Doutrina majoritária e jurisprudência atual.
78,VUNESP,PM-SP,Língua Portuguesa,Concordância verbal,"Em relatório de Concordância verbal, a redação oficial exige:",Vedado uso de crase antes de masculino.,Incorreto: uso de crase antes de verbo.,Facultativo o uso de crase em pronomes.,Uso obrigatório de crase em 'concordância verbal' à disposição.,Correção: à medida que a equipe chegou ao local.,B,Gabarito B. Concordância verbal em Língua Portuguesa: conforme banca VUNESP para PM-SP. Entendimento pacificado nos tribunais superiores.
79,VUNESP,PP-SP,Língua Portuguesa,Pontuação,"Em relatório de Pontuação, a redação oficial exige:",Uso obrigatório de crase em 'pontuação' à disposição.,Correção: à medida que a equipe chegou ao local.,Vedado uso de crase antes de masculino.,Incorreto: uso de crase antes de verbo.,Facultativo o uso de crase em pronomes.,C,Gabarito C. Pontuação em Língua Portuguesa: conforme banca VUNESP para PP-SP. Doutrina majoritária e jurisprudência atual.
80,VUNESP,PP-SP,Língua Portuguesa,Concordância verbal,"Em relatório de Concordância verbal, a redação oficial exige:",Correção: à medida que a equipe chegou ao local.,Facultativo o uso de crase em pronomes.,Uso obrigatório de crase em 'concordância verbal' à disposição.,Incorreto: uso de crase antes de verbo.,Vedado uso de crase antes de masculino.,C,Gabarito C. Concordância verbal em Língua Portuguesa: conforme banca VUNESP para PP-SP. Doutrina majoritária e jurisprudência atual.
81,FGV,PC-SP,Língua Portuguesa,Conjunções e conectivos,"Sobre Conjunções e conectivos em ocorrência policial, conforme norma culta, assinale a correta:",Incorreto: uso de crase antes de verbo.,Uso obrigatório de crase em 'conjunções e conectivos' à disposição.,Correção: à medida que a equipe chegou ao local.,Vedado uso de crase antes de masculino.,Facultativo o uso de crase em pronomes.,A,Gabarito A. Conjunções e conectivos em Língua Portuguesa: conforme banca FGV para PC-SP. Conforme manual e legislação específica.
82,FGV,PC-SP,Língua Portuguesa,Conjunções e conectivos,"Quanto à Conjunções e conectivos, assinale a alternativa que atende à norma padrão:",Uso obrigatório de crase em 'conjunções e conectivos' à disposição.,Vedado uso de crase antes de masculino.,Correção: à medida que a equipe chegou ao local.,Facultativo o uso de crase em pronomes.,Incorreto: uso de crase antes de verbo.,B,Gabarito B. Conjunções e conectivos em Língua Portuguesa: conforme banca FGV para PC-SP. Padrão cobrado em provas de áreas policiais SP.
83,FGV,PP-SP,Língua Portuguesa,Ortografia e acentuação,"Em relatório de Ortografia e acentuação, a redação oficial exige:",Incorreto: uso de crase antes de verbo.,Vedado uso de crase antes de masculino.,Correção: à medida que a equipe chegou ao local.,Uso obrigatório de crase em 'ortografia e acentuação' à disposição.,Facultativo o uso de crase em pronomes.,B,Gabarito B. Ortografia e acentuação em Língua Portuguesa: conforme banca FGV para PP-SP. Entendimento pacificado nos tribunais superiores.
84,VUNESP,PP-SP,Língua Portuguesa,Ortografia e acentuação,Assinale a alternativa correta quanto à crase em contexto policial: Ortografia e acentuação,Incorreto: uso de crase antes de verbo.,Uso obrigatório de crase em 'ortografia e acentuação' à disposição.,Correção: à medida que a equipe chegou ao local.,Facultativo o uso de crase em pronomes.,Vedado uso de crase antes de masculino.,C,Gabarito C. Ortografia e acentuação em Língua Portuguesa: conforme banca VUNESP para PP-SP. Entendimento pacificado nos tribunais superiores.
85,FGV,PP-SP,Língua Portuguesa,Concordância verbal,Assinale a alternativa correta quanto à crase em contexto policial: Concordância verbal,Vedado uso de crase antes de masculino.,Uso obrigatório de crase em 'concordância verbal' à disposição.,Facultativo o uso de crase em pronomes.,Incorreto: uso de crase antes de verbo.,Correção: à medida que a equipe chegou ao local.,B,Gabarito B. Concordância verbal em Língua Portuguesa: conforme banca FGV para PP-SP. Conforme manual e legislação específica.
86,FGV,PC-SP,Língua Portuguesa,Conjunções e conectivos,Assinale a alternativa correta quanto à crase em contexto policial: Conjunções e conectivos,Facultativo o uso de crase em pronomes.,Uso obrigatório de crase em 'conjunções e conectivos' à disposição.,Incorreto: uso de crase antes de verbo.,Correção: à medida que a equipe chegou ao local.,Vedado uso de crase antes de masculino.,B,Gabarito B. Conjunções e conectivos em Língua Portuguesa: conforme banca FGV para PC-SP. Doutrina majoritária e jurisprudência atual.
87,FGV,PC-SP,Língua Portuguesa,Concordância verbal,"Sobre Concordância verbal em ocorrência policial, conforme norma culta, assinale a correta:",Correção: à medida que a equipe chegou ao local.,Incorreto: uso de crase antes de verbo.,Vedado uso de crase antes de masculino.,Facultativo o uso de crase em pronomes.,Uso obrigatório de crase em 'concordância verbal' à disposição.,C,Gabarito C. Concordância verbal em Língua Portuguesa: conforme banca FGV para PC-SP. Entendimento pacificado nos tribunais superiores.
88,FGV,PP-SP,Língua Portuguesa,Concordância verbal,"Quanto à Concordância verbal, assinale a alternativa que atende à norma padrão:",Incorreto: uso de crase antes de verbo.,Uso obrigatório de crase em 'concordância verbal' à disposição.,Vedado uso de crase antes de masculino.,Correção: à medida que a equipe chegou ao local.,Facultativo o uso de crase em pronomes.,C,Gabarito C. Concordância verbal em Língua Portuguesa: conforme banca FGV para PP-SP. Padrão cobrado em provas de áreas policiais SP.
89,FCC,PP-SP,Direito Penal,Arrependimento posterior,"Em relação a Arrependimento posterior para PP-SP, assinale a alternativa correta:",Arrependimento posterior exclui a culpabilidade quando há coação moral irresistível.,Arrependimento posterior prescinde de dolo para configuração.,Arrependimento posterior permite redução de 1/3 a 2/3 se preenchidos requisitos legais.,Arrependimento posterior aplica-se apenas a crimes hediondos.,Arrependimento posterior é causa de exclusão da ilicitude em qualquer hipótese.,B,Gabarito B. Arrependimento posterior em Direito Penal: conforme banca FCC para PP-SP. Entendimento pacificado nos tribunais superiores.
90,FGV,PP-SP,Direito Penal,Legítima defesa,"No crime de Legítima defesa, para fins de concurso policial, é correto afirmar:",Legítima defesa exclui a culpabilidade quando há coação moral irresistível.,Legítima defesa é causa de exclusão da ilicitude em qualquer hipótese.,Legítima defesa permite redução de 1/3 a 2/3 se preenchidos requisitos legais.,Legítima defesa prescinde de dolo para configuração.,Legítima defesa aplica-se apenas a crimes hediondos.,A,Gabarito A. Legítima defesa em Direito Penal: conforme banca FGV para PP-SP. Conforme manual e legislação específica.
91,FGV,PC-SP,Direito Penal,Concurso de crimes,"Em relação a Concurso de crimes para PC-SP, assinale a alternativa correta:",Concurso de crimes é causa de exclusão da ilicitude em qualquer hipótese.,Concurso de crimes prescinde de dolo para configuração.,Concurso de crimes exclui a culpabilidade quando há coação moral irresistível.,Concurso de crimes aplica-se apenas a crimes hediondos.,Concurso de crimes permite redução de 1/3 a 2/3 se preenchidos requisitos legais.,C,Gabarito C. Concurso de crimes em Direito Penal: conforme banca FGV para PC-SP. Conforme manual e legislação específica.
92,FCC,PP-SP,Direito Penal,Concurso de crimes,"Em relação a Concurso de crimes para PP-SP, assinale a alternativa correta:",Concurso de crimes prescinde de dolo para configuração.,Concurso de crimes aplica-se apenas a crimes hediondos.,Concurso de crimes é causa de exclusão da ilicitude em qualquer hipótese.,Concurso de crimes permite redução de 1/3 a 2/3 se preenchidos requisitos legais.,Concurso de crimes exclui a culpabilidade quando há coação moral irresistível.,B,Gabarito B. Concurso de crimes em Direito Penal: conforme banca FCC para PP-SP. Conforme manual e legislação específica.
93,FCC,PM-SP,Direito Penal,Teoria do crime,"Sobre Teoria do crime (Art. 121, CP), conforme jurisprudência do STJ, é correto:",Teoria do crime é causa de exclusão da ilicitude em qualquer hipótese.,Teoria do crime prescinde de dolo para configuração.,Teoria do crime exclui a culpabilidade quando há coação moral irresistível.,Teoria do crime permite redução de 1/3 a 2/3 se preenchidos requisitos legais.,Teoria do crime aplica-se apenas a crimes hediondos.,B,Gabarito B. Teoria do crime em Direito Penal: conforme banca FCC para PM-SP. Entendimento pacificado nos tribunais superiores.
94,FCC,PM-SP,Direito Penal,Arrependimento posterior,"Sobre Arrependimento posterior (Art. 180, CP), conforme jurisprudência do STJ, é correto:",Arrependimento posterior exclui a culpabilidade quando há coação moral irresistível.,Arrependimento posterior é causa de exclusão da ilicitude em qualquer hipótese.,Arrependimento posterior permite redução de 1/3 a 2/3 se preenchidos requisitos legais.,Arrependimento posterior aplica-se apenas a crimes hediondos.,Arrependimento posterior prescinde de dolo para configuração.,A,Gabarito A. Arrependimento posterior em Direito Penal: conforme banca FCC para PM-SP. Doutrina majoritária e jurisprudência atual.
95,VUNESP,PC-SP,Direito Penal,Arrependimento posterior,"Sobre Arrependimento posterior, segundo o Código Penal e doutrina majoritária, assinale:",Arrependimento posterior permite redução de 1/3 a 2/3 se preenchidos requisitos legais.,Arrependimento posterior é causa de exclusão da ilicitude em qualquer hipótese.,Arrependimento posterior prescinde de dolo para configuração.,Arrependimento posterior aplica-se apenas a crimes hediondos.,Arrependimento posterior exclui a culpabilidade quando há coação moral irresistível.,C,Gabarito C. Arrependimento posterior em Direito Penal: conforme banca VUNESP para PC-SP. Padrão cobrado em provas de áreas policiais SP.
96,FGV,PC-SP,Direito Penal,Legítima defesa,"Sobre Legítima defesa (Art. 180, CP), conforme jurisprudência do STJ, é correto:",Legítima defesa prescinde de dolo para configuração.,Legítima defesa aplica-se apenas a crimes hediondos.,Legítima defesa permite redução de 1/3 a 2/3 se preenchidos requisitos legais.,Legítima defesa é causa de exclusão da ilicitude em qualquer hipótese.,Legítima defesa exclui a culpabilidade quando há coação moral irresistível.,C,Gabarito C. Legítima defesa em Direito Penal: conforme banca FGV para PC-SP. Padrão cobrado em provas de áreas policiais SP.
97,FCC,PM-SP,Direito Penal,Crimes contra a pessoa,"Em relação a Crimes contra a pessoa para PM-SP, assinale a alternativa correta:",Crimes contra a pessoa aplica-se apenas a crimes hediondos.,Crimes contra a pessoa prescinde de dolo para configuração.,Crimes contra a pessoa é causa de exclusão da ilicitude em qualquer hipótese.,Crimes contra a pessoa exclui a culpabilidade quando há coação moral irresistível.,Crimes contra a pessoa permite redução de 1/3 a 2/3 se preenchidos requisitos legais.,A,Gabarito A. Crimes contra a pessoa em Direito Penal: conforme banca FCC para PM-SP. Padrão cobrado em provas de áreas policiais SP.
98,FCC,PC-SP,Direito Penal,Concurso de crimes,"Em relação a Concurso de crimes para PC-SP, assinale a alternativa correta:",Concurso de crimes prescinde de dolo para configuração.,Concurso de crimes exclui a culpabilidade quando há coação moral irresistível.,Concurso de crimes permite redução de 1/3 a 2/3 se preenchidos requisitos legais.,Concurso de crimes aplica-se apenas a crimes hediondos.,Concurso de crimes é causa de exclusão da ilicitude em qualquer hipótese.,C,Gabarito C. Concurso de crimes em Direito Penal: conforme banca FCC para PC-SP. Entendimento pacificado nos tribunais superiores.
99,FCC,PC-SP,Direito Penal,Legítima defesa,"Sobre Legítima defesa (Art. 312, CP), conforme jurisprudência do STJ, é correto:",Legítima defesa exclui a culpabilidade quando há coação moral irresistível.,Legítima defesa permite redução de 1/3 a 2/3 se preenchidos requisitos legais.,Legítima defesa aplica-se apenas a crimes hediondos.,Legítima defesa prescinde de dolo para configuração.,Legítima defesa é causa de exclusão da ilicitude em qualquer hipótese.,B,Gabarito B. Legítima defesa em Direito Penal: conforme banca FCC para PC-SP. Conforme manual e legislação específica.
100,VUNESP,PM-SP,Direito Penal,Crimes contra o patrimônio,"No crime de Crimes contra o patrimônio, para fins de concurso policial, é correto afirmar:",Crimes contra o patrimônio exclui a culpabilidade quando há coação moral irresistível.,Crimes contra o patrimônio prescinde de dolo para configuração.,Crimes contra o patrimônio é causa de exclusão da ilicitude em qualquer hipótese.,Crimes contra o patrimônio aplica-se apenas a crimes hediondos.,Crimes contra o patrimônio permite redução de 1/3 a 2/3 se preenchidos requisitos legais.,A,Gabarito A. Crimes contra o patrimônio em Direito Penal: conforme banca VUNESP para PM-SP. Entendimento pacificado nos tribunais superiores.
101,FGV,PC-SP,Direito Penal,Legítima defesa,"No crime de Legítima defesa, para fins de concurso policial, é correto afirmar:",Legítima defesa aplica-se apenas a crimes hediondos.,Legítima defesa permite redução de 1/3 a 2/3 se preenchidos requisitos legais.,Legítima defesa é causa de exclusão da ilicitude em qualquer hipótese.,Legítima defesa prescinde de dolo para configuração.,Legítima defesa exclui a culpabilidade quando há coação moral irresistível.,B,Gabarito B. Legítima defesa em Direito Penal: conforme banca FGV para PC-SP. Padrão cobrado em provas de áreas policiais SP.
102,FGV,PC-SP,Direito Penal,Arrependimento posterior,"Em relação a Arrependimento posterior para PC-SP, assinale a alternativa correta:",Arrependimento posterior prescinde de dolo para configuração.,Arrependimento posterior aplica-se apenas a crimes hediondos.,Arrependimento posterior é causa de exclusão da ilicitude em qualquer hipótese.,Arrependimento posterior exclui a culpabilidade quando há coação moral irresistível.,Arrependimento posterior permite redução de 1/3 a 2/3 se preenchidos requisitos legais.,B,Gabarito B. Arrependimento posterior em Direito Penal: conforme banca FGV para PC-SP. Conforme manual e legislação específica.
103,FCC,PM-SP,Direito Penal,Teoria do crime,"Em relação a Teoria do crime para PM-SP, assinale a alternativa correta:",Teoria do crime exclui a culpabilidade quando há coação moral irresistível.,Teoria do crime permite redução de 1/3 a 2/3 se preenchidos requisitos legais.,Teoria do crime aplica-se apenas a crimes hediondos.,Teoria do crime prescinde de dolo para configuração.,Teoria do crime é causa de exclusão da ilicitude em qualquer hipótese.,C,Gabarito C. Teoria do crime em Direito Penal: conforme banca FCC para PM-SP. Padrão cobrado em provas de áreas policiais SP.
104,FCC,PM-SP,Direito Penal,Crimes contra a pessoa,"Sobre Crimes contra a pessoa, segundo o Código Penal e doutrina majoritária, assinale:",Crimes contra a pessoa exclui a culpabilidade quando há coação moral irresistível.,Crimes contra a pessoa prescinde de dolo para configuração.,Crimes contra a pessoa permite redução de 1/3 a 2/3 se preenchidos requisitos legais.,Crimes contra a pessoa aplica-se apenas a crimes hediondos.,Crimes contra a pessoa é causa de exclusão da ilicitude em qualquer hipótese.,B,Gabarito B. Crimes contra a pessoa em Direito Penal: conforme banca FCC para PM-SP. Conforme manual e legislação específica.
105,VUNESP,PC-SP,Direito Penal,Teoria do crime,"No crime de Teoria do crime, para fins de concurso policial, é correto afirmar:",Teoria do crime é causa de exclusão da ilicitude em qualquer hipótese.,Teoria do crime permite redução de 1/3 a 2/3 se preenchidos requisitos legais.,Teoria do crime prescinde de dolo para configuração.,Teoria do crime aplica-se apenas a crimes hediondos.,Teoria do crime exclui a culpabilidade quando há coação moral irresistível.,A,Gabarito A. Teoria do crime em Direito Penal: conforme banca VUNESP para PC-SP. Doutrina majoritária e jurisprudência atual.
106,FGV,PP-SP,Direito Penal,Concurso de crimes,"Sobre Concurso de crimes, segundo o Código Penal e doutrina majoritária, assinale:",Concurso de crimes permite redução de 1/3 a 2/3 se preenchidos requisitos legais.,Concurso de crimes aplica-se apenas a crimes hediondos.,Concurso de crimes prescinde de dolo para configuração.,Concurso de crimes exclui a culpabilidade quando há coação moral irresistível.,Concurso de crimes é causa de exclusão da ilicitude em qualquer hipótese.,C,Gabarito C. Concurso de crimes em Direito Penal: conforme banca FGV para PP-SP. Doutrina majoritária e jurisprudência atual.
107,FCC,PM-SP,Direito Penal,Arrependimento posterior,"Em relação a Arrependimento posterior para PM-SP, assinale a alternativa correta:",Arrependimento posterior exclui a culpabilidade quando há coação moral irresistível.,Arrependimento posterior permite redução de 1/3 a 2/3 se preenchidos requisitos legais.,Arrependimento posterior prescinde de dolo para configuração.,Arrependimento posterior é causa de exclusão da ilicitude em qualquer hipótese.,Arrependimento posterior aplica-se apenas a crimes hediondos.,B,Gabarito B. Arrependimento posterior em Direito Penal: conforme banca FCC para PM-SP. Padrão cobrado em provas de áreas policiais SP.
108,VUNESP,PM-SP,Direito Penal,Teoria do crime,"No crime de Teoria do crime, para fins de concurso policial, é correto afirmar:",Teoria do crime aplica-se apenas a crimes hediondos.,Teoria do crime prescinde de dolo para configuração.,Teoria do crime é causa de exclusão da ilicitude em qualquer hipótese.,Teoria do crime permite redução de 1/3 a 2/3 se preenchidos requisitos legais.,Teoria do crime exclui a culpabilidade quando há coação moral irresistível.,C,Gabarito C. Teoria do crime em Direito Penal: conforme banca VUNESP para PM-SP. Conforme manual e legislação específica.
109,FCC,PP-SP,Direito Penal,Crimes contra o patrimônio,"No crime de Crimes contra o patrimônio, para fins de concurso policial, é correto afirmar:",Crimes contra o patrimônio prescinde de dolo para configuração.,Crimes contra o patrimônio é causa de exclusão da ilicitude em qualquer hipótese.,Crimes contra o patrimônio permite redução de 1/3 a 2/3 se preenchidos requisitos legais.,Crimes contra o patrimônio exclui a culpabilidade quando há coação moral irresistível.,Crimes contra o patrimônio aplica-se apenas a crimes hediondos.,B,Gabarito B. Crimes contra o patrimônio em Direito Penal: conforme banca FCC para PP-SP. Doutrina majoritária e jurisprudência atual.
110,FGV,PC-SP,Direito Penal,Legítima defesa,"No crime de Legítima defesa, para fins de concurso policial, é correto afirmar:",Legítima defesa aplica-se apenas a crimes hediondos.,Legítima defesa prescinde de dolo para configuração.,Legítima defesa exclui a culpabilidade quando há coação moral irresistível.,Legítima defesa é causa de exclusão da ilicitude em qualquer hipótese.,Legítima defesa permite redução de 1/3 a 2/3 se preenchidos requisitos legais.,A,Gabarito A. Legítima defesa em Direito Penal: conforme banca FGV para PC-SP. Entendimento pacificado nos tribunais superiores.
111,FGV,PM-SP,Direito Penal,Teoria do crime,"Em relação a Teoria do crime para PM-SP, assinale a alternativa correta:",Teoria do crime permite redução de 1/3 a 2/3 se preenchidos requisitos legais.,Teoria do crime prescinde de dolo para configuração.,Teoria do crime é causa de exclusão da ilicitude em qualquer hipótese.,Teoria do crime exclui a culpabilidade quando há coação moral irresistível.,Teoria do crime aplica-se apenas a crimes hediondos.,A,Gabarito A. Teoria do crime em Direito Penal: conforme banca FGV para PM-SP. Doutrina majoritária e jurisprudência atual.
112,FGV,PC-SP,Direito Penal,Teoria do crime,"Em relação a Teoria do crime para PC-SP, assinale a alternativa correta:",Teoria do crime aplica-se apenas a crimes hediondos.,Teoria do crime prescinde de dolo para configuração.,Teoria do crime é causa de exclusão da ilicitude em qualquer hipótese.,Teoria do crime permite redução de 1/3 a 2/3 se preenchidos requisitos legais.,Teoria do crime exclui a culpabilidade quando há coação moral irresistível.,C,Gabarito C. Teoria do crime em Direito Penal: conforme banca FGV para PC-SP. Entendimento pacificado nos tribunais superiores.
113,FCC,PC-SP,Direito Penal,Crimes contra a pessoa,"Sobre Crimes contra a pessoa, segundo o Código Penal e doutrina majoritária, assinale:",Crimes contra a pessoa prescinde de dolo para configuração.,Crimes contra a pessoa aplica-se apenas a crimes hediondos.,Crimes contra a pessoa exclui a culpabilidade quando há coação moral irresistível.,Crimes contra a pessoa é causa de exclusão da ilicitude em qualquer hipótese.,Crimes contra a pessoa permite redução de 1/3 a 2/3 se preenchidos requisitos legais.,B,Gabarito B. Crimes contra a pessoa em Direito Penal: conforme banca FCC para PC-SP. Padrão cobrado em provas de áreas policiais SP.
114,FGV,PC-SP,Direito Penal,Teoria do crime,"Sobre Teoria do crime, segundo o Código Penal e doutrina majoritária, assinale:",Teoria do crime prescinde de dolo para configuração.,Teoria do crime aplica-se apenas a crimes hediondos.,Teoria do crime exclui a culpabilidade quando há coação moral irresistível.,Teoria do crime é causa de exclusão da ilicitude em qualquer hipótese.,Teoria do crime permite redução de 1/3 a 2/3 se preenchidos requisitos legais.,C,Gabarito C. Teoria do crime em Direito Penal: conforme banca FGV para PC-SP. Doutrina majoritária e jurisprudência atual.
115,VUNESP,PM-SP,Direito Penal,Legítima defesa,"No crime de Legítima defesa, para fins de concurso policial, é correto afirmar:",Legítima defesa é causa de exclusão da ilicitude em qualquer hipótese.,Legítima defesa aplica-se apenas a crimes hediondos.,Legítima defesa permite redução de 1/3 a 2/3 se preenchidos requisitos legais.,Legítima defesa exclui a culpabilidade quando há coação moral irresistível.,Legítima defesa prescinde de dolo para configuração.,A,Gabarito A. Legítima defesa em Direito Penal: conforme banca VUNESP para PM-SP. Doutrina majoritária e jurisprudência atual.
116,FCC,PP-SP,Direito Penal,Legítima defesa,"Sobre Legítima defesa, segundo o Código Penal e doutrina majoritária, assinale:",Legítima defesa aplica-se apenas a crimes hediondos.,Legítima defesa é causa de exclusão da ilicitude em qualquer hipótese.,Legítima defesa permite redução de 1/3 a 2/3 se preenchidos requisitos legais.,Legítima defesa prescinde de dolo para configuração.,Legítima defesa exclui a culpabilidade quando há coação moral irresistível.,C,Gabarito C. Legítima defesa em Direito Penal: conforme banca FCC para PP-SP. Doutrina majoritária e jurisprudência atual.
117,FCC,PM-SP,Direito Penal,Concurso de crimes,"Sobre Concurso de crimes (Art. 25, CP), conforme jurisprudência do STJ, é correto:",Concurso de crimes aplica-se apenas a crimes hediondos.,Concurso de crimes prescinde de dolo para configuração.,Concurso de crimes exclui a culpabilidade quando há coação moral irresistível.,Concurso de crimes permite redução de 1/3 a 2/3 se preenchidos requisitos legais.,Concurso de crimes é causa de exclusão da ilicitude em qualquer hipótese.,B,Gabarito B. Concurso de crimes em Direito Penal: conforme banca FCC para PM-SP. Entendimento pacificado nos tribunais superiores.
118,FCC,PP-SP,Direito Penal,Concurso de crimes,"Sobre Concurso de crimes, segundo o Código Penal e doutrina majoritária, assinale:",Concurso de crimes permite redução de 1/3 a 2/3 se preenchidos requisitos legais.,Concurso de crimes é causa de exclusão da ilicitude em qualquer hipótese.,Concurso de crimes exclui a culpabilidade quando há coação moral irresistível.,Concurso de crimes aplica-se apenas a crimes hediondos.,Concurso de crimes prescinde de dolo para configuração.,A,Gabarito A. Concurso de crimes em Direito Penal: conforme banca FCC para PP-SP. Padrão cobrado em provas de áreas policiais SP.
119,FGV,PC-SP,Direito Penal,Concurso de crimes,"No crime de Concurso de crimes, para fins de concurso policial, é correto afirmar:",Concurso de crimes é causa de exclusão da ilicitude em qualquer hipótese.,Concurso de crimes exclui a culpabilidade quando há coação moral irresistível.,Concurso de crimes permite redução de 1/3 a 2/3 se preenchidos requisitos legais.,Concurso de crimes prescinde de dolo para configuração.,Concurso de crimes aplica-se apenas a crimes hediondos.,B,Gabarito B. Concurso de crimes em Direito Penal: conforme banca FGV para PC-SP. Conforme manual e legislação específica.
120,FCC,PM-SP,Direito Penal,Crimes contra o patrimônio,"Sobre Crimes contra o patrimônio, segundo o Código Penal e doutrina majoritária, assinale:",Crimes contra o patrimônio permite redução de 1/3 a 2/3 se preenchidos requisitos legais.,Crimes contra o patrimônio é causa de exclusão da ilicitude em qualquer hipótese.,Crimes contra o patrimônio prescinde de dolo para configuração.,Crimes contra o patrimônio exclui a culpabilidade quando há coação moral irresistível.,Crimes contra o patrimônio aplica-se apenas a crimes hediondos.,B,Gabarito B. Crimes contra o patrimônio em Direito Penal: conforme banca FCC para PM-SP. Conforme manual e legislação específica.
121,FCC,PP-SP,Direito Penal,Teoria do crime,"Sobre Teoria do crime, segundo o Código Penal e doutrina majoritária, assinale:",Teoria do crime aplica-se apenas a crimes hediondos.,Teoria do crime permite redução de 1/3 a 2/3 se preenchidos requisitos legais.,Teoria do crime é causa de exclusão da ilicitude em qualquer hipótese.,Teoria do crime exclui a culpabilidade quando há coação moral irresistível.,Teoria do crime prescinde de dolo para configuração.,B,Gabarito B. Teoria do crime em Direito Penal: conforme banca FCC para PP-SP. Conforme manual e legislação específica.
122,FCC,PM-SP,Direito Penal,Crimes contra o patrimônio,"Sobre Crimes contra o patrimônio (Art. 157, CP), conforme jurisprudência do STJ, é correto:",Crimes contra o patrimônio aplica-se apenas a crimes hediondos.,Crimes contra o patrimônio exclui a culpabilidade quando há coação moral irresistível.,Crimes contra o patrimônio permite redução de 1/3 a 2/3 se preenchidos requisitos legais.,Crimes contra o patrimônio é causa de exclusão da ilicitude em qualquer hipótese.,Crimes contra o patrimônio prescinde de dolo para configuração.,A,Gabarito A. Crimes contra o patrimônio em Direito Penal: conforme banca FCC para PM-SP. Padrão cobrado em provas de áreas policiais SP.
123,FCC,PM-SP,Direito Penal,Crimes contra a pessoa,"Em relação a Crimes contra a pessoa para PM-SP, assinale a alternativa correta:",Crimes contra a pessoa aplica-se apenas a crimes hediondos.,Crimes contra a pessoa permite redução de 1/3 a 2/3 se preenchidos requisitos legais.,Crimes contra a pessoa exclui a culpabilidade quando há coação moral irresistível.,Crimes contra a pessoa prescinde de dolo para configuração.,Crimes contra a pessoa é causa de exclusão da ilicitude em qualquer hipótese.,A,Gabarito A. Crimes contra a pessoa em Direito Penal: conforme banca FCC para PM-SP. Padrão cobrado em provas de áreas policiais SP.
124,FCC,PP-SP,Direito Penal,Concurso de crimes,"Sobre Concurso de crimes (Art. 157, CP), conforme jurisprudência do STJ, é correto:",Concurso de crimes prescinde de dolo para configuração.,Concurso de crimes é causa de exclusão da ilicitude em qualquer hipótese.,Concurso de crimes aplica-se apenas a crimes hediondos.,Concurso de crimes permite redução de 1/3 a 2/3 se preenchidos requisitos legais.,Concurso de crimes exclui a culpabilidade quando há coação moral irresistível.,B,Gabarito B. Concurso de crimes em Direito Penal: conforme banca FCC para PP-SP. Entendimento pacificado nos tribunais superiores.
125,VUNESP,PC-SP,Direito Penal,Teoria do crime,"No crime de Teoria do crime, para fins de concurso policial, é correto afirmar:",Teoria do crime prescinde de dolo para configuração.,Teoria do crime é causa de exclusão da ilicitude em qualquer hipótese.,Teoria do crime aplica-se apenas a crimes hediondos.,Teoria do crime exclui a culpabilidade quando há coação moral irresistível.,Teoria do crime permite redução de 1/3 a 2/3 se preenchidos requisitos legais.,C,Gabarito C. Teoria do crime em Direito Penal: conforme banca VUNESP para PC-SP. Conforme manual e legislação específica.
126,FGV,PC-SP,Direito Penal,Concurso de crimes,"Sobre Concurso de crimes, segundo o Código Penal e doutrina majoritária, assinale:",Concurso de crimes permite redução de 1/3 a 2/3 se preenchidos requisitos legais.,Concurso de crimes prescinde de dolo para configuração.,Concurso de crimes aplica-se apenas a crimes hediondos.,Concurso de crimes exclui a culpabilidade quando há coação moral irresistível.,Concurso de crimes é causa de exclusão da ilicitude em qualquer hipótese.,C,Gabarito C. Concurso de crimes em Direito Penal: conforme banca FGV para PC-SP. Doutrina majoritária e jurisprudência atual.
127,VUNESP,PM-SP,Direito Penal,Legítima defesa,"No crime de Legítima defesa, para fins de concurso policial, é correto afirmar:",Legítima defesa exclui a culpabilidade quando há coação moral irresistível.,Legítima defesa é causa de exclusão da ilicitude em qualquer hipótese.,Legítima defesa permite redução de 1/3 a 2/3 se preenchidos requisitos legais.,Legítima defesa prescinde de dolo para configuração.,Legítima defesa aplica-se apenas a crimes hediondos.,C,Gabarito C. Legítima defesa em Direito Penal: conforme banca VUNESP para PM-SP. Doutrina majoritária e jurisprudência atual.
128,FGV,PC-SP,Direito Penal,Crimes contra o patrimônio,"Sobre Crimes contra o patrimônio, segundo o Código Penal e doutrina majoritária, assinale:",Crimes contra o patrimônio permite redução de 1/3 a 2/3 se preenchidos requisitos legais.,Crimes contra o patrimônio aplica-se apenas a crimes hediondos.,Crimes contra o patrimônio exclui a culpabilidade quando há coação moral irresistível.,Crimes contra o patrimônio é causa de exclusão da ilicitude em qualquer hipótese.,Crimes contra o patrimônio prescinde de dolo para configuração.,C,Gabarito C. Crimes contra o patrimônio em Direito Penal: conforme banca FGV para PC-SP. Doutrina majoritária e jurisprudência atual.
129,VUNESP,PM-SP,Direito Penal,Teoria do crime,"Em relação a Teoria do crime para PM-SP, assinale a alternativa correta:",Teoria do crime aplica-se apenas a crimes hediondos.,Teoria do crime exclui a culpabilidade quando há coação moral irresistível.,Teoria do crime permite redução de 1/3 a 2/3 se preenchidos requisitos legais.,Teoria do crime prescinde de dolo para configuração.,Teoria do crime é causa de exclusão da ilicitude em qualquer hipótese.,B,Gabarito B. Teoria do crime em Direito Penal: conforme banca VUNESP para PM-SP. Conforme manual e legislação específica.
130,FGV,PC-SP,Direito Penal,Legítima defesa,"Em relação a Legítima defesa para PC-SP, assinale a alternativa correta:",Legítima defesa exclui a culpabilidade quando há coação moral irresistível.,Legítima defesa aplica-se apenas a crimes hediondos.,Legítima defesa é causa de exclusão da ilicitude em qualquer hipótese.,Legítima defesa permite redução de 1/3 a 2/3 se preenchidos requisitos legais.,Legítima defesa prescinde de dolo para configuração.,B,Gabarito B. Legítima defesa em Direito Penal: conforme banca FGV para PC-SP. Conforme manual e legislação específica.
131,VUNESP,PM-SP,Direito Penal,Legítima defesa,"Sobre Legítima defesa (Art. 312, CP), conforme jurisprudência do STJ, é correto:",Legítima defesa prescinde de dolo para configuração.,Legítima defesa permite redução de 1/3 a 2/3 se preenchidos requisitos legais.,Legítima defesa aplica-se apenas a crimes hediondos.,Legítima defesa é causa de exclusão da ilicitude em qualquer hipótese.,Legítima defesa exclui a culpabilidade quando há coação moral irresistível.,A,Gabarito A. Legítima defesa em Direito Penal: conforme banca VUNESP para PM-SP. Conforme manual e legislação específica.
132,FCC,PM-SP,Direito Penal,Legítima defesa,"Sobre Legítima defesa, segundo o Código Penal e doutrina majoritária, assinale:",Legítima defesa é causa de exclusão da ilicitude em qualquer hipótese.,Legítima defesa prescinde de dolo para configuração.,Legítima defesa permite redução de 1/3 a 2/3 se preenchidos requisitos legais.,Legítima defesa exclui a culpabilidade quando há coação moral irresistível.,Legítima defesa aplica-se apenas a crimes hediondos.,A,Gabarito A. Legítima defesa em Direito Penal: conforme banca FCC para PM-SP. Conforme manual e legislação específica.
133,FGV,PC-SP,Direito Penal,Legítima defesa,"No crime de Legítima defesa, para fins de concurso policial, é correto afirmar:",Legítima defesa exclui a culpabilidade quando há coação moral irresistível.,Legítima defesa prescinde de dolo para configuração.,Legítima defesa é causa de exclusão da ilicitude em qualquer hipótese.,Legítima defesa aplica-se apenas a crimes hediondos.,Legítima defesa permite redução de 1/3 a 2/3 se preenchidos requisitos legais.,A,Gabarito A. Legítima defesa em Direito Penal: conforme banca FGV para PC-SP. Doutrina majoritária e jurisprudência atual.
134,FGV,PP-SP,Direito Penal,Concurso de crimes,"Sobre Concurso de crimes, segundo o Código Penal e doutrina majoritária, assinale:",Concurso de crimes aplica-se apenas a crimes hediondos.,Concurso de crimes prescinde de dolo para configuração.,Concurso de crimes exclui a culpabilidade quando há coação moral irresistível.,Concurso de crimes permite redução de 1/3 a 2/3 se preenchidos requisitos legais.,Concurso de crimes é causa de exclusão da ilicitude em qualquer hipótese.,A,Gabarito A. Concurso de crimes em Direito Penal: conforme banca FGV para PP-SP. Padrão cobrado em provas de áreas policiais SP.
135,FGV,PP-SP,Direito Penal,Crimes contra o patrimônio,"Em relação a Crimes contra o patrimônio para PP-SP, assinale a alternativa correta:",Crimes contra o patrimônio é causa de exclusão da ilicitude em qualquer hipótese.,Crimes contra o patrimônio prescinde de dolo para configuração.,Crimes contra o patrimônio aplica-se apenas a crimes hediondos.,Crimes contra o patrimônio permite redução de 1/3 a 2/3 se preenchidos requisitos legais.,Crimes contra o patrimônio exclui a culpabilidade quando há coação moral irresistível.,C,Gabarito C. Crimes contra o patrimônio em Direito Penal: conforme banca FGV para PP-SP. Padrão cobrado em provas de áreas policiais SP.
136,VUNESP,PC-SP,Direito Penal,Legítima defesa,"No crime de Legítima defesa, para fins de concurso policial, é correto afirmar:",Legítima defesa exclui a culpabilidade quando há coação moral irresistível.,Legítima defesa permite redução de 1/3 a 2/3 se preenchidos requisitos legais.,Legítima defesa é causa de exclusão da ilicitude em qualquer hipótese.,Legítima defesa aplica-se apenas a crimes hediondos.,Legítima defesa prescinde de dolo para configuração.,B,Gabarito B. Legítima defesa em Direito Penal: conforme banca VUNESP para PC-SP. Padrão cobrado em provas de áreas policiais SP.
137,VUNESP,PM-SP,Direito Penal,Concurso de crimes,"No crime de Concurso de crimes, para fins de concurso policial, é correto afirmar:",Concurso de crimes prescinde de dolo para configuração.,Concurso de crimes aplica-se apenas a crimes hediondos.,Concurso de crimes permite redução de 1/3 a 2/3 se preenchidos requisitos legais.,Concurso de crimes exclui a culpabilidade quando há coação moral irresistível.,Concurso de crimes é causa de exclusão da ilicitude em qualquer hipótese.,B,Gabarito B. Concurso de crimes em Direito Penal: conforme banca VUNESP para PM-SP. Conforme manual e legislação específica.
138,VUNESP,PC-SP,Direito Penal,Concurso de crimes,"Sobre Concurso de crimes, segundo o Código Penal e doutrina majoritária, assinale:",Concurso de crimes aplica-se apenas a crimes hediondos.,Concurso de crimes permite redução de 1/3 a 2/3 se preenchidos requisitos legais.,Concurso de crimes é causa de exclusão da ilicitude em qualquer hipótese.,Concurso de crimes prescinde de dolo para configuração.,Concurso de crimes exclui a culpabilidade quando há coação moral irresistível.,C,Gabarito C. Concurso de crimes em Direito Penal: conforme banca VUNESP para PC-SP. Doutrina majoritária e jurisprudência atual.
139,FCC,PP-SP,Direito Penal,Concurso de crimes,"Em relação a Concurso de crimes para PP-SP, assinale a alternativa correta:",Concurso de crimes permite redução de 1/3 a 2/3 se preenchidos requisitos legais.,Concurso de crimes exclui a culpabilidade quando há coação moral irresistível.,Concurso de crimes é causa de exclusão da ilicitude em qualquer hipótese.,Concurso de crimes aplica-se apenas a crimes hediondos.,Concurso de crimes prescinde de dolo para configuração.,B,Gabarito B. Concurso de crimes em Direito Penal: conforme banca FCC para PP-SP. Conforme manual e legislação específica.
140,FGV,PP-SP,Direito Penal,Teoria do crime,"Sobre Teoria do crime (Art. 121, CP), conforme jurisprudência do STJ, é correto:",Teoria do crime prescinde de dolo para configuração.,Teoria do crime aplica-se apenas a crimes hediondos.,Teoria do crime é causa de exclusão da ilicitude em qualquer hipótese.,Teoria do crime permite redução de 1/3 a 2/3 se preenchidos requisitos legais.,Teoria do crime exclui a culpabilidade quando há coação moral irresistível.,C,Gabarito C. Teoria do crime em Direito Penal: conforme banca FGV para PP-SP. Padrão cobrado em provas de áreas policiais SP.
141,FGV,PM-SP,Direito Penal,Crimes contra o patrimônio,"No crime de Crimes contra o patrimônio, para fins de concurso policial, é correto afirmar:",Crimes contra o patrimônio aplica-se apenas a crimes hediondos.,Crimes contra o patrimônio permite redução de 1/3 a 2/3 se preenchidos requisitos legais.,Crimes contra o patrimônio prescinde de dolo para configuração.,Crimes contra o patrimônio exclui a culpabilidade quando há coação moral irresistível.,Crimes contra o patrimônio é causa de exclusão da ilicitude em qualquer hipótese.,B,Gabarito B. Crimes contra o patrimônio em Direito Penal: conforme banca FGV para PM-SP. Entendimento pacificado nos tribunais superiores.
142,FCC,PP-SP,Direito Penal,Teoria do crime,"No crime de Teoria do crime, para fins de concurso policial, é correto afirmar:",Teoria do crime prescinde de dolo para configuração.,Teoria do crime exclui a culpabilidade quando há coação moral irresistível.,Teoria do crime aplica-se apenas a crimes hediondos.,Teoria do crime permite redução de 1/3 a 2/3 se preenchidos requisitos legais.,Teoria do crime é causa de exclusão da ilicitude em qualquer hipótese.,A,Gabarito A. Teoria do crime em Direito Penal: conforme banca FCC para PP-SP. Padrão cobrado em provas de áreas policiais SP.
143,FGV,PP-SP,Direito Penal,Crimes contra o patrimônio,"No crime de Crimes contra o patrimônio, para fins de concurso policial, é correto afirmar:",Crimes contra o patrimônio aplica-se apenas a crimes hediondos.,Crimes contra o patrimônio é causa de exclusão da ilicitude em qualquer hipótese.,Crimes contra o patrimônio permite redução de 1/3 a 2/3 se preenchidos requisitos legais.,Crimes contra o patrimônio exclui a culpabilidade quando há coação moral irresistível.,Crimes contra o patrimônio prescinde de dolo para configuração.,B,Gabarito B. Crimes contra o patrimônio em Direito Penal: conforme banca FGV para PP-SP. Padrão cobrado em provas de áreas policiais SP.
144,FCC,PP-SP,Direito Penal,Legítima defesa,"Sobre Legítima defesa (Art. 213, CP), conforme jurisprudência do STJ, é correto:",Legítima defesa aplica-se apenas a crimes hediondos.,Legítima defesa permite redução de 1/3 a 2/3 se preenchidos requisitos legais.,Legítima defesa exclui a culpabilidade quando há coação moral irresistível.,Legítima defesa é causa de exclusão da ilicitude em qualquer hipótese.,Legítima defesa prescinde de dolo para configuração.,B,Gabarito B. Legítima defesa em Direito Penal: conforme banca FCC para PP-SP. Padrão cobrado em provas de áreas policiais SP.
145,FGV,PM-SP,Direito Penal,Crimes contra a pessoa,"Em relação a Crimes contra a pessoa para PM-SP, assinale a alternativa correta:",Crimes contra a pessoa é causa de exclusão da ilicitude em qualquer hipótese.,Crimes contra a pessoa aplica-se apenas a crimes hediondos.,Crimes contra a pessoa exclui a culpabilidade quando há coação moral irresistível.,Crimes contra a pessoa prescinde de dolo para configuração.,Crimes contra a pessoa permite redução de 1/3 a 2/3 se preenchidos requisitos legais.,B,Gabarito B. Crimes contra a pessoa em Direito Penal: conforme banca FGV para PM-SP. Doutrina majoritária e jurisprudência atual.
146,FGV,PP-SP,Direito Penal,Legítima defesa,"Em relação a Legítima defesa para PP-SP, assinale a alternativa correta:",Legítima defesa aplica-se apenas a crimes hediondos.,Legítima defesa é causa de exclusão da ilicitude em qualquer hipótese.,Legítima defesa exclui a culpabilidade quando há coação moral irresistível.,Legítima defesa prescinde de dolo para configuração.,Legítima defesa permite redução de 1/3 a 2/3 se preenchidos requisitos legais.,C,Gabarito C. Legítima defesa em Direito Penal: conforme banca FGV para PP-SP. Doutrina majoritária e jurisprudência atual.
147,FGV,PP-SP,Direito Penal,Concurso de crimes,"Em relação a Concurso de crimes para PP-SP, assinale a alternativa correta:",Concurso de crimes exclui a culpabilidade quando há coação moral irresistível.,Concurso de crimes permite redução de 1/3 a 2/3 se preenchidos requisitos legais.,Concurso de crimes aplica-se apenas a crimes hediondos.,Concurso de crimes é causa de exclusão da ilicitude em qualquer hipótese.,Concurso de crimes prescinde de dolo para configuração.,C,Gabarito C. Concurso de crimes em Direito Penal: conforme banca FGV para PP-SP. Padrão cobrado em provas de áreas policiais SP.
148,FGV,PC-SP,Direito Penal,Crimes contra o patrimônio,"Sobre Crimes contra o patrimônio, segundo o Código Penal e doutrina majoritária, assinale:",Crimes contra o patrimônio exclui a culpabilidade quando há coação moral irresistível.,Crimes contra o patrimônio prescinde de dolo para configuração.,Crimes contra o patrimônio permite redução de 1/3 a 2/3 se preenchidos requisitos legais.,Crimes contra o patrimônio é causa de exclusão da ilicitude em qualquer hipótese.,Crimes contra o patrimônio aplica-se apenas a crimes hediondos.,C,Gabarito C. Crimes contra o patrimônio em Direito Penal: conforme banca FGV para PC-SP. Padrão cobrado em provas de áreas policiais SP.
149,VUNESP,PM-SP,Direito Penal,Arrependimento posterior,"Sobre Arrependimento posterior (Art. 312, CP), conforme jurisprudência do STJ, é correto:",Arrependimento posterior permite redução de 1/3 a 2/3 se preenchidos requisitos legais.,Arrependimento posterior aplica-se apenas a crimes hediondos.,Arrependimento posterior prescinde de dolo para configuração.,Arrependimento posterior exclui a culpabilidade quando há coação moral irresistível.,Arrependimento posterior é causa de exclusão da ilicitude em qualquer hipótese.,B,Gabarito B. Arrependimento posterior em Direito Penal: conforme banca VUNESP para PM-SP. Doutrina majoritária e jurisprudência atual.
150,FGV,PM-SP,Direito Penal,Crimes contra a pessoa,"Em relação a Crimes contra a pessoa para PM-SP, assinale a alternativa correta:",Crimes contra a pessoa prescinde de dolo para configuração.,Crimes contra a pessoa é causa de exclusão da ilicitude em qualquer hipótese.,Crimes contra a pessoa aplica-se apenas a crimes hediondos.,Crimes contra a pessoa permite redução de 1/3 a 2/3 se preenchidos requisitos legais.,Crimes contra a pessoa exclui a culpabilidade quando há coação moral irresistível.,B,Gabarito B. Crimes contra a pessoa em Direito Penal: conforme banca FGV para PM-SP. Conforme manual e legislação específica.
151,FGV,PP-SP,Direito Penal,Teoria do crime,"Sobre Teoria do crime, segundo o Código Penal e doutrina majoritária, assinale:",Teoria do crime é causa de exclusão da ilicitude em qualquer hipótese.,Teoria do crime prescinde de dolo para configuração.,Teoria do crime permite redução de 1/3 a 2/3 se preenchidos requisitos legais.,Teoria do crime exclui a culpabilidade quando há coação moral irresistível.,Teoria do crime aplica-se apenas a crimes hediondos.,B,Gabarito B. Teoria do crime em Direito Penal: conforme banca FGV para PP-SP. Entendimento pacificado nos tribunais superiores.
152,FCC,PP-SP,Direito Penal,Teoria do crime,"Sobre Teoria do crime, segundo o Código Penal e doutrina majoritária, assinale:",Teoria do crime aplica-se apenas a crimes hediondos.,Teoria do crime é causa de exclusão da ilicitude em qualquer hipótese.,Teoria do crime prescinde de dolo para configuração.,Teoria do crime exclui a culpabilidade quando há coação moral irresistível.,Teoria do crime permite redução de 1/3 a 2/3 se preenchidos requisitos legais.,C,Gabarito C. Teoria do crime em Direito Penal: conforme banca FCC para PP-SP. Conforme manual e legislação específica.
153,FCC,PC-SP,Direito Penal,Concurso de crimes,"Sobre Concurso de crimes (Art. 16, CP), conforme jurisprudência do STJ, é correto:",Concurso de crimes prescinde de dolo para configuração.,Concurso de crimes aplica-se apenas a crimes hediondos.,Concurso de crimes exclui a culpabilidade quando há coação moral irresistível.,Concurso de crimes permite redução de 1/3 a 2/3 se preenchidos requisitos legais.,Concurso de crimes é causa de exclusão da ilicitude em qualquer hipótese.,B,Gabarito B. Concurso de crimes em Direito Penal: conforme banca FCC para PC-SP. Entendimento pacificado nos tribunais superiores.
154,FGV,PC-SP,Direito Penal,Crimes contra a pessoa,"Sobre Crimes contra a pessoa (Art. 155, CP), conforme jurisprudência do STJ, é correto:",Crimes contra a pessoa permite redução de 1/3 a 2/3 se preenchidos requisitos legais.,Crimes contra a pessoa é causa de exclusão da ilicitude em qualquer hipótese.,Crimes contra a pessoa exclui a culpabilidade quando há coação moral irresistível.,Crimes contra a pessoa prescinde de dolo para configuração.,Crimes contra a pessoa aplica-se apenas a crimes hediondos.,C,Gabarito C. Crimes contra a pessoa em Direito Penal: conforme banca FGV para PC-SP. Doutrina majoritária e jurisprudência atual.
155,FCC,PP-SP,Direito Penal,Legítima defesa,"Em relação a Legítima defesa para PP-SP, assinale a alternativa correta:",Legítima defesa prescinde de dolo para configuração.,Legítima defesa permite redução de 1/3 a 2/3 se preenchidos requisitos legais.,Legítima defesa exclui a culpabilidade quando há coação moral irresistível.,Legítima defesa aplica-se apenas a crimes hediondos.,Legítima defesa é causa de exclusão da ilicitude em qualquer hipótese.,C,Gabarito C. Legítima defesa em Direito Penal: conforme banca FCC para PP-SP. Conforme manual e legislação específica.
156,FCC,PP-SP,Direito Penal,Crimes contra a pessoa,"Sobre Crimes contra a pessoa (Art. 180, CP), conforme jurisprudência do STJ, é correto:",Crimes contra a pessoa aplica-se apenas a crimes hediondos.,Crimes contra a pessoa é causa de exclusão da ilicitude em qualquer hipótese.,Crimes contra a pessoa permite redução de 1/3 a 2/3 se preenchidos requisitos legais.,Crimes contra a pessoa prescinde de dolo para configuração.,Crimes contra a pessoa exclui a culpabilidade quando há coação moral irresistível.,B,Gabarito B. Crimes contra a pessoa em Direito Penal: conforme banca FCC para PP-SP. Conforme manual e legislação específica.
157,FGV,PP-SP,Direito Penal,Crimes contra o patrimônio,"Sobre Crimes contra o patrimônio (Art. 180, CP), conforme jurisprudência do STJ, é correto:",Crimes contra o patrimônio permite redução de 1/3 a 2/3 se preenchidos requisitos legais.,Crimes contra o patrimônio aplica-se apenas a crimes hediondos.,Crimes contra o patrimônio prescinde de dolo para configuração.,Crimes contra o patrimônio é causa de exclusão da ilicitude em qualquer hipótese.,Crimes contra o patrimônio exclui a culpabilidade quando há coação moral irresistível.,A,Gabarito A. Crimes contra o patrimônio em Direito Penal: conforme banca FGV para PP-SP. Entendimento pacificado nos tribunais superiores.
158,VUNESP,PM-SP,Direito Penal,Crimes contra a pessoa,"Sobre Crimes contra a pessoa, segundo o Código Penal e doutrina majoritária, assinale:",Crimes contra a pessoa permite redução de 1/3 a 2/3 se preenchidos requisitos legais.,Crimes contra a pessoa exclui a culpabilidade quando há coação moral irresistível.,Crimes contra a pessoa é causa de exclusão da ilicitude em qualquer hipótese.,Crimes contra a pessoa prescinde de dolo para configuração.,Crimes contra a pessoa aplica-se apenas a crimes hediondos.,C,Gabarito C. Crimes contra a pessoa em Direito Penal: conforme banca VUNESP para PM-SP. Doutrina majoritária e jurisprudência atual.
159,FGV,PC-SP,Direito Penal,Legítima defesa,"Sobre Legítima defesa, segundo o Código Penal e doutrina majoritária, assinale:",Legítima defesa é causa de exclusão da ilicitude em qualquer hipótese.,Legítima defesa aplica-se apenas a crimes hediondos.,Legítima defesa prescinde de dolo para configuração.,Legítima defesa permite redução de 1/3 a 2/3 se preenchidos requisitos legais.,Legítima defesa exclui a culpabilidade quando há coação moral irresistível.,B,Gabarito B. Legítima defesa em Direito Penal: conforme banca FGV para PC-SP. Conforme manual e legislação específica.
160,FGV,PM-SP,Direito Penal,Arrependimento posterior,"Sobre Arrependimento posterior (Art. 155, CP), conforme jurisprudência do STJ, é correto:",Arrependimento posterior aplica-se apenas a crimes hediondos.,Arrependimento posterior permite redução de 1/3 a 2/3 se preenchidos requisitos legais.,Arrependimento posterior exclui a culpabilidade quando há coação moral irresistível.,Arrependimento posterior prescinde de dolo para configuração.,Arrependimento posterior é causa de exclusão da ilicitude em qualquer hipótese.,B,Gabarito B. Arrependimento posterior em Direito Penal: conforme banca FGV para PM-SP. Doutrina majoritária e jurisprudência atual.
161,FGV,PM-SP,Direito Penal,Crimes contra o patrimônio,"No crime de Crimes contra o patrimônio, para fins de concurso policial, é correto afirmar:",Crimes contra o patrimônio exclui a culpabilidade quando há coação moral irresistível.,Crimes contra o patrimônio prescinde de dolo para configuração.,Crimes contra o patrimônio aplica-se apenas a crimes hediondos.,Crimes contra o patrimônio permite redução de 1/3 a 2/3 se preenchidos requisitos legais.,Crimes contra o patrimônio é causa de exclusão da ilicitude em qualquer hipótese.,B,Gabarito B. Crimes contra o patrimônio em Direito Penal: conforme banca FGV para PM-SP. Entendimento pacificado nos tribunais superiores.
162,FCC,PM-SP,Direito Penal,Teoria do crime,"Sobre Teoria do crime (Art. 213, CP), conforme jurisprudência do STJ, é correto:",Teoria do crime exclui a culpabilidade quando há coação moral irresistível.,Teoria do crime aplica-se apenas a crimes hediondos.,Teoria do crime é causa de exclusão da ilicitude em qualquer hipótese.,Teoria do crime permite redução de 1/3 a 2/3 se preenchidos requisitos legais.,Teoria do crime prescinde de dolo para configuração.,B,Gabarito B. Teoria do crime em Direito Penal: conforme banca FCC para PM-SP. Doutrina majoritária e jurisprudência atual.
163,FGV,PP-SP,Direito Penal,Teoria do crime,"Sobre Teoria do crime, segundo o Código Penal e doutrina majoritária, assinale:",Teoria do crime é causa de exclusão da ilicitude em qualquer hipótese.,Teoria do crime permite redução de 1/3 a 2/3 se preenchidos requisitos legais.,Teoria do crime exclui a culpabilidade quando há coação moral irresistível.,Teoria do crime prescinde de dolo para configuração.,Teoria do crime aplica-se apenas a crimes hediondos.,B,Gabarito B. Teoria do crime em Direito Penal: conforme banca FGV para PP-SP. Conforme manual e legislação específica.
164,FCC,PM-SP,Direito Penal,Teoria do crime,"No crime de Teoria do crime, para fins de concurso policial, é correto afirmar:",Teoria do crime aplica-se apenas a crimes hediondos.,Teoria do crime permite redução de 1/3 a 2/3 se preenchidos requisitos legais.,Teoria do crime é causa de exclusão da ilicitude em qualquer hipótese.,Teoria do crime prescinde de dolo para configuração.,Teoria do crime exclui a culpabilidade quando há coação moral irresistível.,B,Gabarito B. Teoria do crime em Direito Penal: conforme banca FCC para PM-SP. Padrão cobrado em provas de áreas policiais SP.
165,VUNESP,PP-SP,Direito Penal,Teoria do crime,"No crime de Teoria do crime, para fins de concurso policial, é correto afirmar:",Teoria do crime é causa de exclusão da ilicitude em qualquer hipótese.,Teoria do crime prescinde de dolo para configuração.,Teoria do crime aplica-se apenas a crimes hediondos.,Teoria do crime exclui a culpabilidade quando há coação moral irresistível.,Teoria do crime permite redução de 1/3 a 2/3 se preenchidos requisitos legais.,B,Gabarito B. Teoria do crime em Direito Penal: conforme banca VUNESP para PP-SP. Conforme manual e legislação específica.
166,VUNESP,PP-SP,Direito Penal,Arrependimento posterior,"Em relação a Arrependimento posterior para PP-SP, assinale a alternativa correta:",Arrependimento posterior aplica-se apenas a crimes hediondos.,Arrependimento posterior exclui a culpabilidade quando há coação moral irresistível.,Arrependimento posterior permite redução de 1/3 a 2/3 se preenchidos requisitos legais.,Arrependimento posterior prescinde de dolo para configuração.,Arrependimento posterior é causa de exclusão da ilicitude em qualquer hipótese.,A,Gabarito A. Arrependimento posterior em Direito Penal: conforme banca VUNESP para PP-SP. Padrão cobrado em provas de áreas policiais SP.
167,FGV,PM-SP,Direito Penal,Arrependimento posterior,"Sobre Arrependimento posterior, segundo o Código Penal e doutrina majoritária, assinale:",Arrependimento posterior prescinde de dolo para configuração.,Arrependimento posterior é causa de exclusão da ilicitude em qualquer hipótese.,Arrependimento posterior aplica-se apenas a crimes hediondos.,Arrependimento posterior exclui a culpabilidade quando há coação moral irresistível.,Arrependimento posterior permite redução de 1/3 a 2/3 se preenchidos requisitos legais.,C,Gabarito C. Arrependimento posterior em Direito Penal: conforme banca FGV para PM-SP. Conforme manual e legislação específica.
168,VUNESP,PM-SP,Direito Penal,Arrependimento posterior,"Sobre Arrependimento posterior, segundo o Código Penal e doutrina majoritária, assinale:",Arrependimento posterior exclui a culpabilidade quando há coação moral irresistível.,Arrependimento posterior prescinde de dolo para configuração.,Arrependimento posterior aplica-se apenas a crimes hediondos.,Arrependimento posterior é causa de exclusão da ilicitude em qualquer hipótese.,Arrependimento posterior permite redução de 1/3 a 2/3 se preenchidos requisitos legais.,C,Gabarito C. Arrependimento posterior em Direito Penal: conforme banca VUNESP para PM-SP. Doutrina majoritária e jurisprudência atual.
169,VUNESP,PM-SP,Direito Penal,Crimes contra a pessoa,"Em relação a Crimes contra a pessoa para PM-SP, assinale a alternativa correta:",Crimes contra a pessoa prescinde de dolo para configuração.,Crimes contra a pessoa permite redução de 1/3 a 2/3 se preenchidos requisitos legais.,Crimes contra a pessoa aplica-se apenas a crimes hediondos.,Crimes contra a pessoa é causa de exclusão da ilicitude em qualquer hipótese.,Crimes contra a pessoa exclui a culpabilidade quando há coação moral irresistível.,B,Gabarito B. Crimes contra a pessoa em Direito Penal: conforme banca VUNESP para PM-SP. Entendimento pacificado nos tribunais superiores.
170,VUNESP,PP-SP,Direito Penal,Crimes contra o patrimônio,"Em relação a Crimes contra o patrimônio para PP-SP, assinale a alternativa correta:",Crimes contra o patrimônio aplica-se apenas a crimes hediondos.,Crimes contra o patrimônio é causa de exclusão da ilicitude em qualquer hipótese.,Crimes contra o patrimônio exclui a culpabilidade quando há coação moral irresistível.,Crimes contra o patrimônio permite redução de 1/3 a 2/3 se preenchidos requisitos legais.,Crimes contra o patrimônio prescinde de dolo para configuração.,C,Gabarito C. Crimes contra o patrimônio em Direito Penal: conforme banca VUNESP para PP-SP. Padrão cobrado em provas de áreas policiais SP.
171,VUNESP,PM-SP,Direito Penal,Concurso de crimes,"Sobre Concurso de crimes, segundo o Código Penal e doutrina majoritária, assinale:",Concurso de crimes aplica-se apenas a crimes hediondos.,Concurso de crimes exclui a culpabilidade quando há coação moral irresistível.,Concurso de crimes é causa de exclusão da ilicitude em qualquer hipótese.,Concurso de crimes permite redução de 1/3 a 2/3 se preenchidos requisitos legais.,Concurso de crimes prescinde de dolo para configuração.,B,Gabarito B. Concurso de crimes em Direito Penal: conforme banca VUNESP para PM-SP. Entendimento pacificado nos tribunais superiores.
172,FCC,PP-SP,Direito Penal,Concurso de crimes,"No crime de Concurso de crimes, para fins de concurso policial, é correto afirmar:",Concurso de crimes é causa de exclusão da ilicitude em qualquer hipótese.,Concurso de crimes permite redução de 1/3 a 2/3 se preenchidos requisitos legais.,Concurso de crimes prescinde de dolo para configuração.,Concurso de crimes exclui a culpabilidade quando há coação moral irresistível.,Concurso de crimes aplica-se apenas a crimes hediondos.,B,Gabarito B. Concurso de crimes em Direito Penal: conforme banca FCC para PP-SP. Conforme manual e legislação específica.
173,FCC,PP-SP,Direito Penal,Concurso de crimes,"Sobre Concurso de crimes, segundo o Código Penal e doutrina majoritária, assinale:",Concurso de crimes é causa de exclusão da ilicitude em qualquer hipótese.,Concurso de crimes aplica-se apenas a crimes hediondos.,Concurso de crimes exclui a culpabilidade quando há coação moral irresistível.,Concurso de crimes permite redução de 1/3 a 2/3 se preenchidos requisitos legais.,Concurso de crimes prescinde de dolo para configuração.,A,Gabarito A. Concurso de crimes em Direito Penal: conforme banca FCC para PP-SP. Doutrina majoritária e jurisprudência atual.
174,FCC,PC-SP,Direito Penal,Teoria do crime,"Sobre Teoria do crime, segundo o Código Penal e doutrina majoritária, assinale:",Teoria do crime prescinde de dolo para configuração.,Teoria do crime exclui a culpabilidade quando há coação moral irresistível.,Teoria do crime aplica-se apenas a crimes hediondos.,Teoria do crime é causa de exclusão da ilicitude em qualquer hipótese.,Teoria do crime permite redução de 1/3 a 2/3 se preenchidos requisitos legais.,B,Gabarito B. Teoria do crime em Direito Penal: conforme banca FCC para PC-SP. Entendimento pacificado nos tribunais superiores.
175,FGV,PC-SP,Direito Penal,Teoria do crime,"Sobre Teoria do crime, segundo o Código Penal e doutrina majoritária, assinale:",Teoria do crime permite redução de 1/3 a 2/3 se preenchidos requisitos legais.,Teoria do crime aplica-se apenas a crimes hediondos.,Teoria do crime prescinde de dolo para configuração.,Teoria do crime exclui a culpabilidade quando há coação moral irresistível.,Teoria do crime é causa de exclusão da ilicitude em qualquer hipótese.,A,Gabarito A. Teoria do crime em Direito Penal: conforme banca FGV para PC-SP. Padrão cobrado em provas de áreas policiais SP.
176,FCC,PP-SP,Direito Penal,Crimes contra a pessoa,"Sobre Crimes contra a pessoa, segundo o Código Penal e doutrina majoritária, assinale:",Crimes contra a pessoa é causa de exclusão da ilicitude em qualquer hipótese.,Crimes contra a pessoa permite redução de 1/3 a 2/3 se preenchidos requisitos legais.,Crimes contra a pessoa aplica-se apenas a crimes hediondos.,Crimes contra a pessoa prescinde de dolo para configuração.,Crimes contra a pessoa exclui a culpabilidade quando há coação moral irresistível.,C,Gabarito C. Crimes contra a pessoa em Direito Penal: conforme banca FCC para PP-SP. Conforme manual e legislação específica.
177,VUNESP,PM-SP,Direito Constitucional,Art. 144 CF,"Em Art. 144 CF, conforme Constituição Federal, é correto afirmar que:",Art. 144 CF depende de lei complementar para eficácia.,"Art. 144 CF é cláusula pétrea conforme art. 60, §4º, CF.",Art. 144 CF é direito fundamental de segunda dimensão.,Art. 144 CF não admite intervenção estatal.,Art. 144 CF é de competência exclusiva da União legislar.,B,Gabarito B. Art. 144 CF em Direito Constitucional: conforme banca VUNESP para PM-SP. Conforme manual e legislação específica.
178,VUNESP,PC-SP,Direito Constitucional,Direitos fundamentais,"Quanto a Direitos fundamentais, no âmbito da segurança pública, assinale:",Direitos fundamentais é de competência exclusiva da União legislar.,Direitos fundamentais é direito fundamental de segunda dimensão.,"Direitos fundamentais é cláusula pétrea conforme art. 60, §4º, CF.",Direitos fundamentais depende de lei complementar para eficácia.,Direitos fundamentais não admite intervenção estatal.,B,Gabarito B. Direitos fundamentais em Direito Constitucional: conforme banca VUNESP para PC-SP. Padrão cobrado em provas de áreas policiais SP.
179,FGV,GCM-SP,Direito Constitucional,Organização do Estado,"Em Organização do Estado, conforme Constituição Federal, é correto afirmar que:",Organização do Estado é de competência exclusiva da União legislar.,Organização do Estado é direito fundamental de segunda dimensão.,Organização do Estado depende de lei complementar para eficácia.,"Organização do Estado é cláusula pétrea conforme art. 60, §4º, CF.",Organização do Estado não admite intervenção estatal.,B,Gabarito B. Organização do Estado em Direito Constitucional: conforme banca FGV para GCM-SP. Padrão cobrado em provas de áreas policiais SP.
180,VUNESP,PM-SP,Direito Constitucional,Remédios constitucionais,"Quanto a Remédios constitucionais, no âmbito da segurança pública, assinale:",Remédios constitucionais não admite intervenção estatal.,Remédios constitucionais é de competência exclusiva da União legislar.,Remédios constitucionais é direito fundamental de segunda dimensão.,Remédios constitucionais depende de lei complementar para eficácia.,"Remédios constitucionais é cláusula pétrea conforme art. 60, §4º, CF.",B,Gabarito B. Remédios constitucionais em Direito Constitucional: conforme banca VUNESP para PM-SP. Conforme manual e legislação específica.
181,FGV,PC-SP,Direito Constitucional,Art. 144 CF,"Sobre Art. 144 CF na CF/88, assinale a alternativa correta:","Art. 144 CF é cláusula pétrea conforme art. 60, §4º, CF.",Art. 144 CF não admite intervenção estatal.,Art. 144 CF é direito fundamental de segunda dimensão.,Art. 144 CF depende de lei complementar para eficácia.,Art. 144 CF é de competência exclusiva da União legislar.,C,Gabarito C. Art. 144 CF em Direito Constitucional: conforme banca FGV para PC-SP. Conforme manual e legislação específica.
182,FGV,PM-SP,Direito Constitucional,Remédios constitucionais,"Conforme art. 5º e Remédios constitucionais, para PM-SP, é correto:",Remédios constitucionais depende de lei complementar para eficácia.,"Remédios constitucionais é cláusula pétrea conforme art. 60, §4º, CF.",Remédios constitucionais é de competência exclusiva da União legislar.,Remédios constitucionais não admite intervenção estatal.,Remédios constitucionais é direito fundamental de segunda dimensão.,C,Gabarito C. Remédios constitucionais em Direito Constitucional: conforme banca FGV para PM-SP. Padrão cobrado em provas de áreas policiais SP.
183,FGV,PC-SP,Direito Constitucional,Art. 144 CF,"Conforme art. 5º e Art. 144 CF, para PC-SP, é correto:",Art. 144 CF é direito fundamental de segunda dimensão.,"Art. 144 CF é cláusula pétrea conforme art. 60, §4º, CF.",Art. 144 CF depende de lei complementar para eficácia.,Art. 144 CF não admite intervenção estatal.,Art. 144 CF é de competência exclusiva da União legislar.,B,Gabarito B. Art. 144 CF em Direito Constitucional: conforme banca FGV para PC-SP. Doutrina majoritária e jurisprudência atual.
184,FGV,PC-SP,Direito Constitucional,Direitos fundamentais,"Em Direitos fundamentais, conforme Constituição Federal, é correto afirmar que:",Direitos fundamentais depende de lei complementar para eficácia.,Direitos fundamentais é direito fundamental de segunda dimensão.,"Direitos fundamentais é cláusula pétrea conforme art. 60, §4º, CF.",Direitos fundamentais não admite intervenção estatal.,Direitos fundamentais é de competência exclusiva da União legislar.,C,Gabarito C. Direitos fundamentais em Direito Constitucional: conforme banca FGV para PC-SP. Doutrina majoritária e jurisprudência atual.
185,VUNESP,PM-SP,Direito Constitucional,Art. 144 CF,"Em Art. 144 CF, conforme Constituição Federal, é correto afirmar que:",Art. 144 CF depende de lei complementar para eficácia.,"Art. 144 CF é cláusula pétrea conforme art. 60, §4º, CF.",Art. 144 CF é de competência exclusiva da União legislar.,Art. 144 CF não admite intervenção estatal.,Art. 144 CF é direito fundamental de segunda dimensão.,A,Gabarito A. Art. 144 CF em Direito Constitucional: conforme banca VUNESP para PM-SP. Entendimento pacificado nos tribunais superiores.
186,VUNESP,PC-SP,Direito Constitucional,Art. 144 CF,"Conforme art. 5º e Art. 144 CF, para PC-SP, é correto:",Art. 144 CF é direito fundamental de segunda dimensão.,Art. 144 CF depende de lei complementar para eficácia.,"Art. 144 CF é cláusula pétrea conforme art. 60, §4º, CF.",Art. 144 CF é de competência exclusiva da União legislar.,Art. 144 CF não admite intervenção estatal.,C,Gabarito C. Art. 144 CF em Direito Constitucional: conforme banca VUNESP para PC-SP. Padrão cobrado em provas de áreas policiais SP.
187,FGV,GCM-SP,Direito Constitucional,Art. 144 CF,"Conforme art. 5º e Art. 144 CF, para GCM-SP, é correto:",Art. 144 CF é de competência exclusiva da União legislar.,"Art. 144 CF é cláusula pétrea conforme art. 60, §4º, CF.",Art. 144 CF não admite intervenção estatal.,Art. 144 CF depende de lei complementar para eficácia.,Art. 144 CF é direito fundamental de segunda dimensão.,C,Gabarito C. Art. 144 CF em Direito Constitucional: conforme banca FGV para GCM-SP. Conforme manual e legislação específica.
188,VUNESP,PM-SP,Direito Constitucional,Segurança pública,"Em Segurança pública, conforme Constituição Federal, é correto afirmar que:",Segurança pública é direito fundamental de segunda dimensão.,Segurança pública depende de lei complementar para eficácia.,Segurança pública é de competência exclusiva da União legislar.,Segurança pública não admite intervenção estatal.,"Segurança pública é cláusula pétrea conforme art. 60, §4º, CF.",A,Gabarito A. Segurança pública em Direito Constitucional: conforme banca VUNESP para PM-SP. Entendimento pacificado nos tribunais superiores.
189,FGV,GCM-SP,Direito Constitucional,Art. 144 CF,"Em Art. 144 CF, conforme Constituição Federal, é correto afirmar que:",Art. 144 CF depende de lei complementar para eficácia.,Art. 144 CF é de competência exclusiva da União legislar.,"Art. 144 CF é cláusula pétrea conforme art. 60, §4º, CF.",Art. 144 CF é direito fundamental de segunda dimensão.,Art. 144 CF não admite intervenção estatal.,B,Gabarito B. Art. 144 CF em Direito Constitucional: conforme banca FGV para GCM-SP. Conforme manual e legislação específica.
190,FGV,GCM-SP,Direito Constitucional,Art. 144 CF,"Conforme art. 5º e Art. 144 CF, para GCM-SP, é correto:",Art. 144 CF é de competência exclusiva da União legislar.,Art. 144 CF é direito fundamental de segunda dimensão.,"Art. 144 CF é cláusula pétrea conforme art. 60, §4º, CF.",Art. 144 CF não admite intervenção estatal.,Art. 144 CF depende de lei complementar para eficácia.,B,Gabarito B. Art. 144 CF em Direito Constitucional: conforme banca FGV para GCM-SP. Conforme manual e legislação específica.
191,FGV,PC-SP,Direito Constitucional,Segurança pública,"Sobre Segurança pública na CF/88, assinale a alternativa correta:","Segurança pública é cláusula pétrea conforme art. 60, §4º, CF.",Segurança pública é de competência exclusiva da União legislar.,Segurança pública não admite intervenção estatal.,Segurança pública depende de lei complementar para eficácia.,Segurança pública é direito fundamental de segunda dimensão.,C,Gabarito C. Segurança pública em Direito Constitucional: conforme banca FGV para PC-SP. Entendimento pacificado nos tribunais superiores.
192,VUNESP,PM-SP,Direito Constitucional,Remédios constitucionais,"Sobre Remédios constitucionais na CF/88, assinale a alternativa correta:","Remédios constitucionais é cláusula pétrea conforme art. 60, §4º, CF.",Remédios constitucionais é direito fundamental de segunda dimensão.,Remédios constitucionais é de competência exclusiva da União legislar.,Remédios constitucionais depende de lei complementar para eficácia.,Remédios constitucionais não admite intervenção estatal.,C,Gabarito C. Remédios constitucionais em Direito Constitucional: conforme banca VUNESP para PM-SP. Padrão cobrado em provas de áreas policiais SP.
193,FGV,GCM-SP,Direito Constitucional,Art. 144 CF,"Quanto a Art. 144 CF, no âmbito da segurança pública, assinale:",Art. 144 CF é de competência exclusiva da União legislar.,Art. 144 CF é direito fundamental de segunda dimensão.,"Art. 144 CF é cláusula pétrea conforme art. 60, §4º, CF.",Art. 144 CF não admite intervenção estatal.,Art. 144 CF depende de lei complementar para eficácia.,C,Gabarito C. Art. 144 CF em Direito Constitucional: conforme banca FGV para GCM-SP. Entendimento pacificado nos tribunais superiores.
194,FGV,GCM-SP,Direito Constitucional,Art. 144 CF,"Em Art. 144 CF, conforme Constituição Federal, é correto afirmar que:","Art. 144 CF é cláusula pétrea conforme art. 60, §4º, CF.",Art. 144 CF é de competência exclusiva da União legislar.,Art. 144 CF é direito fundamental de segunda dimensão.,Art. 144 CF não admite intervenção estatal.,Art. 144 CF depende de lei complementar para eficácia.,B,Gabarito B. Art. 144 CF em Direito Constitucional: conforme banca FGV para GCM-SP. Entendimento pacificado nos tribunais superiores.
195,FGV,PM-SP,Direito Constitucional,Segurança pública,"Sobre Segurança pública na CF/88, assinale a alternativa correta:",Segurança pública é direito fundamental de segunda dimensão.,Segurança pública depende de lei complementar para eficácia.,"Segurança pública é cláusula pétrea conforme art. 60, §4º, CF.",Segurança pública é de competência exclusiva da União legislar.,Segurança pública não admite intervenção estatal.,A,Gabarito A. Segurança pública em Direito Constitucional: conforme banca FGV para PM-SP. Entendimento pacificado nos tribunais superiores.
196,VUNESP,GCM-SP,Direito Constitucional,Organização do Estado,"Quanto a Organização do Estado, no âmbito da segurança pública, assinale:",Organização do Estado depende de lei complementar para eficácia.,"Organização do Estado é cláusula pétrea conforme art. 60, §4º, CF.",Organização do Estado é direito fundamental de segunda dimensão.,Organização do Estado é de competência exclusiva da União legislar.,Organização do Estado não admite intervenção estatal.,B,Gabarito B. Organização do Estado em Direito Constitucional: conforme banca VUNESP para GCM-SP. Entendimento pacificado nos tribunais superiores.
197,VUNESP,PM-SP,Direito Constitucional,Poderes,"Quanto a Poderes, no âmbito da segurança pública, assinale:","Poderes é cláusula pétrea conforme art. 60, §4º, CF.",Poderes depende de lei complementar para eficácia.,Poderes é direito fundamental de segunda dimensão.,Poderes não admite intervenção estatal.,Poderes é de competência exclusiva da União legislar.,A,Gabarito A. Poderes em Direito Constitucional: conforme banca VUNESP para PM-SP. Entendimento pacificado nos tribunais superiores.
198,FGV,PC-SP,Direito Constitucional,Art. 144 CF,"Conforme art. 5º e Art. 144 CF, para PC-SP, é correto:",Art. 144 CF não admite intervenção estatal.,Art. 144 CF é de competência exclusiva da União legislar.,Art. 144 CF é direito fundamental de segunda dimensão.,"Art. 144 CF é cláusula pétrea conforme art. 60, §4º, CF.",Art. 144 CF depende de lei complementar para eficácia.,A,Gabarito A. Art. 144 CF em Direito Constitucional: conforme banca FGV para PC-SP. Padrão cobrado em provas de áreas policiais SP.
199,VUNESP,PC-SP,Direito Constitucional,Poderes,"Conforme art. 5º e Poderes, para PC-SP, é correto:",Poderes é direito fundamental de segunda dimensão.,"Poderes é cláusula pétrea conforme art. 60, §4º, CF.",Poderes depende de lei complementar para eficácia.,Poderes é de competência exclusiva da União legislar.,Poderes não admite intervenção estatal.,B,Gabarito B. Poderes em Direito Constitucional: conforme banca VUNESP para PC-SP. Padrão cobrado em provas de áreas policiais SP.
200,VUNESP,PM-SP,Direito Constitucional,Direitos fundamentais,"Quanto a Direitos fundamentais, no âmbito da segurança pública, assinale:",Direitos fundamentais é direito fundamental de segunda dimensão.,Direitos fundamentais é de competência exclusiva da União legislar.,Direitos fundamentais depende de lei complementar para eficácia.,"Direitos fundamentais é cláusula pétrea conforme art. 60, §4º, CF.",Direitos fundamentais não admite intervenção estatal.,B,Gabarito B. Direitos fundamentais em Direito Constitucional: conforme banca VUNESP para PM-SP. Doutrina majoritária e jurisprudência atual.
201,VUNESP,GCM-SP,Direito Constitucional,Direitos fundamentais,"Conforme art. 5º e Direitos fundamentais, para GCM-SP, é correto:",Direitos fundamentais depende de lei complementar para eficácia.,Direitos fundamentais é de competência exclusiva da União legislar.,Direitos fundamentais é direito fundamental de segunda dimensão.,Direitos fundamentais não admite intervenção estatal.,"Direitos fundamentais é cláusula pétrea conforme art. 60, §4º, CF.",C,Gabarito C. Direitos fundamentais em Direito Constitucional: conforme banca VUNESP para GCM-SP. Conforme manual e legislação específica.
202,FGV,PC-SP,Direito Constitucional,Segurança pública,"Conforme art. 5º e Segurança pública, para PC-SP, é correto:",Segurança pública não admite intervenção estatal.,Segurança pública depende de lei complementar para eficácia.,"Segurança pública é cláusula pétrea conforme art. 60, §4º, CF.",Segurança pública é direito fundamental de segunda dimensão.,Segurança pública é de competência exclusiva da União legislar.,C,Gabarito C. Segurança pública em Direito Constitucional: conforme banca FGV para PC-SP. Conforme manual e legislação específica.
203,FGV,PM-SP,Direito Constitucional,Segurança pública,"Sobre Segurança pública na CF/88, assinale a alternativa correta:",Segurança pública não admite intervenção estatal.,"Segurança pública é cláusula pétrea conforme art. 60, §4º, CF.",Segurança pública depende de lei complementar para eficácia.,Segurança pública é de competência exclusiva da União legislar.,Segurança pública é direito fundamental de segunda dimensão.,B,Gabarito B. Segurança pública em Direito Constitucional: conforme banca FGV para PM-SP. Padrão cobrado em provas de áreas policiais SP.
204,FGV,PM-SP,Direito Constitucional,Direitos fundamentais,"Sobre Direitos fundamentais na CF/88, assinale a alternativa correta:",Direitos fundamentais é direito fundamental de segunda dimensão.,Direitos fundamentais é de competência exclusiva da União legislar.,Direitos fundamentais depende de lei complementar para eficácia.,Direitos fundamentais não admite intervenção estatal.,"Direitos fundamentais é cláusula pétrea conforme art. 60, §4º, CF.",B,Gabarito B. Direitos fundamentais em Direito Constitucional: conforme banca FGV para PM-SP. Conforme manual e legislação específica.
205,VUNESP,PC-SP,Direito Constitucional,Poderes,"Sobre Poderes na CF/88, assinale a alternativa correta:","Poderes é cláusula pétrea conforme art. 60, §4º, CF.",Poderes depende de lei complementar para eficácia.,Poderes é direito fundamental de segunda dimensão.,Poderes é de competência exclusiva da União legislar.,Poderes não admite intervenção estatal.,B,Gabarito B. Poderes em Direito Constitucional: conforme banca VUNESP para PC-SP. Conforme manual e legislação específica.
206,FGV,PM-SP,Direito Constitucional,Segurança pública,"Em Segurança pública, conforme Constituição Federal, é correto afirmar que:",Segurança pública não admite intervenção estatal.,Segurança pública depende de lei complementar para eficácia.,"Segurança pública é cláusula pétrea conforme art. 60, §4º, CF.",Segurança pública é direito fundamental de segunda dimensão.,Segurança pública é de competência exclusiva da União legislar.,C,Gabarito C. Segurança pública em Direito Constitucional: conforme banca FGV para PM-SP. Doutrina majoritária e jurisprudência atual.
207,VUNESP,PM-SP,Direito Constitucional,Poderes,"Em Poderes, conforme Constituição Federal, é correto afirmar que:",Poderes é direito fundamental de segunda dimensão.,Poderes depende de lei complementar para eficácia.,Poderes é de competência exclusiva da União legislar.,Poderes não admite intervenção estatal.,"Poderes é cláusula pétrea conforme art. 60, §4º, CF.",B,Gabarito B. Poderes em Direito Constitucional: conforme banca VUNESP para PM-SP. Entendimento pacificado nos tribunais superiores.
208,VUNESP,PC-SP,Direito Constitucional,Organização do Estado,"Sobre Organização do Estado na CF/88, assinale a alternativa correta:",Organização do Estado é direito fundamental de segunda dimensão.,Organização do Estado é de competência exclusiva da União legislar.,Organização do Estado depende de lei complementar para eficácia.,"Organização do Estado é cláusula pétrea conforme art. 60, §4º, CF.",Organização do Estado não admite intervenção estatal.,C,Gabarito C. Organização do Estado em Direito Constitucional: conforme banca VUNESP para PC-SP. Conforme manual e legislação específica.
209,VUNESP,PC-SP,Direito Constitucional,Art. 144 CF,"Conforme art. 5º e Art. 144 CF, para PC-SP, é correto:",Art. 144 CF é direito fundamental de segunda dimensão.,"Art. 144 CF é cláusula pétrea conforme art. 60, §4º, CF.",Art. 144 CF é de competência exclusiva da União legislar.,Art. 144 CF não admite intervenção estatal.,Art. 144 CF depende de lei complementar para eficácia.,B,Gabarito B. Art. 144 CF em Direito Constitucional: conforme banca VUNESP para PC-SP. Doutrina majoritária e jurisprudência atual.
210,VUNESP,GCM-SP,Direito Constitucional,Direitos fundamentais,"Sobre Direitos fundamentais na CF/88, assinale a alternativa correta:",Direitos fundamentais é direito fundamental de segunda dimensão.,Direitos fundamentais depende de lei complementar para eficácia.,Direitos fundamentais não admite intervenção estatal.,Direitos fundamentais é de competência exclusiva da União legislar.,"Direitos fundamentais é cláusula pétrea conforme art. 60, §4º, CF.",B,Gabarito B. Direitos fundamentais em Direito Constitucional: conforme banca VUNESP para GCM-SP. Padrão cobrado em provas de áreas policiais SP.
211,FGV,PC-SP,Direito Constitucional,Poderes,"Quanto a Poderes, no âmbito da segurança pública, assinale:",Poderes é de competência exclusiva da União legislar.,"Poderes é cláusula pétrea conforme art. 60, §4º, CF.",Poderes depende de lei complementar para eficácia.,Poderes não admite intervenção estatal.,Poderes é direito fundamental de segunda dimensão.,C,Gabarito C. Poderes em Direito Constitucional: conforme banca FGV para PC-SP. Doutrina majoritária e jurisprudência atual.
212,FGV,GCM-SP,Direito Constitucional,Art. 144 CF,"Em Art. 144 CF, conforme Constituição Federal, é correto afirmar que:",Art. 144 CF é de competência exclusiva da União legislar.,Art. 144 CF depende de lei complementar para eficácia.,"Art. 144 CF é cláusula pétrea conforme art. 60, §4º, CF.",Art. 144 CF não admite intervenção estatal.,Art. 144 CF é direito fundamental de segunda dimensão.,C,Gabarito C. Art. 144 CF em Direito Constitucional: conforme banca FGV para GCM-SP. Doutrina majoritária e jurisprudência atual.
213,FGV,PM-SP,Direito Constitucional,Direitos fundamentais,"Conforme art. 5º e Direitos fundamentais, para PM-SP, é correto:",Direitos fundamentais é de competência exclusiva da União legislar.,"Direitos fundamentais é cláusula pétrea conforme art. 60, §4º, CF.",Direitos fundamentais não admite intervenção estatal.,Direitos fundamentais é direito fundamental de segunda dimensão.,Direitos fundamentais depende de lei complementar para eficácia.,B,Gabarito B. Direitos fundamentais em Direito Constitucional: conforme banca FGV para PM-SP. Entendimento pacificado nos tribunais superiores.
214,VUNESP,PC-SP,Direito Constitucional,Remédios constitucionais,"Quanto a Remédios constitucionais, no âmbito da segurança pública, assinale:",Remédios constitucionais é direito fundamental de segunda dimensão.,Remédios constitucionais depende de lei complementar para eficácia.,"Remédios constitucionais é cláusula pétrea conforme art. 60, §4º, CF.",Remédios constitucionais não admite intervenção estatal.,Remédios constitucionais é de competência exclusiva da União legislar.,C,Gabarito C. Remédios constitucionais em Direito Constitucional: conforme banca VUNESP para PC-SP. Doutrina majoritária e jurisprudência atual.
215,VUNESP,GCM-SP,Direito Constitucional,Poderes,"Em Poderes, conforme Constituição Federal, é correto afirmar que:",Poderes depende de lei complementar para eficácia.,Poderes não admite intervenção estatal.,Poderes é de competência exclusiva da União legislar.,"Poderes é cláusula pétrea conforme art. 60, §4º, CF.",Poderes é direito fundamental de segunda dimensão.,A,Gabarito A. Poderes em Direito Constitucional: conforme banca VUNESP para GCM-SP. Padrão cobrado em provas de áreas policiais SP.
216,VUNESP,PC-SP,Direito Constitucional,Poderes,"Conforme art. 5º e Poderes, para PC-SP, é correto:",Poderes é direito fundamental de segunda dimensão.,"Poderes é cláusula pétrea conforme art. 60, §4º, CF.",Poderes depende de lei complementar para eficácia.,Poderes não admite intervenção estatal.,Poderes é de competência exclusiva da União legislar.,A,Gabarito A. Poderes em Direito Constitucional: conforme banca VUNESP para PC-SP. Conforme manual e legislação específica.
217,VUNESP,PM-SP,Direito Constitucional,Segurança pública,"Em Segurança pública, conforme Constituição Federal, é correto afirmar que:",Segurança pública depende de lei complementar para eficácia.,Segurança pública não admite intervenção estatal.,Segurança pública é direito fundamental de segunda dimensão.,Segurança pública é de competência exclusiva da União legislar.,"Segurança pública é cláusula pétrea conforme art. 60, §4º, CF.",B,Gabarito B. Segurança pública em Direito Constitucional: conforme banca VUNESP para PM-SP. Conforme manual e legislação específica.
218,VUNESP,PC-SP,Direito Constitucional,Art. 144 CF,"Sobre Art. 144 CF na CF/88, assinale a alternativa correta:","Art. 144 CF é cláusula pétrea conforme art. 60, §4º, CF.",Art. 144 CF não admite intervenção estatal.,Art. 144 CF é de competência exclusiva da União legislar.,Art. 144 CF depende de lei complementar para eficácia.,Art. 144 CF é direito fundamental de segunda dimensão.,C,Gabarito C. Art. 144 CF em Direito Constitucional: conforme banca VUNESP para PC-SP. Doutrina majoritária e jurisprudência atual.
219,VUNESP,PM-SP,Direito Constitucional,Segurança pública,"Quanto a Segurança pública, no âmbito da segurança pública, assinale:",Segurança pública não admite intervenção estatal.,Segurança pública é de competência exclusiva da União legislar.,Segurança pública é direito fundamental de segunda dimensão.,Segurança pública depende de lei complementar para eficácia.,"Segurança pública é cláusula pétrea conforme art. 60, §4º, CF.",A,Gabarito A. Segurança pública em Direito Constitucional: conforme banca VUNESP para PM-SP. Entendimento pacificado nos tribunais superiores.
220,FGV,GCM-SP,Direito Constitucional,Segurança pública,"Em Segurança pública, conforme Constituição Federal, é correto afirmar que:",Segurança pública depende de lei complementar para eficácia.,Segurança pública não admite intervenção estatal.,Segurança pública é direito fundamental de segunda dimensão.,Segurança pública é de competência exclusiva da União legislar.,"Segurança pública é cláusula pétrea conforme art. 60, §4º, CF.",C,Gabarito C. Segurança pública em Direito Constitucional: conforme banca FGV para GCM-SP. Entendimento pacificado nos tribunais superiores.
221,VUNESP,GCM-SP,Direito Constitucional,Organização do Estado,"Sobre Organização do Estado na CF/88, assinale a alternativa correta:",Organização do Estado é de competência exclusiva da União legislar.,"Organização do Estado é cláusula pétrea conforme art. 60, §4º, CF.",Organização do Estado é direito fundamental de segunda dimensão.,Organização do Estado depende de lei complementar para eficácia.,Organização do Estado não admite intervenção estatal.,C,Gabarito C. Organização do Estado em Direito Constitucional: conforme banca VUNESP para GCM-SP. Entendimento pacificado nos tribunais superiores.
222,FGV,PM-SP,Direito Constitucional,Poderes,"Sobre Poderes na CF/88, assinale a alternativa correta:",Poderes depende de lei complementar para eficácia.,"Poderes é cláusula pétrea conforme art. 60, §4º, CF.",Poderes é direito fundamental de segunda dimensão.,Poderes não admite intervenção estatal.,Poderes é de competência exclusiva da União legislar.,C,Gabarito C. Poderes em Direito Constitucional: conforme banca FGV para PM-SP. Padrão cobrado em provas de áreas policiais SP.
223,VUNESP,PM-SP,Direito Constitucional,Organização do Estado,"Conforme art. 5º e Organização do Estado, para PM-SP, é correto:",Organização do Estado é de competência exclusiva da União legislar.,Organização do Estado é direito fundamental de segunda dimensão.,"Organização do Estado é cláusula pétrea conforme art. 60, §4º, CF.",Organização do Estado não admite intervenção estatal.,Organização do Estado depende de lei complementar para eficácia.,C,Gabarito C. Organização do Estado em Direito Constitucional: conforme banca VUNESP para PM-SP. Padrão cobrado em provas de áreas policiais SP.
224,VUNESP,PM-SP,Direito Constitucional,Organização do Estado,"Conforme art. 5º e Organização do Estado, para PM-SP, é correto:","Organização do Estado é cláusula pétrea conforme art. 60, §4º, CF.",Organização do Estado depende de lei complementar para eficácia.,Organização do Estado é direito fundamental de segunda dimensão.,Organização do Estado é de competência exclusiva da União legislar.,Organização do Estado não admite intervenção estatal.,B,Gabarito B. Organização do Estado em Direito Constitucional: conforme banca VUNESP para PM-SP. Entendimento pacificado nos tribunais superiores.
225,VUNESP,PC-SP,Direito Constitucional,Remédios constitucionais,"Sobre Remédios constitucionais na CF/88, assinale a alternativa correta:",Remédios constitucionais é de competência exclusiva da União legislar.,Remédios constitucionais é direito fundamental de segunda dimensão.,Remédios constitucionais não admite intervenção estatal.,"Remédios constitucionais é cláusula pétrea conforme art. 60, §4º, CF.",Remédios constitucionais depende de lei complementar para eficácia.,B,Gabarito B. Remédios constitucionais em Direito Constitucional: conforme banca VUNESP para PC-SP. Entendimento pacificado nos tribunais superiores.
226,VUNESP,PC-SP,Direito Constitucional,Direitos fundamentais,"Conforme art. 5º e Direitos fundamentais, para PC-SP, é correto:",Direitos fundamentais depende de lei complementar para eficácia.,Direitos fundamentais é direito fundamental de segunda dimensão.,Direitos fundamentais é de competência exclusiva da União legislar.,"Direitos fundamentais é cláusula pétrea conforme art. 60, §4º, CF.",Direitos fundamentais não admite intervenção estatal.,C,Gabarito C. Direitos fundamentais em Direito Constitucional: conforme banca VUNESP para PC-SP. Padrão cobrado em provas de áreas policiais SP.
227,FGV,PM-SP,Direito Constitucional,Art. 144 CF,"Quanto a Art. 144 CF, no âmbito da segurança pública, assinale:",Art. 144 CF é direito fundamental de segunda dimensão.,Art. 144 CF depende de lei complementar para eficácia.,"Art. 144 CF é cláusula pétrea conforme art. 60, §4º, CF.",Art. 144 CF é de competência exclusiva da União legislar.,Art. 144 CF não admite intervenção estatal.,B,Gabarito B. Art. 144 CF em Direito Constitucional: conforme banca FGV para PM-SP. Conforme manual e legislação específica.
228,VUNESP,GCM-SP,Direito Constitucional,Remédios constitucionais,"Quanto a Remédios constitucionais, no âmbito da segurança pública, assinale:",Remédios constitucionais é direito fundamental de segunda dimensão.,Remédios constitucionais depende de lei complementar para eficácia.,Remédios constitucionais não admite intervenção estatal.,"Remédios constitucionais é cláusula pétrea conforme art. 60, §4º, CF.",Remédios constitucionais é de competência exclusiva da União legislar.,C,Gabarito C. Remédios constitucionais em Direito Constitucional: conforme banca VUNESP para GCM-SP. Doutrina majoritária e jurisprudência atual.
229,VUNESP,GCM-SP,Direito Constitucional,Art. 144 CF,"Sobre Art. 144 CF na CF/88, assinale a alternativa correta:",Art. 144 CF depende de lei complementar para eficácia.,"Art. 144 CF é cláusula pétrea conforme art. 60, §4º, CF.",Art. 144 CF não admite intervenção estatal.,Art. 144 CF é de competência exclusiva da União legislar.,Art. 144 CF é direito fundamental de segunda dimensão.,B,Gabarito B. Art. 144 CF em Direito Constitucional: conforme banca VUNESP para GCM-SP. Padrão cobrado em provas de áreas policiais SP.
230,FGV,PC-SP,Direito Constitucional,Segurança pública,"Quanto a Segurança pública, no âmbito da segurança pública, assinale:",Segurança pública é direito fundamental de segunda dimensão.,Segurança pública é de competência exclusiva da União legislar.,Segurança pública não admite intervenção estatal.,"Segurança pública é cláusula pétrea conforme art. 60, §4º, CF.",Segurança pública depende de lei complementar para eficácia.,B,Gabarito B. Segurança pública em Direito Constitucional: conforme banca FGV para PC-SP. Conforme manual e legislação específica.
231,FGV,PM-SP,Direito Constitucional,Poderes,"Sobre Poderes na CF/88, assinale a alternativa correta:",Poderes depende de lei complementar para eficácia.,Poderes não admite intervenção estatal.,Poderes é direito fundamental de segunda dimensão.,"Poderes é cláusula pétrea conforme art. 60, §4º, CF.",Poderes é de competência exclusiva da União legislar.,C,Gabarito C. Poderes em Direito Constitucional: conforme banca FGV para PM-SP. Doutrina majoritária e jurisprudência atual.
232,VUNESP,PC-SP,Direito Constitucional,Art. 144 CF,"Conforme art. 5º e Art. 144 CF, para PC-SP, é correto:","Art. 144 CF é cláusula pétrea conforme art. 60, §4º, CF.",Art. 144 CF é de competência exclusiva da União legislar.,Art. 144 CF depende de lei complementar para eficácia.,Art. 144 CF não admite intervenção estatal.,Art. 144 CF é direito fundamental de segunda dimensão.,B,Gabarito B. Art. 144 CF em Direito Constitucional: conforme banca VUNESP para PC-SP. Padrão cobrado em provas de áreas policiais SP.
233,VUNESP,GCM-SP,Direito Constitucional,Direitos fundamentais,"Quanto a Direitos fundamentais, no âmbito da segurança pública, assinale:",Direitos fundamentais não admite intervenção estatal.,"Direitos fundamentais é cláusula pétrea conforme art. 60, §4º, CF.",Direitos fundamentais depende de lei complementar para eficácia.,Direitos fundamentais é direito fundamental de segunda dimensão.,Direitos fundamentais é de competência exclusiva da União legislar.,C,Gabarito C. Direitos fundamentais em Direito Constitucional: conforme banca VUNESP para GCM-SP. Doutrina majoritária e jurisprudência atual.
234,FGV,PC-SP,Direito Constitucional,Direitos fundamentais,"Conforme art. 5º e Direitos fundamentais, para PC-SP, é correto:",Direitos fundamentais é direito fundamental de segunda dimensão.,"Direitos fundamentais é cláusula pétrea conforme art. 60, §4º, CF.",Direitos fundamentais não admite intervenção estatal.,Direitos fundamentais é de competência exclusiva da União legislar.,Direitos fundamentais depende de lei complementar para eficácia.,B,Gabarito B. Direitos fundamentais em Direito Constitucional: conforme banca FGV para PC-SP. Conforme manual e legislação específica.
235,VUNESP,PC-SP,Direito Constitucional,Segurança pública,"Sobre Segurança pública na CF/88, assinale a alternativa correta:",Segurança pública é direito fundamental de segunda dimensão.,Segurança pública não admite intervenção estatal.,Segurança pública é de competência exclusiva da União legislar.,Segurança pública depende de lei complementar para eficácia.,"Segurança pública é cláusula pétrea conforme art. 60, §4º, CF.",B,Gabarito B. Segurança pública em Direito Constitucional: conforme banca VUNESP para PC-SP. Entendimento pacificado nos tribunais superiores.
236,VUNESP,PM-SP,Direito Constitucional,Remédios constitucionais,"Quanto a Remédios constitucionais, no âmbito da segurança pública, assinale:",Remédios constitucionais depende de lei complementar para eficácia.,Remédios constitucionais é direito fundamental de segunda dimensão.,Remédios constitucionais é de competência exclusiva da União legislar.,"Remédios constitucionais é cláusula pétrea conforme art. 60, §4º, CF.",Remédios constitucionais não admite intervenção estatal.,B,Gabarito B. Remédios constitucionais em Direito Constitucional: conforme banca VUNESP para PM-SP. Doutrina majoritária e jurisprudência atual.
237,VUNESP,PC-SP,Direito Constitucional,Poderes,"Quanto a Poderes, no âmbito da segurança pública, assinale:",Poderes é direito fundamental de segunda dimensão.,"Poderes é cláusula pétrea conforme art. 60, §4º, CF.",Poderes é de competência exclusiva da União legislar.,Poderes depende de lei complementar para eficácia.,Poderes não admite intervenção estatal.,B,Gabarito B. Poderes em Direito Constitucional: conforme banca VUNESP para PC-SP. Doutrina majoritária e jurisprudência atual.
238,VUNESP,PC-SP,Direito Constitucional,Poderes,"Quanto a Poderes, no âmbito da segurança pública, assinale:","Poderes é cláusula pétrea conforme art. 60, §4º, CF.",Poderes é direito fundamental de segunda dimensão.,Poderes depende de lei complementar para eficácia.,Poderes é de competência exclusiva da União legislar.,Poderes não admite intervenção estatal.,A,Gabarito A. Poderes em Direito Constitucional: conforme banca VUNESP para PC-SP. Doutrina majoritária e jurisprudência atual.
239,VUNESP,GCM-SP,Direito Constitucional,Segurança pública,"Quanto a Segurança pública, no âmbito da segurança pública, assinale:",Segurança pública depende de lei complementar para eficácia.,"Segurança pública é cláusula pétrea conforme art. 60, §4º, CF.",Segurança pública não admite intervenção estatal.,Segurança pública é direito fundamental de segunda dimensão.,Segurança pública é de competência exclusiva da União legislar.,A,Gabarito A. Segurança pública em Direito Constitucional: conforme banca VUNESP para GCM-SP. Doutrina majoritária e jurisprudência atual.
240,FGV,PC-SP,Direito Constitucional,Segurança pública,"Sobre Segurança pública na CF/88, assinale a alternativa correta:",Segurança pública é direito fundamental de segunda dimensão.,Segurança pública não admite intervenção estatal.,Segurança pública é de competência exclusiva da União legislar.,"Segurança pública é cláusula pétrea conforme art. 60, §4º, CF.",Segurança pública depende de lei complementar para eficácia.,B,Gabarito B. Segurança pública em Direito Constitucional: conforme banca FGV para PC-SP. Entendimento pacificado nos tribunais superiores.
241,VUNESP,GCM-SP,Direito Constitucional,Segurança pública,"Quanto a Segurança pública, no âmbito da segurança pública, assinale:",Segurança pública não admite intervenção estatal.,Segurança pública é direito fundamental de segunda dimensão.,"Segurança pública é cláusula pétrea conforme art. 60, §4º, CF.",Segurança pública é de competência exclusiva da União legislar.,Segurança pública depende de lei complementar para eficácia.,B,Gabarito B. Segurança pública em Direito Constitucional: conforme banca VUNESP para GCM-SP. Entendimento pacificado nos tribunais superiores.
242,VUNESP,PM-SP,Direito Constitucional,Direitos fundamentais,"Sobre Direitos fundamentais na CF/88, assinale a alternativa correta:",Direitos fundamentais depende de lei complementar para eficácia.,"Direitos fundamentais é cláusula pétrea conforme art. 60, §4º, CF.",Direitos fundamentais não admite intervenção estatal.,Direitos fundamentais é de competência exclusiva da União legislar.,Direitos fundamentais é direito fundamental de segunda dimensão.,B,Gabarito B. Direitos fundamentais em Direito Constitucional: conforme banca VUNESP para PM-SP. Doutrina majoritária e jurisprudência atual.
243,FGV,PM-SP,Direito Constitucional,Poderes,"Quanto a Poderes, no âmbito da segurança pública, assinale:",Poderes é direito fundamental de segunda dimensão.,Poderes depende de lei complementar para eficácia.,Poderes não admite intervenção estatal.,Poderes é de competência exclusiva da União legislar.,"Poderes é cláusula pétrea conforme art. 60, §4º, CF.",C,Gabarito C. Poderes em Direito Constitucional: conforme banca FGV para PM-SP. Padrão cobrado em provas de áreas policiais SP.
244,FGV,PC-SP,Direito Constitucional,Poderes,"Em Poderes, conforme Constituição Federal, é correto afirmar que:",Poderes é de competência exclusiva da União legislar.,Poderes depende de lei complementar para eficácia.,Poderes não admite intervenção estatal.,Poderes é direito fundamental de segunda dimensão.,"Poderes é cláusula pétrea conforme art. 60, §4º, CF.",C,Gabarito C. Poderes em Direito Constitucional: conforme banca FGV para PC-SP. Conforme manual e legislação específica.
245,VUNESP,GCM-SP,Direito Constitucional,Poderes,"Quanto a Poderes, no âmbito da segurança pública, assinale:","Poderes é cláusula pétrea conforme art. 60, §4º, CF.",Poderes não admite intervenção estatal.,Poderes é direito fundamental de segunda dimensão.,Poderes depende de lei complementar para eficácia.,Poderes é de competência exclusiva da União legislar.,B,Gabarito B. Poderes em Direito Constitucional: conforme banca VUNESP para GCM-SP. Entendimento pacificado nos tribunais superiores.
246,FGV,PM-SP,Direito Constitucional,Remédios constitucionais,"Conforme art. 5º e Remédios constitucionais, para PM-SP, é correto:",Remédios constitucionais é de competência exclusiva da União legislar.,Remédios constitucionais depende de lei complementar para eficácia.,Remédios constitucionais não admite intervenção estatal.,Remédios constitucionais é direito fundamental de segunda dimensão.,"Remédios constitucionais é cláusula pétrea conforme art. 60, §4º, CF.",C,Gabarito C. Remédios constitucionais em Direito Constitucional: conforme banca FGV para PM-SP. Conforme manual e legislação específica.
247,VUNESP,PC-SP,Direito Constitucional,Direitos fundamentais,"Em Direitos fundamentais, conforme Constituição Federal, é correto afirmar que:",Direitos fundamentais não admite intervenção estatal.,"Direitos fundamentais é cláusula pétrea conforme art. 60, §4º, CF.",Direitos fundamentais é de competência exclusiva da União legislar.,Direitos fundamentais é direito fundamental de segunda dimensão.,Direitos fundamentais depende de lei complementar para eficácia.,C,Gabarito C. Direitos fundamentais em Direito Constitucional: conforme banca VUNESP para PC-SP. Doutrina majoritária e jurisprudência atual.
248,FGV,PM-SP,Direito Constitucional,Organização do Estado,"Conforme art. 5º e Organização do Estado, para PM-SP, é correto:",Organização do Estado não admite intervenção estatal.,Organização do Estado é direito fundamental de segunda dimensão.,Organização do Estado é de competência exclusiva da União legislar.,"Organização do Estado é cláusula pétrea conforme art. 60, §4º, CF.",Organização do Estado depende de lei complementar para eficácia.,C,Gabarito C. Organização do Estado em Direito Constitucional: conforme banca FGV para PM-SP. Padrão cobrado em provas de áreas policiais SP.
249,FGV,PM-SP,Direito Constitucional,Segurança pública,"Em Segurança pública, conforme Constituição Federal, é correto afirmar que:",Segurança pública depende de lei complementar para eficácia.,Segurança pública é de competência exclusiva da União legislar.,Segurança pública é direito fundamental de segunda dimensão.,"Segurança pública é cláusula pétrea conforme art. 60, §4º, CF.",Segurança pública não admite intervenção estatal.,C,Gabarito C. Segurança pública em Direito Constitucional: conforme banca FGV para PM-SP. Entendimento pacificado nos tribunais superiores.
250,FGV,PM-SP,Direito Constitucional,Remédios constitucionais,"Conforme art. 5º e Remédios constitucionais, para PM-SP, é correto:",Remédios constitucionais não admite intervenção estatal.,"Remédios constitucionais é cláusula pétrea conforme art. 60, §4º, CF.",Remédios constitucionais é direito fundamental de segunda dimensão.,Remédios constitucionais depende de lei complementar para eficácia.,Remédios constitucionais é de competência exclusiva da União legislar.,A,Gabarito A. Remédios constitucionais em Direito Constitucional: conforme banca FGV para PM-SP. Padrão cobrado em provas de áreas policiais SP.
251,VUNESP,PC-SP,Direito Constitucional,Remédios constitucionais,"Em Remédios constitucionais, conforme Constituição Federal, é correto afirmar que:",Remédios constitucionais depende de lei complementar para eficácia.,Remédios constitucionais é de competência exclusiva da União legislar.,"Remédios constitucionais é cláusula pétrea conforme art. 60, §4º, CF.",Remédios constitucionais não admite intervenção estatal.,Remédios constitucionais é direito fundamental de segunda dimensão.,B,Gabarito B. Remédios constitucionais em Direito Constitucional: conforme banca VUNESP para PC-SP. Conforme manual e legislação específica.
252,FGV,GCM-SP,Direito Constitucional,Organização do Estado,"Sobre Organização do Estado na CF/88, assinale a alternativa correta:","Organização do Estado é cláusula pétrea conforme art. 60, §4º, CF.",Organização do Estado é direito fundamental de segunda dimensão.,Organização do Estado não admite intervenção estatal.,Organização do Estado depende de lei complementar para eficácia.,Organização do Estado é de competência exclusiva da União legislar.,C,Gabarito C. Organização do Estado em Direito Constitucional: conforme banca FGV para GCM-SP. Entendimento pacificado nos tribunais superiores.
253,FGV,PM-SP,Direito Constitucional,Segurança pública,"Em Segurança pública, conforme Constituição Federal, é correto afirmar que:",Segurança pública é direito fundamental de segunda dimensão.,Segurança pública é de competência exclusiva da União legislar.,Segurança pública depende de lei complementar para eficácia.,"Segurança pública é cláusula pétrea conforme art. 60, §4º, CF.",Segurança pública não admite intervenção estatal.,B,Gabarito B. Segurança pública em Direito Constitucional: conforme banca FGV para PM-SP. Conforme manual e legislação específica.
254,VUNESP,GCM-SP,Direito Constitucional,Organização do Estado,"Sobre Organização do Estado na CF/88, assinale a alternativa correta:",Organização do Estado não admite intervenção estatal.,Organização do Estado é direito fundamental de segunda dimensão.,Organização do Estado é de competência exclusiva da União legislar.,"Organização do Estado é cláusula pétrea conforme art. 60, §4º, CF.",Organização do Estado depende de lei complementar para eficácia.,C,Gabarito C. Organização do Estado em Direito Constitucional: conforme banca VUNESP para GCM-SP. Padrão cobrado em provas de áreas policiais SP.
255,FGV,GCM-SP,Direito Constitucional,Remédios constitucionais,"Conforme art. 5º e Remédios constitucionais, para GCM-SP, é correto:",Remédios constitucionais é de competência exclusiva da União legislar.,"Remédios constitucionais é cláusula pétrea conforme art. 60, §4º, CF.",Remédios constitucionais é direito fundamental de segunda dimensão.,Remédios constitucionais depende de lei complementar para eficácia.,Remédios constitucionais não admite intervenção estatal.,C,Gabarito C. Remédios constitucionais em Direito Constitucional: conforme banca FGV para GCM-SP. Entendimento pacificado nos tribunais superiores.
256,VUNESP,GCM-SP,Direito Constitucional,Poderes,"Quanto a Poderes, no âmbito da segurança pública, assinale:",Poderes depende de lei complementar para eficácia.,Poderes é de competência exclusiva da União legislar.,"Poderes é cláusula pétrea conforme art. 60, §4º, CF.",Poderes é direito fundamental de segunda dimensão.,Poderes não admite intervenção estatal.,A,Gabarito A. Poderes em Direito Constitucional: conforme banca VUNESP para GCM-SP. Conforme manual e legislação específica.
257,FGV,GCM-SP,Direito Constitucional,Art. 144 CF,"Conforme art. 5º e Art. 144 CF, para GCM-SP, é correto:","Art. 144 CF é cláusula pétrea conforme art. 60, §4º, CF.",Art. 144 CF depende de lei complementar para eficácia.,Art. 144 CF não admite intervenção estatal.,Art. 144 CF é direito fundamental de segunda dimensão.,Art. 144 CF é de competência exclusiva da União legislar.,B,Gabarito B. Art. 144 CF em Direito Constitucional: conforme banca FGV para GCM-SP. Padrão cobrado em provas de áreas policiais SP.
258,VUNESP,GCM-SP,Direito Constitucional,Poderes,"Quanto a Poderes, no âmbito da segurança pública, assinale:","Poderes é cláusula pétrea conforme art. 60, §4º, CF.",Poderes depende de lei complementar para eficácia.,Poderes é direito fundamental de segunda dimensão.,Poderes não admite intervenção estatal.,Poderes é de competência exclusiva da União legislar.,B,Gabarito B. Poderes em Direito Constitucional: conforme banca VUNESP para GCM-SP. Entendimento pacificado nos tribunais superiores.
259,VUNESP,PM-SP,Direito Constitucional,Segurança pública,"Em Segurança pública, conforme Constituição Federal, é correto afirmar que:","Segurança pública é cláusula pétrea conforme art. 60, §4º, CF.",Segurança pública é direito fundamental de segunda dimensão.,Segurança pública é de competência exclusiva da União legislar.,Segurança pública depende de lei complementar para eficácia.,Segurança pública não admite intervenção estatal.,B,Gabarito B. Segurança pública em Direito Constitucional: conforme banca VUNESP para PM-SP. Doutrina majoritária e jurisprudência atual.
260,VUNESP,PM-SP,Direito Constitucional,Remédios constitucionais,"Quanto a Remédios constitucionais, no âmbito da segurança pública, assinale:","Remédios constitucionais é cláusula pétrea conforme art. 60, §4º, CF.",Remédios constitucionais não admite intervenção estatal.,Remédios constitucionais é de competência exclusiva da União legislar.,Remédios constitucionais depende de lei complementar para eficácia.,Remédios constitucionais é direito fundamental de segunda dimensão.,B,Gabarito B. Remédios constitucionais em Direito Constitucional: conforme banca VUNESP para PM-SP. Entendimento pacificado nos tribunais superiores.
261,FGV,PC-SP,Direito Constitucional,Organização do Estado,"Quanto a Organização do Estado, no âmbito da segurança pública, assinale:",Organização do Estado depende de lei complementar para eficácia.,"Organização do Estado é cláusula pétrea conforme art. 60, §4º, CF.",Organização do Estado é direito fundamental de segunda dimensão.,Organização do Estado não admite intervenção estatal.,Organização do Estado é de competência exclusiva da União legislar.,C,Gabarito C. Organização do Estado em Direito Constitucional: conforme banca FGV para PC-SP. Entendimento pacificado nos tribunais superiores.
262,FGV,PC-SP,Direito Constitucional,Direitos fundamentais,"Conforme art. 5º e Direitos fundamentais, para PC-SP, é correto:","Direitos fundamentais é cláusula pétrea conforme art. 60, §4º, CF.",Direitos fundamentais depende de lei complementar para eficácia.,Direitos fundamentais não admite intervenção estatal.,Direitos fundamentais é de competência exclusiva da União legislar.,Direitos fundamentais é direito fundamental de segunda dimensão.,C,Gabarito C. Direitos fundamentais em Direito Constitucional: conforme banca FGV para PC-SP. Padrão cobrado em provas de áreas policiais SP.
263,VUNESP,GCM-SP,Direito Constitucional,Art. 144 CF,"Sobre Art. 144 CF na CF/88, assinale a alternativa correta:",Art. 144 CF depende de lei complementar para eficácia.,Art. 144 CF é direito fundamental de segunda dimensão.,"Art. 144 CF é cláusula pétrea conforme art. 60, §4º, CF.",Art. 144 CF não admite intervenção estatal.,Art. 144 CF é de competência exclusiva da União legislar.,C,Gabarito C. Art. 144 CF em Direito Constitucional: conforme banca VUNESP para GCM-SP. Padrão cobrado em provas de áreas policiais SP.
264,FGV,PM-SP,Direito Constitucional,Segurança pública,"Conforme art. 5º e Segurança pública, para PM-SP, é correto:",Segurança pública é direito fundamental de segunda dimensão.,Segurança pública é de competência exclusiva da União legislar.,Segurança pública não admite intervenção estatal.,"Segurança pública é cláusula pétrea conforme art. 60, §4º, CF.",Segurança pública depende de lei complementar para eficácia.,C,Gabarito C. Segurança pública em Direito Constitucional: conforme banca FGV para PM-SP. Doutrina majoritária e jurisprudência atual.
265,VUNESP,PC-SP,Direito Processual Penal,Ação penal,"No que tange a Ação penal, conforme art. 158 do CPP e pacote anticrime, assinale:",Ação penal pode ser realizado por qualquer pessoa do povo.,Ação penal ocorre apenas com autorização judicial prévia.,Ação penal dispensa laudo pericial.,Ação penal tem prazo de 5 dias improrrogável.,Ação penal exige preservação da cadeia de custódia sob pena de nulidade da prova.,B,Gabarito B. Ação penal em Direito Processual Penal: conforme banca VUNESP para PC-SP. Entendimento pacificado nos tribunais superiores.
266,FCC,PC-SP,Direito Processual Penal,Prisão em flagrante,"No que tange a Prisão em flagrante, conforme art. 158 do CPP e pacote anticrime, assinale:",Prisão em flagrante exige preservação da cadeia de custódia sob pena de nulidade da prova.,Prisão em flagrante pode ser realizado por qualquer pessoa do povo.,Prisão em flagrante tem prazo de 5 dias improrrogável.,Prisão em flagrante dispensa laudo pericial.,Prisão em flagrante ocorre apenas com autorização judicial prévia.,A,Gabarito A. Prisão em flagrante em Direito Processual Penal: conforme banca FCC para PC-SP. Conforme manual e legislação específica.
267,VUNESP,PP-SP,Direito Processual Penal,Provas,"No que tange a Provas, conforme art. 158 do CPP e pacote anticrime, assinale:",Provas exige preservação da cadeia de custódia sob pena de nulidade da prova.,Provas tem prazo de 5 dias improrrogável.,Provas dispensa laudo pericial.,Provas pode ser realizado por qualquer pessoa do povo.,Provas ocorre apenas com autorização judicial prévia.,A,Gabarito A. Provas em Direito Processual Penal: conforme banca VUNESP para PP-SP. Doutrina majoritária e jurisprudência atual.
268,VUNESP,PP-SP,Direito Processual Penal,Ação penal,"Sobre Ação penal no inquérito policial, conforme CPP, assinale a correta:",Ação penal tem prazo de 5 dias improrrogável.,Ação penal ocorre apenas com autorização judicial prévia.,Ação penal exige preservação da cadeia de custódia sob pena de nulidade da prova.,Ação penal dispensa laudo pericial.,Ação penal pode ser realizado por qualquer pessoa do povo.,B,Gabarito B. Ação penal em Direito Processual Penal: conforme banca VUNESP para PP-SP. Padrão cobrado em provas de áreas policiais SP.
269,FCC,PP-SP,Direito Processual Penal,Provas,"Em relação a Provas, para escrivão de polícia, é correto:",Provas dispensa laudo pericial.,Provas exige preservação da cadeia de custódia sob pena de nulidade da prova.,Provas pode ser realizado por qualquer pessoa do povo.,Provas ocorre apenas com autorização judicial prévia.,Provas tem prazo de 5 dias improrrogável.,C,Gabarito C. Provas em Direito Processual Penal: conforme banca FCC para PP-SP. Padrão cobrado em provas de áreas policiais SP.
270,VUNESP,PP-SP,Direito Processual Penal,Provas,"No que tange a Provas, conforme art. 158 do CPP e pacote anticrime, assinale:",Provas exige preservação da cadeia de custódia sob pena de nulidade da prova.,Provas dispensa laudo pericial.,Provas ocorre apenas com autorização judicial prévia.,Provas tem prazo de 5 dias improrrogável.,Provas pode ser realizado por qualquer pessoa do povo.,A,Gabarito A. Provas em Direito Processual Penal: conforme banca VUNESP para PP-SP. Doutrina majoritária e jurisprudência atual.
271,VUNESP,PP-SP,Direito Processual Penal,Cadeia de custódia,"Em relação a Cadeia de custódia, para escrivão de polícia, é correto:",Cadeia de custódia exige preservação da cadeia de custódia sob pena de nulidade da prova.,Cadeia de custódia tem prazo de 5 dias improrrogável.,Cadeia de custódia dispensa laudo pericial.,Cadeia de custódia ocorre apenas com autorização judicial prévia.,Cadeia de custódia pode ser realizado por qualquer pessoa do povo.,C,Gabarito C. Cadeia de custódia em Direito Processual Penal: conforme banca VUNESP para PP-SP. Conforme manual e legislação específica.
272,FGV,PP-SP,Direito Processual Penal,Perícias,"Sobre Perícias, na cadeia de custódia, é correto afirmar:",Perícias tem prazo de 5 dias improrrogável.,Perícias ocorre apenas com autorização judicial prévia.,Perícias dispensa laudo pericial.,Perícias exige preservação da cadeia de custódia sob pena de nulidade da prova.,Perícias pode ser realizado por qualquer pessoa do povo.,C,Gabarito C. Perícias em Direito Processual Penal: conforme banca FGV para PP-SP. Entendimento pacificado nos tribunais superiores.
273,FCC,PC-SP,Direito Processual Penal,Inquérito policial,"No que tange a Inquérito policial, conforme art. 158 do CPP e pacote anticrime, assinale:",Inquérito policial exige preservação da cadeia de custódia sob pena de nulidade da prova.,Inquérito policial tem prazo de 5 dias improrrogável.,Inquérito policial dispensa laudo pericial.,Inquérito policial ocorre apenas com autorização judicial prévia.,Inquérito policial pode ser realizado por qualquer pessoa do povo.,A,Gabarito A. Inquérito policial em Direito Processual Penal: conforme banca FCC para PC-SP. Doutrina majoritária e jurisprudência atual.
274,VUNESP,PP-SP,Direito Processual Penal,Provas,"No que tange a Provas, conforme art. 158 do CPP e pacote anticrime, assinale:",Provas ocorre apenas com autorização judicial prévia.,Provas pode ser realizado por qualquer pessoa do povo.,Provas dispensa laudo pericial.,Provas exige preservação da cadeia de custódia sob pena de nulidade da prova.,Provas tem prazo de 5 dias improrrogável.,A,Gabarito A. Provas em Direito Processual Penal: conforme banca VUNESP para PP-SP. Padrão cobrado em provas de áreas policiais SP.
275,VUNESP,PC-SP,Direito Processual Penal,Perícias,"No que tange a Perícias, conforme art. 158 do CPP e pacote anticrime, assinale:",Perícias tem prazo de 5 dias improrrogável.,Perícias dispensa laudo pericial.,Perícias pode ser realizado por qualquer pessoa do povo.,Perícias ocorre apenas com autorização judicial prévia.,Perícias exige preservação da cadeia de custódia sob pena de nulidade da prova.,B,Gabarito B. Perícias em Direito Processual Penal: conforme banca VUNESP para PC-SP. Conforme manual e legislação específica.
276,VUNESP,PC-SP,Direito Processual Penal,Inquérito policial,"No que tange a Inquérito policial, conforme art. 158 do CPP e pacote anticrime, assinale:",Inquérito policial pode ser realizado por qualquer pessoa do povo.,Inquérito policial dispensa laudo pericial.,Inquérito policial exige preservação da cadeia de custódia sob pena de nulidade da prova.,Inquérito policial ocorre apenas com autorização judicial prévia.,Inquérito policial tem prazo de 5 dias improrrogável.,C,Gabarito C. Inquérito policial em Direito Processual Penal: conforme banca VUNESP para PC-SP. Padrão cobrado em provas de áreas policiais SP.
277,FGV,PP-SP,Direito Processual Penal,Inquérito policial,"No que tange a Inquérito policial, conforme art. 158 do CPP e pacote anticrime, assinale:",Inquérito policial exige preservação da cadeia de custódia sob pena de nulidade da prova.,Inquérito policial dispensa laudo pericial.,Inquérito policial ocorre apenas com autorização judicial prévia.,Inquérito policial pode ser realizado por qualquer pessoa do povo.,Inquérito policial tem prazo de 5 dias improrrogável.,B,Gabarito B. Inquérito policial em Direito Processual Penal: conforme banca FGV para PP-SP. Entendimento pacificado nos tribunais superiores.
278,FGV,PC-SP,Direito Processual Penal,Provas,"Em relação a Provas, para escrivão de polícia, é correto:",Provas dispensa laudo pericial.,Provas tem prazo de 5 dias improrrogável.,Provas pode ser realizado por qualquer pessoa do povo.,Provas exige preservação da cadeia de custódia sob pena de nulidade da prova.,Provas ocorre apenas com autorização judicial prévia.,C,Gabarito C. Provas em Direito Processual Penal: conforme banca FGV para PC-SP. Padrão cobrado em provas de áreas policiais SP.
279,FGV,PP-SP,Direito Processual Penal,Prisão em flagrante,"Em relação a Prisão em flagrante, para escrivão de polícia, é correto:",Prisão em flagrante dispensa laudo pericial.,Prisão em flagrante pode ser realizado por qualquer pessoa do povo.,Prisão em flagrante exige preservação da cadeia de custódia sob pena de nulidade da prova.,Prisão em flagrante tem prazo de 5 dias improrrogável.,Prisão em flagrante ocorre apenas com autorização judicial prévia.,C,Gabarito C. Prisão em flagrante em Direito Processual Penal: conforme banca FGV para PP-SP. Conforme manual e legislação específica.
280,VUNESP,PC-SP,Direito Processual Penal,Perícias,"Sobre Perícias, na cadeia de custódia, é correto afirmar:",Perícias exige preservação da cadeia de custódia sob pena de nulidade da prova.,Perícias pode ser realizado por qualquer pessoa do povo.,Perícias ocorre apenas com autorização judicial prévia.,Perícias dispensa laudo pericial.,Perícias tem prazo de 5 dias improrrogável.,C,Gabarito C. Perícias em Direito Processual Penal: conforme banca VUNESP para PC-SP. Conforme manual e legislação específica.
281,FGV,PC-SP,Direito Processual Penal,Cadeia de custódia,"Sobre Cadeia de custódia no inquérito policial, conforme CPP, assinale a correta:",Cadeia de custódia tem prazo de 5 dias improrrogável.,Cadeia de custódia pode ser realizado por qualquer pessoa do povo.,Cadeia de custódia exige preservação da cadeia de custódia sob pena de nulidade da prova.,Cadeia de custódia dispensa laudo pericial.,Cadeia de custódia ocorre apenas com autorização judicial prévia.,C,Gabarito C. Cadeia de custódia em Direito Processual Penal: conforme banca FGV para PC-SP. Conforme manual e legislação específica.
282,FCC,PP-SP,Direito Processual Penal,Prisão em flagrante,"No que tange a Prisão em flagrante, conforme art. 158 do CPP e pacote anticrime, assinale:",Prisão em flagrante pode ser realizado por qualquer pessoa do povo.,Prisão em flagrante exige preservação da cadeia de custódia sob pena de nulidade da prova.,Prisão em flagrante ocorre apenas com autorização judicial prévia.,Prisão em flagrante tem prazo de 5 dias improrrogável.,Prisão em flagrante dispensa laudo pericial.,A,Gabarito A. Prisão em flagrante em Direito Processual Penal: conforme banca FCC para PP-SP. Conforme manual e legislação específica.
283,FGV,PC-SP,Direito Processual Penal,Cadeia de custódia,"Sobre Cadeia de custódia no inquérito policial, conforme CPP, assinale a correta:",Cadeia de custódia pode ser realizado por qualquer pessoa do povo.,Cadeia de custódia dispensa laudo pericial.,Cadeia de custódia tem prazo de 5 dias improrrogável.,Cadeia de custódia ocorre apenas com autorização judicial prévia.,Cadeia de custódia exige preservação da cadeia de custódia sob pena de nulidade da prova.,C,Gabarito C. Cadeia de custódia em Direito Processual Penal: conforme banca FGV para PC-SP. Conforme manual e legislação específica.
284,VUNESP,PP-SP,Direito Processual Penal,Perícias,"Em relação a Perícias, para escrivão de polícia, é correto:",Perícias ocorre apenas com autorização judicial prévia.,Perícias tem prazo de 5 dias improrrogável.,Perícias exige preservação da cadeia de custódia sob pena de nulidade da prova.,Perícias dispensa laudo pericial.,Perícias pode ser realizado por qualquer pessoa do povo.,B,Gabarito B. Perícias em Direito Processual Penal: conforme banca VUNESP para PP-SP. Entendimento pacificado nos tribunais superiores.
285,VUNESP,PP-SP,Direito Processual Penal,Cadeia de custódia,"Em relação a Cadeia de custódia, para escrivão de polícia, é correto:",Cadeia de custódia tem prazo de 5 dias improrrogável.,Cadeia de custódia pode ser realizado por qualquer pessoa do povo.,Cadeia de custódia dispensa laudo pericial.,Cadeia de custódia ocorre apenas com autorização judicial prévia.,Cadeia de custódia exige preservação da cadeia de custódia sob pena de nulidade da prova.,C,Gabarito C. Cadeia de custódia em Direito Processual Penal: conforme banca VUNESP para PP-SP. Conforme manual e legislação específica.
286,VUNESP,PC-SP,Direito Processual Penal,Ação penal,"Sobre Ação penal no inquérito policial, conforme CPP, assinale a correta:",Ação penal tem prazo de 5 dias improrrogável.,Ação penal dispensa laudo pericial.,Ação penal exige preservação da cadeia de custódia sob pena de nulidade da prova.,Ação penal ocorre apenas com autorização judicial prévia.,Ação penal pode ser realizado por qualquer pessoa do povo.,A,Gabarito A. Ação penal em Direito Processual Penal: conforme banca VUNESP para PC-SP. Padrão cobrado em provas de áreas policiais SP.
287,FGV,PP-SP,Direito Processual Penal,Provas,"Sobre Provas no inquérito policial, conforme CPP, assinale a correta:",Provas ocorre apenas com autorização judicial prévia.,Provas pode ser realizado por qualquer pessoa do povo.,Provas tem prazo de 5 dias improrrogável.,Provas dispensa laudo pericial.,Provas exige preservação da cadeia de custódia sob pena de nulidade da prova.,C,Gabarito C. Provas em Direito Processual Penal: conforme banca FGV para PP-SP. Conforme manual e legislação específica.
288,VUNESP,PP-SP,Direito Processual Penal,Inquérito policial,"Sobre Inquérito policial no inquérito policial, conforme CPP, assinale a correta:",Inquérito policial ocorre apenas com autorização judicial prévia.,Inquérito policial dispensa laudo pericial.,Inquérito policial pode ser realizado por qualquer pessoa do povo.,Inquérito policial tem prazo de 5 dias improrrogável.,Inquérito policial exige preservação da cadeia de custódia sob pena de nulidade da prova.,B,Gabarito B. Inquérito policial em Direito Processual Penal: conforme banca VUNESP para PP-SP. Padrão cobrado em provas de áreas policiais SP.
289,VUNESP,PC-SP,Direito Processual Penal,Perícias,"Sobre Perícias no inquérito policial, conforme CPP, assinale a correta:",Perícias pode ser realizado por qualquer pessoa do povo.,Perícias ocorre apenas com autorização judicial prévia.,Perícias dispensa laudo pericial.,Perícias exige preservação da cadeia de custódia sob pena de nulidade da prova.,Perícias tem prazo de 5 dias improrrogável.,C,Gabarito C. Perícias em Direito Processual Penal: conforme banca VUNESP para PC-SP. Entendimento pacificado nos tribunais superiores.
290,VUNESP,PC-SP,Direito Processual Penal,Ação penal,"Sobre Ação penal, na cadeia de custódia, é correto afirmar:",Ação penal pode ser realizado por qualquer pessoa do povo.,Ação penal dispensa laudo pericial.,Ação penal exige preservação da cadeia de custódia sob pena de nulidade da prova.,Ação penal ocorre apenas com autorização judicial prévia.,Ação penal tem prazo de 5 dias improrrogável.,B,Gabarito B. Ação penal em Direito Processual Penal: conforme banca VUNESP para PC-SP. Padrão cobrado em provas de áreas policiais SP.
291,FGV,PP-SP,Direito Processual Penal,Inquérito policial,"No que tange a Inquérito policial, conforme art. 158 do CPP e pacote anticrime, assinale:",Inquérito policial pode ser realizado por qualquer pessoa do povo.,Inquérito policial tem prazo de 5 dias improrrogável.,Inquérito policial exige preservação da cadeia de custódia sob pena de nulidade da prova.,Inquérito policial dispensa laudo pericial.,Inquérito policial ocorre apenas com autorização judicial prévia.,B,Gabarito B. Inquérito policial em Direito Processual Penal: conforme banca FGV para PP-SP. Doutrina majoritária e jurisprudência atual.
292,FGV,PP-SP,Direito Processual Penal,Prisão em flagrante,"Sobre Prisão em flagrante no inquérito policial, conforme CPP, assinale a correta:",Prisão em flagrante ocorre apenas com autorização judicial prévia.,Prisão em flagrante exige preservação da cadeia de custódia sob pena de nulidade da prova.,Prisão em flagrante tem prazo de 5 dias improrrogável.,Prisão em flagrante pode ser realizado por qualquer pessoa do povo.,Prisão em flagrante dispensa laudo pericial.,C,Gabarito C. Prisão em flagrante em Direito Processual Penal: conforme banca FGV para PP-SP. Entendimento pacificado nos tribunais superiores.
293,VUNESP,PC-SP,Direito Processual Penal,Ação penal,"Sobre Ação penal, na cadeia de custódia, é correto afirmar:",Ação penal dispensa laudo pericial.,Ação penal pode ser realizado por qualquer pessoa do povo.,Ação penal tem prazo de 5 dias improrrogável.,Ação penal exige preservação da cadeia de custódia sob pena de nulidade da prova.,Ação penal ocorre apenas com autorização judicial prévia.,A,Gabarito A. Ação penal em Direito Processual Penal: conforme banca VUNESP para PC-SP. Doutrina majoritária e jurisprudência atual.
294,VUNESP,PP-SP,Direito Processual Penal,Provas,"No que tange a Provas, conforme art. 158 do CPP e pacote anticrime, assinale:",Provas exige preservação da cadeia de custódia sob pena de nulidade da prova.,Provas tem prazo de 5 dias improrrogável.,Provas dispensa laudo pericial.,Provas ocorre apenas com autorização judicial prévia.,Provas pode ser realizado por qualquer pessoa do povo.,B,Gabarito B. Provas em Direito Processual Penal: conforme banca VUNESP para PP-SP. Padrão cobrado em provas de áreas policiais SP.
295,VUNESP,PC-SP,Direito Processual Penal,Perícias,"Sobre Perícias no inquérito policial, conforme CPP, assinale a correta:",Perícias pode ser realizado por qualquer pessoa do povo.,Perícias ocorre apenas com autorização judicial prévia.,Perícias tem prazo de 5 dias improrrogável.,Perícias dispensa laudo pericial.,Perícias exige preservação da cadeia de custódia sob pena de nulidade da prova.,B,Gabarito B. Perícias em Direito Processual Penal: conforme banca VUNESP para PC-SP. Conforme manual e legislação específica.
296,FCC,PP-SP,Direito Processual Penal,Provas,"Sobre Provas, na cadeia de custódia, é correto afirmar:",Provas pode ser realizado por qualquer pessoa do povo.,Provas tem prazo de 5 dias improrrogável.,Provas dispensa laudo pericial.,Provas exige preservação da cadeia de custódia sob pena de nulidade da prova.,Provas ocorre apenas com autorização judicial prévia.,B,Gabarito B. Provas em Direito Processual Penal: conforme banca FCC para PP-SP. Doutrina majoritária e jurisprudência atual.
297,VUNESP,PC-SP,Direito Processual Penal,Cadeia de custódia,"Em relação a Cadeia de custódia, para escrivão de polícia, é correto:",Cadeia de custódia ocorre apenas com autorização judicial prévia.,Cadeia de custódia exige preservação da cadeia de custódia sob pena de nulidade da prova.,Cadeia de custódia pode ser realizado por qualquer pessoa do povo.,Cadeia de custódia dispensa laudo pericial.,Cadeia de custódia tem prazo de 5 dias improrrogável.,B,Gabarito B. Cadeia de custódia em Direito Processual Penal: conforme banca VUNESP para PC-SP. Conforme manual e legislação específica.
298,VUNESP,PC-SP,Direito Processual Penal,Ação penal,"Em relação a Ação penal, para escrivão de polícia, é correto:",Ação penal dispensa laudo pericial.,Ação penal pode ser realizado por qualquer pessoa do povo.,Ação penal tem prazo de 5 dias improrrogável.,Ação penal ocorre apenas com autorização judicial prévia.,Ação penal exige preservação da cadeia de custódia sob pena de nulidade da prova.,A,Gabarito A. Ação penal em Direito Processual Penal: conforme banca VUNESP para PC-SP. Doutrina majoritária e jurisprudência atual.
299,FGV,PC-SP,Direito Processual Penal,Cadeia de custódia,"Sobre Cadeia de custódia no inquérito policial, conforme CPP, assinale a correta:",Cadeia de custódia ocorre apenas com autorização judicial prévia.,Cadeia de custódia tem prazo de 5 dias improrrogável.,Cadeia de custódia dispensa laudo pericial.,Cadeia de custódia pode ser realizado por qualquer pessoa do povo.,Cadeia de custódia exige preservação da cadeia de custódia sob pena de nulidade da prova.,C,Gabarito C. Cadeia de custódia em Direito Processual Penal: conforme banca FGV para PC-SP. Conforme manual e legislação específica.
300,FGV,PP-SP,Direito Processual Penal,Cadeia de custódia,"Em relação a Cadeia de custódia, para escrivão de polícia, é correto:",Cadeia de custódia exige preservação da cadeia de custódia sob pena de nulidade da prova.,Cadeia de custódia ocorre apenas com autorização judicial prévia.,Cadeia de custódia tem prazo de 5 dias improrrogável.,Cadeia de custódia pode ser realizado por qualquer pessoa do povo.,Cadeia de custódia dispensa laudo pericial.,B,Gabarito B. Cadeia de custódia em Direito Processual Penal: conforme banca FGV para PP-SP. Doutrina majoritária e jurisprudência atual.
301,FCC,PP-SP,Direito Processual Penal,Cadeia de custódia,"Sobre Cadeia de custódia no inquérito policial, conforme CPP, assinale a correta:",Cadeia de custódia ocorre apenas com autorização judicial prévia.,Cadeia de custódia tem prazo de 5 dias improrrogável.,Cadeia de custódia pode ser realizado por qualquer pessoa do povo.,Cadeia de custódia exige preservação da cadeia de custódia sob pena de nulidade da prova.,Cadeia de custódia dispensa laudo pericial.,A,Gabarito A. Cadeia de custódia em Direito Processual Penal: conforme banca FCC para PP-SP. Entendimento pacificado nos tribunais superiores.
302,FCC,PC-SP,Direito Processual Penal,Inquérito policial,"No que tange a Inquérito policial, conforme art. 158 do CPP e pacote anticrime, assinale:",Inquérito policial tem prazo de 5 dias improrrogável.,Inquérito policial ocorre apenas com autorização judicial prévia.,Inquérito policial exige preservação da cadeia de custódia sob pena de nulidade da prova.,Inquérito policial dispensa laudo pericial.,Inquérito policial pode ser realizado por qualquer pessoa do povo.,C,Gabarito C. Inquérito policial em Direito Processual Penal: conforme banca FCC para PC-SP. Doutrina majoritária e jurisprudência atual.
303,VUNESP,PC-SP,Direito Processual Penal,Inquérito policial,"Sobre Inquérito policial no inquérito policial, conforme CPP, assinale a correta:",Inquérito policial tem prazo de 5 dias improrrogável.,Inquérito policial exige preservação da cadeia de custódia sob pena de nulidade da prova.,Inquérito policial pode ser realizado por qualquer pessoa do povo.,Inquérito policial dispensa laudo pericial.,Inquérito policial ocorre apenas com autorização judicial prévia.,C,Gabarito C. Inquérito policial em Direito Processual Penal: conforme banca VUNESP para PC-SP. Doutrina majoritária e jurisprudência atual.
304,FGV,PP-SP,Direito Processual Penal,Provas,"Em relação a Provas, para escrivão de polícia, é correto:",Provas exige preservação da cadeia de custódia sob pena de nulidade da prova.,Provas tem prazo de 5 dias improrrogável.,Provas ocorre apenas com autorização judicial prévia.,Provas pode ser realizado por qualquer pessoa do povo.,Provas dispensa laudo pericial.,B,Gabarito B. Provas em Direito Processual Penal: conforme banca FGV para PP-SP. Doutrina majoritária e jurisprudência atual.
305,FCC,PC-SP,Direito Processual Penal,Provas,"Sobre Provas no inquérito policial, conforme CPP, assinale a correta:",Provas ocorre apenas com autorização judicial prévia.,Provas exige preservação da cadeia de custódia sob pena de nulidade da prova.,Provas dispensa laudo pericial.,Provas tem prazo de 5 dias improrrogável.,Provas pode ser realizado por qualquer pessoa do povo.,C,Gabarito C. Provas em Direito Processual Penal: conforme banca FCC para PC-SP. Doutrina majoritária e jurisprudência atual.
306,FCC,PP-SP,Direito Processual Penal,Perícias,"No que tange a Perícias, conforme art. 158 do CPP e pacote anticrime, assinale:",Perícias dispensa laudo pericial.,Perícias pode ser realizado por qualquer pessoa do povo.,Perícias tem prazo de 5 dias improrrogável.,Perícias ocorre apenas com autorização judicial prévia.,Perícias exige preservação da cadeia de custódia sob pena de nulidade da prova.,C,Gabarito C. Perícias em Direito Processual Penal: conforme banca FCC para PP-SP. Entendimento pacificado nos tribunais superiores.
307,FCC,PC-SP,Direito Processual Penal,Provas,"Sobre Provas, na cadeia de custódia, é correto afirmar:",Provas pode ser realizado por qualquer pessoa do povo.,Provas tem prazo de 5 dias improrrogável.,Provas exige preservação da cadeia de custódia sob pena de nulidade da prova.,Provas ocorre apenas com autorização judicial prévia.,Provas dispensa laudo pericial.,C,Gabarito C. Provas em Direito Processual Penal: conforme banca FCC para PC-SP. Doutrina majoritária e jurisprudência atual.
308,VUNESP,PC-SP,Direito Processual Penal,Perícias,"No que tange a Perícias, conforme art. 158 do CPP e pacote anticrime, assinale:",Perícias ocorre apenas com autorização judicial prévia.,Perícias pode ser realizado por qualquer pessoa do povo.,Perícias tem prazo de 5 dias improrrogável.,Perícias dispensa laudo pericial.,Perícias exige preservação da cadeia de custódia sob pena de nulidade da prova.,B,Gabarito B. Perícias em Direito Processual Penal: conforme banca VUNESP para PC-SP. Doutrina majoritária e jurisprudência atual.
309,FGV,PC-SP,Direito Processual Penal,Prisão em flagrante,"Sobre Prisão em flagrante, na cadeia de custódia, é correto afirmar:",Prisão em flagrante dispensa laudo pericial.,Prisão em flagrante pode ser realizado por qualquer pessoa do povo.,Prisão em flagrante tem prazo de 5 dias improrrogável.,Prisão em flagrante exige preservação da cadeia de custódia sob pena de nulidade da prova.,Prisão em flagrante ocorre apenas com autorização judicial prévia.,B,Gabarito B. Prisão em flagrante em Direito Processual Penal: conforme banca FGV para PC-SP. Doutrina majoritária e jurisprudência atual.
310,FGV,PP-SP,Direito Processual Penal,Prisão em flagrante,"No que tange a Prisão em flagrante, conforme art. 158 do CPP e pacote anticrime, assinale:",Prisão em flagrante pode ser realizado por qualquer pessoa do povo.,Prisão em flagrante tem prazo de 5 dias improrrogável.,Prisão em flagrante dispensa laudo pericial.,Prisão em flagrante exige preservação da cadeia de custódia sob pena de nulidade da prova.,Prisão em flagrante ocorre apenas com autorização judicial prévia.,A,Gabarito A. Prisão em flagrante em Direito Processual Penal: conforme banca FGV para PP-SP. Padrão cobrado em provas de áreas policiais SP.
311,FCC,PC-SP,Direito Processual Penal,Ação penal,"Sobre Ação penal no inquérito policial, conforme CPP, assinale a correta:",Ação penal dispensa laudo pericial.,Ação penal tem prazo de 5 dias improrrogável.,Ação penal exige preservação da cadeia de custódia sob pena de nulidade da prova.,Ação penal pode ser realizado por qualquer pessoa do povo.,Ação penal ocorre apenas com autorização judicial prévia.,B,Gabarito B. Ação penal em Direito Processual Penal: conforme banca FCC para PC-SP. Entendimento pacificado nos tribunais superiores.
312,FGV,PP-SP,Direito Processual Penal,Perícias,"No que tange a Perícias, conforme art. 158 do CPP e pacote anticrime, assinale:",Perícias pode ser realizado por qualquer pessoa do povo.,Perícias tem prazo de 5 dias improrrogável.,Perícias exige preservação da cadeia de custódia sob pena de nulidade da prova.,Perícias dispensa laudo pericial.,Perícias ocorre apenas com autorização judicial prévia.,C,Gabarito C. Perícias em Direito Processual Penal: conforme banca FGV para PP-SP. Padrão cobrado em provas de áreas policiais SP.
313,VUNESP,PC-SP,Direito Processual Penal,Provas,"Sobre Provas no inquérito policial, conforme CPP, assinale a correta:",Provas exige preservação da cadeia de custódia sob pena de nulidade da prova.,Provas dispensa laudo pericial.,Provas tem prazo de 5 dias improrrogável.,Provas ocorre apenas com autorização judicial prévia.,Provas pode ser realizado por qualquer pessoa do povo.,C,Gabarito C. Provas em Direito Processual Penal: conforme banca VUNESP para PC-SP. Doutrina majoritária e jurisprudência atual.
314,FCC,PC-SP,Direito Processual Penal,Provas,"Sobre Provas, na cadeia de custódia, é correto afirmar:",Provas tem prazo de 5 dias improrrogável.,Provas exige preservação da cadeia de custódia sob pena de nulidade da prova.,Provas pode ser realizado por qualquer pessoa do povo.,Provas ocorre apenas com autorização judicial prévia.,Provas dispensa laudo pericial.,B,Gabarito B. Provas em Direito Processual Penal: conforme banca FCC para PC-SP. Padrão cobrado em provas de áreas policiais SP.
315,FCC,PC-SP,Direito Processual Penal,Ação penal,"Em relação a Ação penal, para escrivão de polícia, é correto:",Ação penal ocorre apenas com autorização judicial prévia.,Ação penal tem prazo de 5 dias improrrogável.,Ação penal exige preservação da cadeia de custódia sob pena de nulidade da prova.,Ação penal pode ser realizado por qualquer pessoa do povo.,Ação penal dispensa laudo pericial.,B,Gabarito B. Ação penal em Direito Processual Penal: conforme banca FCC para PC-SP. Conforme manual e legislação específica.
316,VUNESP,PP-SP,Direito Processual Penal,Provas,"No que tange a Provas, conforme art. 158 do CPP e pacote anticrime, assinale:",Provas ocorre apenas com autorização judicial prévia.,Provas dispensa laudo pericial.,Provas tem prazo de 5 dias improrrogável.,Provas exige preservação da cadeia de custódia sob pena de nulidade da prova.,Provas pode ser realizado por qualquer pessoa do povo.,A,Gabarito A. Provas em Direito Processual Penal: conforme banca VUNESP para PP-SP. Padrão cobrado em provas de áreas policiais SP.
317,FCC,PC-SP,Direito Processual Penal,Inquérito policial,"Em relação a Inquérito policial, para escrivão de polícia, é correto:",Inquérito policial pode ser realizado por qualquer pessoa do povo.,Inquérito policial dispensa laudo pericial.,Inquérito policial ocorre apenas com autorização judicial prévia.,Inquérito policial tem prazo de 5 dias improrrogável.,Inquérito policial exige preservação da cadeia de custódia sob pena de nulidade da prova.,C,Gabarito C. Inquérito policial em Direito Processual Penal: conforme banca FCC para PC-SP. Padrão cobrado em provas de áreas policiais SP.
318,FCC,PC-SP,Direito Processual Penal,Perícias,"No que tange a Perícias, conforme art. 158 do CPP e pacote anticrime, assinale:",Perícias pode ser realizado por qualquer pessoa do povo.,Perícias dispensa laudo pericial.,Perícias ocorre apenas com autorização judicial prévia.,Perícias tem prazo de 5 dias improrrogável.,Perícias exige preservação da cadeia de custódia sob pena de nulidade da prova.,C,Gabarito C. Perícias em Direito Processual Penal: conforme banca FCC para PC-SP. Padrão cobrado em provas de áreas policiais SP.
319,FCC,PC-SP,Direito Processual Penal,Inquérito policial,"Sobre Inquérito policial no inquérito policial, conforme CPP, assinale a correta:",Inquérito policial dispensa laudo pericial.,Inquérito policial pode ser realizado por qualquer pessoa do povo.,Inquérito policial tem prazo de 5 dias improrrogável.,Inquérito policial exige preservação da cadeia de custódia sob pena de nulidade da prova.,Inquérito policial ocorre apenas com autorização judicial prévia.,C,Gabarito C. Inquérito policial em Direito Processual Penal: conforme banca FCC para PC-SP. Conforme manual e legislação específica.
320,FCC,PP-SP,Direito Processual Penal,Inquérito policial,"Em relação a Inquérito policial, para escrivão de polícia, é correto:",Inquérito policial tem prazo de 5 dias improrrogável.,Inquérito policial ocorre apenas com autorização judicial prévia.,Inquérito policial exige preservação da cadeia de custódia sob pena de nulidade da prova.,Inquérito policial pode ser realizado por qualquer pessoa do povo.,Inquérito policial dispensa laudo pericial.,B,Gabarito B. Inquérito policial em Direito Processual Penal: conforme banca FCC para PP-SP. Conforme manual e legislação específica.
321,VUNESP,PC-SP,Direito Processual Penal,Prisão em flagrante,"No que tange a Prisão em flagrante, conforme art. 158 do CPP e pacote anticrime, assinale:",Prisão em flagrante exige preservação da cadeia de custódia sob pena de nulidade da prova.,Prisão em flagrante pode ser realizado por qualquer pessoa do povo.,Prisão em flagrante dispensa laudo pericial.,Prisão em flagrante tem prazo de 5 dias improrrogável.,Prisão em flagrante ocorre apenas com autorização judicial prévia.,B,Gabarito B. Prisão em flagrante em Direito Processual Penal: conforme banca VUNESP para PC-SP. Doutrina majoritária e jurisprudência atual.
322,FCC,PC-SP,Direito Processual Penal,Cadeia de custódia,"Sobre Cadeia de custódia, na cadeia de custódia, é correto afirmar:",Cadeia de custódia ocorre apenas com autorização judicial prévia.,Cadeia de custódia exige preservação da cadeia de custódia sob pena de nulidade da prova.,Cadeia de custódia dispensa laudo pericial.,Cadeia de custódia tem prazo de 5 dias improrrogável.,Cadeia de custódia pode ser realizado por qualquer pessoa do povo.,C,Gabarito C. Cadeia de custódia em Direito Processual Penal: conforme banca FCC para PC-SP. Entendimento pacificado nos tribunais superiores.
323,FGV,PP-SP,Direito Processual Penal,Perícias,"No que tange a Perícias, conforme art. 158 do CPP e pacote anticrime, assinale:",Perícias exige preservação da cadeia de custódia sob pena de nulidade da prova.,Perícias ocorre apenas com autorização judicial prévia.,Perícias pode ser realizado por qualquer pessoa do povo.,Perícias dispensa laudo pericial.,Perícias tem prazo de 5 dias improrrogável.,C,Gabarito C. Perícias em Direito Processual Penal: conforme banca FGV para PP-SP. Doutrina majoritária e jurisprudência atual.
324,FGV,PC-SP,Direito Processual Penal,Cadeia de custódia,"Sobre Cadeia de custódia no inquérito policial, conforme CPP, assinale a correta:",Cadeia de custódia ocorre apenas com autorização judicial prévia.,Cadeia de custódia tem prazo de 5 dias improrrogável.,Cadeia de custódia pode ser realizado por qualquer pessoa do povo.,Cadeia de custódia exige preservação da cadeia de custódia sob pena de nulidade da prova.,Cadeia de custódia dispensa laudo pericial.,A,Gabarito A. Cadeia de custódia em Direito Processual Penal: conforme banca FGV para PC-SP. Padrão cobrado em provas de áreas policiais SP.
325,VUNESP,PC-SP,Direito Processual Penal,Prisão em flagrante,"Em relação a Prisão em flagrante, para escrivão de polícia, é correto:",Prisão em flagrante tem prazo de 5 dias improrrogável.,Prisão em flagrante pode ser realizado por qualquer pessoa do povo.,Prisão em flagrante ocorre apenas com autorização judicial prévia.,Prisão em flagrante exige preservação da cadeia de custódia sob pena de nulidade da prova.,Prisão em flagrante dispensa laudo pericial.,B,Gabarito B. Prisão em flagrante em Direito Processual Penal: conforme banca VUNESP para PC-SP. Padrão cobrado em provas de áreas policiais SP.
326,VUNESP,PP-SP,Direito Processual Penal,Prisão em flagrante,"No que tange a Prisão em flagrante, conforme art. 158 do CPP e pacote anticrime, assinale:",Prisão em flagrante ocorre apenas com autorização judicial prévia.,Prisão em flagrante pode ser realizado por qualquer pessoa do povo.,Prisão em flagrante dispensa laudo pericial.,Prisão em flagrante exige preservação da cadeia de custódia sob pena de nulidade da prova.,Prisão em flagrante tem prazo de 5 dias improrrogável.,A,Gabarito A. Prisão em flagrante em Direito Processual Penal: conforme banca VUNESP para PP-SP. Padrão cobrado em provas de áreas policiais SP.
327,VUNESP,PP-SP,Direito Processual Penal,Provas,"No que tange a Provas, conforme art. 158 do CPP e pacote anticrime, assinale:",Provas tem prazo de 5 dias improrrogável.,Provas dispensa laudo pericial.,Provas exige preservação da cadeia de custódia sob pena de nulidade da prova.,Provas ocorre apenas com autorização judicial prévia.,Provas pode ser realizado por qualquer pessoa do povo.,B,Gabarito B. Provas em Direito Processual Penal: conforme banca VUNESP para PP-SP. Padrão cobrado em provas de áreas policiais SP.
328,VUNESP,PC-SP,Direito Processual Penal,Provas,"Sobre Provas, na cadeia de custódia, é correto afirmar:",Provas pode ser realizado por qualquer pessoa do povo.,Provas tem prazo de 5 dias improrrogável.,Provas ocorre apenas com autorização judicial prévia.,Provas dispensa laudo pericial.,Provas exige preservação da cadeia de custódia sob pena de nulidade da prova.,C,Gabarito C. Provas em Direito Processual Penal: conforme banca VUNESP para PC-SP. Entendimento pacificado nos tribunais superiores.
329,VUNESP,PP-SP,Direito Processual Penal,Ação penal,"Sobre Ação penal no inquérito policial, conforme CPP, assinale a correta:",Ação penal ocorre apenas com autorização judicial prévia.,Ação penal tem prazo de 5 dias improrrogável.,Ação penal dispensa laudo pericial.,Ação penal pode ser realizado por qualquer pessoa do povo.,Ação penal exige preservação da cadeia de custódia sob pena de nulidade da prova.,B,Gabarito B. Ação penal em Direito Processual Penal: conforme banca VUNESP para PP-SP. Entendimento pacificado nos tribunais superiores.
330,FCC,PP-SP,Direito Processual Penal,Inquérito policial,"Sobre Inquérito policial no inquérito policial, conforme CPP, assinale a correta:",Inquérito policial ocorre apenas com autorização judicial prévia.,Inquérito policial exige preservação da cadeia de custódia sob pena de nulidade da prova.,Inquérito policial pode ser realizado por qualquer pessoa do povo.,Inquérito policial tem prazo de 5 dias improrrogável.,Inquérito policial dispensa laudo pericial.,C,Gabarito C. Inquérito policial em Direito Processual Penal: conforme banca FCC para PP-SP. Conforme manual e legislação específica.
331,FCC,PP-SP,Direito Processual Penal,Ação penal,"Em relação a Ação penal, para escrivão de polícia, é correto:",Ação penal pode ser realizado por qualquer pessoa do povo.,Ação penal ocorre apenas com autorização judicial prévia.,Ação penal exige preservação da cadeia de custódia sob pena de nulidade da prova.,Ação penal dispensa laudo pericial.,Ação penal tem prazo de 5 dias improrrogável.,C,Gabarito C. Ação penal em Direito Processual Penal: conforme banca FCC para PP-SP. Entendimento pacificado nos tribunais superiores.
332,FGV,PP-SP,Direito Processual Penal,Ação penal,"Em relação a Ação penal, para escrivão de polícia, é correto:",Ação penal ocorre apenas com autorização judicial prévia.,Ação penal tem prazo de 5 dias improrrogável.,Ação penal dispensa laudo pericial.,Ação penal exige preservação da cadeia de custódia sob pena de nulidade da prova.,Ação penal pode ser realizado por qualquer pessoa do povo.,A,Gabarito A. Ação penal em Direito Processual Penal: conforme banca FGV para PP-SP. Doutrina majoritária e jurisprudência atual.
333,FGV,PP-SP,Direito Processual Penal,Prisão em flagrante,"Em relação a Prisão em flagrante, para escrivão de polícia, é correto:",Prisão em flagrante dispensa laudo pericial.,Prisão em flagrante ocorre apenas com autorização judicial prévia.,Prisão em flagrante pode ser realizado por qualquer pessoa do povo.,Prisão em flagrante exige preservação da cadeia de custódia sob pena de nulidade da prova.,Prisão em flagrante tem prazo de 5 dias improrrogável.,B,Gabarito B. Prisão em flagrante em Direito Processual Penal: conforme banca FGV para PP-SP. Doutrina majoritária e jurisprudência atual.
334,FCC,PP-SP,Direito Processual Penal,Prisão em flagrante,"Em relação a Prisão em flagrante, para escrivão de polícia, é correto:",Prisão em flagrante ocorre apenas com autorização judicial prévia.,Prisão em flagrante tem prazo de 5 dias improrrogável.,Prisão em flagrante pode ser realizado por qualquer pessoa do povo.,Prisão em flagrante dispensa laudo pericial.,Prisão em flagrante exige preservação da cadeia de custódia sob pena de nulidade da prova.,B,Gabarito B. Prisão em flagrante em Direito Processual Penal: conforme banca FCC para PP-SP. Padrão cobrado em provas de áreas policiais SP.
335,FGV,PC-SP,Direito Processual Penal,Prisão em flagrante,"No que tange a Prisão em flagrante, conforme art. 158 do CPP e pacote anticrime, assinale:",Prisão em flagrante pode ser realizado por qualquer pessoa do povo.,Prisão em flagrante ocorre apenas com autorização judicial prévia.,Prisão em flagrante tem prazo de 5 dias improrrogável.,Prisão em flagrante exige preservação da cadeia de custódia sob pena de nulidade da prova.,Prisão em flagrante dispensa laudo pericial.,B,Gabarito B. Prisão em flagrante em Direito Processual Penal: conforme banca FGV para PC-SP. Conforme manual e legislação específica.
336,FGV,PP-SP,Direito Processual Penal,Perícias,"Em relação a Perícias, para escrivão de polícia, é correto:",Perícias exige preservação da cadeia de custódia sob pena de nulidade da prova.,Perícias dispensa laudo pericial.,Perícias pode ser realizado por qualquer pessoa do povo.,Perícias tem prazo de 5 dias improrrogável.,Perícias ocorre apenas com autorização judicial prévia.,A,Gabarito A. Perícias em Direito Processual Penal: conforme banca FGV para PP-SP. Conforme manual e legislação específica.
337,FCC,PC-SP,Direito Processual Penal,Inquérito policial,"Em relação a Inquérito policial, para escrivão de polícia, é correto:",Inquérito policial dispensa laudo pericial.,Inquérito policial pode ser realizado por qualquer pessoa do povo.,Inquérito policial tem prazo de 5 dias improrrogável.,Inquérito policial exige preservação da cadeia de custódia sob pena de nulidade da prova.,Inquérito policial ocorre apenas com autorização judicial prévia.,B,Gabarito B. Inquérito policial em Direito Processual Penal: conforme banca FCC para PC-SP. Entendimento pacificado nos tribunais superiores.
338,VUNESP,PC-SP,Direito Processual Penal,Cadeia de custódia,"No que tange a Cadeia de custódia, conforme art. 158 do CPP e pacote anticrime, assinale:",Cadeia de custódia tem prazo de 5 dias improrrogável.,Cadeia de custódia dispensa laudo pericial.,Cadeia de custódia exige preservação da cadeia de custódia sob pena de nulidade da prova.,Cadeia de custódia ocorre apenas com autorização judicial prévia.,Cadeia de custódia pode ser realizado por qualquer pessoa do povo.,A,Gabarito A. Cadeia de custódia em Direito Processual Penal: conforme banca VUNESP para PC-SP. Doutrina majoritária e jurisprudência atual.
339,FGV,PP-SP,Direito Processual Penal,Cadeia de custódia,"Sobre Cadeia de custódia no inquérito policial, conforme CPP, assinale a correta:",Cadeia de custódia exige preservação da cadeia de custódia sob pena de nulidade da prova.,Cadeia de custódia tem prazo de 5 dias improrrogável.,Cadeia de custódia dispensa laudo pericial.,Cadeia de custódia pode ser realizado por qualquer pessoa do povo.,Cadeia de custódia ocorre apenas com autorização judicial prévia.,C,Gabarito C. Cadeia de custódia em Direito Processual Penal: conforme banca FGV para PP-SP. Doutrina majoritária e jurisprudência atual.
340,FCC,PC-SP,Direito Processual Penal,Inquérito policial,"Em relação a Inquérito policial, para escrivão de polícia, é correto:",Inquérito policial exige preservação da cadeia de custódia sob pena de nulidade da prova.,Inquérito policial pode ser realizado por qualquer pessoa do povo.,Inquérito policial tem prazo de 5 dias improrrogável.,Inquérito policial dispensa laudo pericial.,Inquérito policial ocorre apenas com autorização judicial prévia.,B,Gabarito B. Inquérito policial em Direito Processual Penal: conforme banca FCC para PC-SP. Padrão cobrado em provas de áreas policiais SP.
341,VUNESP,PP-SP,Direito Processual Penal,Inquérito policial,"Sobre Inquérito policial, na cadeia de custódia, é correto afirmar:",Inquérito policial dispensa laudo pericial.,Inquérito policial ocorre apenas com autorização judicial prévia.,Inquérito policial tem prazo de 5 dias improrrogável.,Inquérito policial exige preservação da cadeia de custódia sob pena de nulidade da prova.,Inquérito policial pode ser realizado por qualquer pessoa do povo.,C,Gabarito C. Inquérito policial em Direito Processual Penal: conforme banca VUNESP para PP-SP. Doutrina majoritária e jurisprudência atual.
342,FGV,PP-SP,Direito Processual Penal,Cadeia de custódia,"Em relação a Cadeia de custódia, para escrivão de polícia, é correto:",Cadeia de custódia pode ser realizado por qualquer pessoa do povo.,Cadeia de custódia dispensa laudo pericial.,Cadeia de custódia ocorre apenas com autorização judicial prévia.,Cadeia de custódia tem prazo de 5 dias improrrogável.,Cadeia de custódia exige preservação da cadeia de custódia sob pena de nulidade da prova.,B,Gabarito B. Cadeia de custódia em Direito Processual Penal: conforme banca FGV para PP-SP. Doutrina majoritária e jurisprudência atual.
343,VUNESP,PP-SP,Direito Processual Penal,Perícias,"Sobre Perícias, na cadeia de custódia, é correto afirmar:",Perícias exige preservação da cadeia de custódia sob pena de nulidade da prova.,Perícias pode ser realizado por qualquer pessoa do povo.,Perícias dispensa laudo pericial.,Perícias tem prazo de 5 dias improrrogável.,Perícias ocorre apenas com autorização judicial prévia.,B,Gabarito B. Perícias em Direito Processual Penal: conforme banca VUNESP para PP-SP. Conforme manual e legislação específica.
344,FCC,PP-SP,Direito Processual Penal,Prisão em flagrante,"No que tange a Prisão em flagrante, conforme art. 158 do CPP e pacote anticrime, assinale:",Prisão em flagrante dispensa laudo pericial.,Prisão em flagrante tem prazo de 5 dias improrrogável.,Prisão em flagrante exige preservação da cadeia de custódia sob pena de nulidade da prova.,Prisão em flagrante ocorre apenas com autorização judicial prévia.,Prisão em flagrante pode ser realizado por qualquer pessoa do povo.,C,Gabarito C. Prisão em flagrante em Direito Processual Penal: conforme banca FCC para PP-SP. Conforme manual e legislação específica.
345,VUNESP,PP-SP,Direito Processual Penal,Cadeia de custódia,"Sobre Cadeia de custódia no inquérito policial, conforme CPP, assinale a correta:",Cadeia de custódia dispensa laudo pericial.,Cadeia de custódia tem prazo de 5 dias improrrogável.,Cadeia de custódia ocorre apenas com autorização judicial prévia.,Cadeia de custódia exige preservação da cadeia de custódia sob pena de nulidade da prova.,Cadeia de custódia pode ser realizado por qualquer pessoa do povo.,A,Gabarito A. Cadeia de custódia em Direito Processual Penal: conforme banca VUNESP para PP-SP. Conforme manual e legislação específica.
346,VUNESP,PC-SP,Direito Processual Penal,Provas,"Sobre Provas, na cadeia de custódia, é correto afirmar:",Provas exige preservação da cadeia de custódia sob pena de nulidade da prova.,Provas pode ser realizado por qualquer pessoa do povo.,Provas dispensa laudo pericial.,Provas ocorre apenas com autorização judicial prévia.,Provas tem prazo de 5 dias improrrogável.,A,Gabarito A. Provas em Direito Processual Penal: conforme banca VUNESP para PC-SP. Padrão cobrado em provas de áreas policiais SP.
347,FCC,PC-SP,Direito Processual Penal,Perícias,"Sobre Perícias, na cadeia de custódia, é correto afirmar:",Perícias dispensa laudo pericial.,Perícias ocorre apenas com autorização judicial prévia.,Perícias tem prazo de 5 dias improrrogável.,Perícias pode ser realizado por qualquer pessoa do povo.,Perícias exige preservação da cadeia de custódia sob pena de nulidade da prova.,C,Gabarito C. Perícias em Direito Processual Penal: conforme banca FCC para PC-SP. Padrão cobrado em provas de áreas policiais SP.
348,VUNESP,PC-SP,Direito Processual Penal,Prisão em flagrante,"Sobre Prisão em flagrante no inquérito policial, conforme CPP, assinale a correta:",Prisão em flagrante tem prazo de 5 dias improrrogável.,Prisão em flagrante pode ser realizado por qualquer pessoa do povo.,Prisão em flagrante dispensa laudo pericial.,Prisão em flagrante exige preservação da cadeia de custódia sob pena de nulidade da prova.,Prisão em flagrante ocorre apenas com autorização judicial prévia.,C,Gabarito C. Prisão em flagrante em Direito Processual Penal: conforme banca VUNESP para PC-SP. Padrão cobrado em provas de áreas policiais SP.
349,FCC,PP-SP,Direito Processual Penal,Provas,"Sobre Provas no inquérito policial, conforme CPP, assinale a correta:",Provas tem prazo de 5 dias improrrogável.,Provas pode ser realizado por qualquer pessoa do povo.,Provas dispensa laudo pericial.,Provas ocorre apenas com autorização judicial prévia.,Provas exige preservação da cadeia de custódia sob pena de nulidade da prova.,A,Gabarito A. Provas em Direito Processual Penal: conforme banca FCC para PP-SP. Entendimento pacificado nos tribunais superiores.
350,FGV,PP-SP,Direito Processual Penal,Cadeia de custódia,"Sobre Cadeia de custódia no inquérito policial, conforme CPP, assinale a correta:",Cadeia de custódia dispensa laudo pericial.,Cadeia de custódia pode ser realizado por qualquer pessoa do povo.,Cadeia de custódia exige preservação da cadeia de custódia sob pena de nulidade da prova.,Cadeia de custódia ocorre apenas com autorização judicial prévia.,Cadeia de custódia tem prazo de 5 dias improrrogável.,C,Gabarito C. Cadeia de custódia em Direito Processual Penal: conforme banca FGV para PP-SP. Padrão cobrado em provas de áreas policiais SP.
351,FGV,PC-SP,Direito Processual Penal,Provas,"Sobre Provas no inquérito policial, conforme CPP, assinale a correta:",Provas ocorre apenas com autorização judicial prévia.,Provas dispensa laudo pericial.,Provas pode ser realizado por qualquer pessoa do povo.,Provas exige preservação da cadeia de custódia sob pena de nulidade da prova.,Provas tem prazo de 5 dias improrrogável.,C,Gabarito C. Provas em Direito Processual Penal: conforme banca FGV para PC-SP. Entendimento pacificado nos tribunais superiores.
352,FGV,PP-SP,Direito Processual Penal,Perícias,"Sobre Perícias, na cadeia de custódia, é correto afirmar:",Perícias tem prazo de 5 dias improrrogável.,Perícias dispensa laudo pericial.,Perícias ocorre apenas com autorização judicial prévia.,Perícias pode ser realizado por qualquer pessoa do povo.,Perícias exige preservação da cadeia de custódia sob pena de nulidade da prova.,C,Gabarito C. Perícias em Direito Processual Penal: conforme banca FGV para PP-SP. Conforme manual e legislação específica.
353,FGV,PM-SP,Noções de Criminologia,Teorias criminológicas,"Em Teorias criminológicas, conforme teoria do etiquetamento, assinale a correta:",Teorias criminológicas defende pena de morte como prevenção.,Teorias criminológicas desconsidera a vítima no processo.,"Teorias criminológicas foca apenas na punição, não na prevenção.",Teorias criminológicas é teoria que nega influência do meio.,"Teorias criminológicas explica crime como fenômeno social, não apenas individual.",B,Gabarito B. Teorias criminológicas em Noções de Criminologia: conforme banca FGV para PM-SP. Entendimento pacificado nos tribunais superiores.
354,FGV,PM-SP,Noções de Criminologia,Vitimologia,"Sobre Vitimologia, na criminologia aplicada à segurança pública, assinale:",Vitimologia desconsidera a vítima no processo.,Vitimologia é teoria que nega influência do meio.,Vitimologia defende pena de morte como prevenção.,"Vitimologia foca apenas na punição, não na prevenção.","Vitimologia explica crime como fenômeno social, não apenas individual.",C,Gabarito C. Vitimologia em Noções de Criminologia: conforme banca FGV para PM-SP. Entendimento pacificado nos tribunais superiores.
355,FGV,GCM-SP,Noções de Criminologia,Vitimologia,"Sobre Vitimologia, segundo a criminologia moderna para GCM-SP, é correto:",Vitimologia desconsidera a vítima no processo.,Vitimologia defende pena de morte como prevenção.,"Vitimologia explica crime como fenômeno social, não apenas individual.",Vitimologia é teoria que nega influência do meio.,"Vitimologia foca apenas na punição, não na prevenção.",C,Gabarito C. Vitimologia em Noções de Criminologia: conforme banca FGV para GCM-SP. Entendimento pacificado nos tribunais superiores.
356,VUNESP,PC-SP,Noções de Criminologia,Teorias criminológicas,"Quanto a Teorias criminológicas, na perspectiva da prevenção, é correto afirmar:","Teorias criminológicas foca apenas na punição, não na prevenção.",Teorias criminológicas desconsidera a vítima no processo.,"Teorias criminológicas explica crime como fenômeno social, não apenas individual.",Teorias criminológicas é teoria que nega influência do meio.,Teorias criminológicas defende pena de morte como prevenção.,C,Gabarito C. Teorias criminológicas em Noções de Criminologia: conforme banca VUNESP para PC-SP. Padrão cobrado em provas de áreas policiais SP.
357,VUNESP,PC-SP,Noções de Criminologia,Prevenção do crime,"Sobre Prevenção do crime, segundo a criminologia moderna para PC-SP, é correto:",Prevenção do crime desconsidera a vítima no processo.,Prevenção do crime defende pena de morte como prevenção.,"Prevenção do crime foca apenas na punição, não na prevenção.","Prevenção do crime explica crime como fenômeno social, não apenas individual.",Prevenção do crime é teoria que nega influência do meio.,B,Gabarito B. Prevenção do crime em Noções de Criminologia: conforme banca VUNESP para PC-SP. Entendimento pacificado nos tribunais superiores.
358,FGV,GCM-SP,Noções de Criminologia,Criminologia e segurança pública,"Sobre Criminologia e segurança pública, segundo a criminologia moderna para GCM-SP, é correto:",Criminologia e segurança pública defende pena de morte como prevenção.,Criminologia e segurança pública desconsidera a vítima no processo.,Criminologia e segurança pública é teoria que nega influência do meio.,"Criminologia e segurança pública foca apenas na punição, não na prevenção.","Criminologia e segurança pública explica crime como fenômeno social, não apenas individual.",A,Gabarito A. Criminologia e segurança pública em Noções de Criminologia: conforme banca FGV para GCM-SP. Conforme manual e legislação específica.
359,FGV,GCM-SP,Noções de Criminologia,Prevenção do crime,"Quanto a Prevenção do crime, na perspectiva da prevenção, é correto afirmar:",Prevenção do crime defende pena de morte como prevenção.,"Prevenção do crime explica crime como fenômeno social, não apenas individual.",Prevenção do crime é teoria que nega influência do meio.,"Prevenção do crime foca apenas na punição, não na prevenção.",Prevenção do crime desconsidera a vítima no processo.,B,Gabarito B. Prevenção do crime em Noções de Criminologia: conforme banca FGV para GCM-SP. Doutrina majoritária e jurisprudência atual.
360,VUNESP,PC-SP,Noções de Criminologia,Criminologia e segurança pública,"Em Criminologia e segurança pública, conforme teoria do etiquetamento, assinale a correta:",Criminologia e segurança pública é teoria que nega influência do meio.,"Criminologia e segurança pública explica crime como fenômeno social, não apenas individual.",Criminologia e segurança pública desconsidera a vítima no processo.,Criminologia e segurança pública defende pena de morte como prevenção.,"Criminologia e segurança pública foca apenas na punição, não na prevenção.",B,Gabarito B. Criminologia e segurança pública em Noções de Criminologia: conforme banca VUNESP para PC-SP. Conforme manual e legislação específica.
361,VUNESP,GCM-SP,Noções de Criminologia,Etiquetamento,"Sobre Etiquetamento, segundo a criminologia moderna para GCM-SP, é correto:",Etiquetamento defende pena de morte como prevenção.,"Etiquetamento explica crime como fenômeno social, não apenas individual.",Etiquetamento desconsidera a vítima no processo.,"Etiquetamento foca apenas na punição, não na prevenção.",Etiquetamento é teoria que nega influência do meio.,A,Gabarito A. Etiquetamento em Noções de Criminologia: conforme banca VUNESP para GCM-SP. Doutrina majoritária e jurisprudência atual.
362,FGV,GCM-SP,Noções de Criminologia,Prevenção do crime,"Quanto a Prevenção do crime, na perspectiva da prevenção, é correto afirmar:","Prevenção do crime explica crime como fenômeno social, não apenas individual.",Prevenção do crime defende pena de morte como prevenção.,"Prevenção do crime foca apenas na punição, não na prevenção.",Prevenção do crime é teoria que nega influência do meio.,Prevenção do crime desconsidera a vítima no processo.,C,Gabarito C. Prevenção do crime em Noções de Criminologia: conforme banca FGV para GCM-SP. Entendimento pacificado nos tribunais superiores.
363,FGV,PM-SP,Noções de Criminologia,Prevenção do crime,"Sobre Prevenção do crime, na criminologia aplicada à segurança pública, assinale:",Prevenção do crime desconsidera a vítima no processo.,"Prevenção do crime foca apenas na punição, não na prevenção.",Prevenção do crime é teoria que nega influência do meio.,"Prevenção do crime explica crime como fenômeno social, não apenas individual.",Prevenção do crime defende pena de morte como prevenção.,A,Gabarito A. Prevenção do crime em Noções de Criminologia: conforme banca FGV para PM-SP. Entendimento pacificado nos tribunais superiores.
364,VUNESP,PM-SP,Noções de Criminologia,Vitimologia,"Sobre Vitimologia, segundo a criminologia moderna para PM-SP, é correto:","Vitimologia explica crime como fenômeno social, não apenas individual.","Vitimologia foca apenas na punição, não na prevenção.",Vitimologia é teoria que nega influência do meio.,Vitimologia defende pena de morte como prevenção.,Vitimologia desconsidera a vítima no processo.,B,Gabarito B. Vitimologia em Noções de Criminologia: conforme banca VUNESP para PM-SP. Entendimento pacificado nos tribunais superiores.
365,FGV,PC-SP,Noções de Criminologia,Escolas criminológicas,"Em Escolas criminológicas, conforme teoria do etiquetamento, assinale a correta:",Escolas criminológicas desconsidera a vítima no processo.,Escolas criminológicas é teoria que nega influência do meio.,"Escolas criminológicas explica crime como fenômeno social, não apenas individual.","Escolas criminológicas foca apenas na punição, não na prevenção.",Escolas criminológicas defende pena de morte como prevenção.,B,Gabarito B. Escolas criminológicas em Noções de Criminologia: conforme banca FGV para PC-SP. Padrão cobrado em provas de áreas policiais SP.
366,VUNESP,GCM-SP,Noções de Criminologia,Escolas criminológicas,"Sobre Escolas criminológicas, na criminologia aplicada à segurança pública, assinale:","Escolas criminológicas explica crime como fenômeno social, não apenas individual.",Escolas criminológicas é teoria que nega influência do meio.,"Escolas criminológicas foca apenas na punição, não na prevenção.",Escolas criminológicas defende pena de morte como prevenção.,Escolas criminológicas desconsidera a vítima no processo.,C,Gabarito C. Escolas criminológicas em Noções de Criminologia: conforme banca VUNESP para GCM-SP. Doutrina majoritária e jurisprudência atual.
367,VUNESP,PM-SP,Noções de Criminologia,Etiquetamento,"Em Etiquetamento, conforme teoria do etiquetamento, assinale a correta:","Etiquetamento explica crime como fenômeno social, não apenas individual.","Etiquetamento foca apenas na punição, não na prevenção.",Etiquetamento desconsidera a vítima no processo.,Etiquetamento é teoria que nega influência do meio.,Etiquetamento defende pena de morte como prevenção.,A,Gabarito A. Etiquetamento em Noções de Criminologia: conforme banca VUNESP para PM-SP. Entendimento pacificado nos tribunais superiores.
368,VUNESP,PM-SP,Noções de Criminologia,Prevenção do crime,"Sobre Prevenção do crime, segundo a criminologia moderna para PM-SP, é correto:","Prevenção do crime explica crime como fenômeno social, não apenas individual.",Prevenção do crime defende pena de morte como prevenção.,Prevenção do crime desconsidera a vítima no processo.,"Prevenção do crime foca apenas na punição, não na prevenção.",Prevenção do crime é teoria que nega influência do meio.,A,Gabarito A. Prevenção do crime em Noções de Criminologia: conforme banca VUNESP para PM-SP. Padrão cobrado em provas de áreas policiais SP.
369,FGV,GCM-SP,Noções de Criminologia,Escolas criminológicas,"Sobre Escolas criminológicas, segundo a criminologia moderna para GCM-SP, é correto:",Escolas criminológicas é teoria que nega influência do meio.,Escolas criminológicas defende pena de morte como prevenção.,"Escolas criminológicas explica crime como fenômeno social, não apenas individual.",Escolas criminológicas desconsidera a vítima no processo.,"Escolas criminológicas foca apenas na punição, não na prevenção.",C,Gabarito C. Escolas criminológicas em Noções de Criminologia: conforme banca FGV para GCM-SP. Entendimento pacificado nos tribunais superiores.
370,FGV,GCM-SP,Noções de Criminologia,Vitimologia,"Quanto a Vitimologia, na perspectiva da prevenção, é correto afirmar:",Vitimologia desconsidera a vítima no processo.,Vitimologia defende pena de morte como prevenção.,"Vitimologia foca apenas na punição, não na prevenção.","Vitimologia explica crime como fenômeno social, não apenas individual.",Vitimologia é teoria que nega influência do meio.,A,Gabarito A. Vitimologia em Noções de Criminologia: conforme banca FGV para GCM-SP. Doutrina majoritária e jurisprudência atual.
371,VUNESP,GCM-SP,Noções de Criminologia,Criminologia e segurança pública,"Sobre Criminologia e segurança pública, segundo a criminologia moderna para GCM-SP, é correto:",Criminologia e segurança pública defende pena de morte como prevenção.,"Criminologia e segurança pública explica crime como fenômeno social, não apenas individual.","Criminologia e segurança pública foca apenas na punição, não na prevenção.",Criminologia e segurança pública desconsidera a vítima no processo.,Criminologia e segurança pública é teoria que nega influência do meio.,C,Gabarito C. Criminologia e segurança pública em Noções de Criminologia: conforme banca VUNESP para GCM-SP. Padrão cobrado em provas de áreas policiais SP.
372,FGV,PM-SP,Noções de Criminologia,Prevenção do crime,"Sobre Prevenção do crime, na criminologia aplicada à segurança pública, assinale:",Prevenção do crime defende pena de morte como prevenção.,"Prevenção do crime explica crime como fenômeno social, não apenas individual.",Prevenção do crime é teoria que nega influência do meio.,Prevenção do crime desconsidera a vítima no processo.,"Prevenção do crime foca apenas na punição, não na prevenção.",B,Gabarito B. Prevenção do crime em Noções de Criminologia: conforme banca FGV para PM-SP. Conforme manual e legislação específica.
373,VUNESP,PM-SP,Noções de Criminologia,Vitimologia,"Sobre Vitimologia, segundo a criminologia moderna para PM-SP, é correto:",Vitimologia desconsidera a vítima no processo.,Vitimologia defende pena de morte como prevenção.,"Vitimologia foca apenas na punição, não na prevenção.",Vitimologia é teoria que nega influência do meio.,"Vitimologia explica crime como fenômeno social, não apenas individual.",C,Gabarito C. Vitimologia em Noções de Criminologia: conforme banca VUNESP para PM-SP. Padrão cobrado em provas de áreas policiais SP.
374,VUNESP,PC-SP,Noções de Criminologia,Criminologia e segurança pública,"Sobre Criminologia e segurança pública, na criminologia aplicada à segurança pública, assinale:","Criminologia e segurança pública explica crime como fenômeno social, não apenas individual.",Criminologia e segurança pública desconsidera a vítima no processo.,"Criminologia e segurança pública foca apenas na punição, não na prevenção.",Criminologia e segurança pública defende pena de morte como prevenção.,Criminologia e segurança pública é teoria que nega influência do meio.,C,Gabarito C. Criminologia e segurança pública em Noções de Criminologia: conforme banca VUNESP para PC-SP. Doutrina majoritária e jurisprudência atual.
375,VUNESP,GCM-SP,Noções de Criminologia,Teorias criminológicas,"Quanto a Teorias criminológicas, na perspectiva da prevenção, é correto afirmar:","Teorias criminológicas foca apenas na punição, não na prevenção.",Teorias criminológicas defende pena de morte como prevenção.,Teorias criminológicas é teoria que nega influência do meio.,Teorias criminológicas desconsidera a vítima no processo.,"Teorias criminológicas explica crime como fenômeno social, não apenas individual.",B,Gabarito B. Teorias criminológicas em Noções de Criminologia: conforme banca VUNESP para GCM-SP. Doutrina majoritária e jurisprudência atual.
376,VUNESP,PC-SP,Noções de Criminologia,Escolas criminológicas,"Quanto a Escolas criminológicas, na perspectiva da prevenção, é correto afirmar:",Escolas criminológicas defende pena de morte como prevenção.,Escolas criminológicas é teoria que nega influência do meio.,"Escolas criminológicas explica crime como fenômeno social, não apenas individual.","Escolas criminológicas foca apenas na punição, não na prevenção.",Escolas criminológicas desconsidera a vítima no processo.,A,Gabarito A. Escolas criminológicas em Noções de Criminologia: conforme banca VUNESP para PC-SP. Entendimento pacificado nos tribunais superiores.
377,VUNESP,PC-SP,Noções de Criminologia,Prevenção do crime,"Quanto a Prevenção do crime, na perspectiva da prevenção, é correto afirmar:","Prevenção do crime explica crime como fenômeno social, não apenas individual.","Prevenção do crime foca apenas na punição, não na prevenção.",Prevenção do crime defende pena de morte como prevenção.,Prevenção do crime é teoria que nega influência do meio.,Prevenção do crime desconsidera a vítima no processo.,C,Gabarito C. Prevenção do crime em Noções de Criminologia: conforme banca VUNESP para PC-SP. Padrão cobrado em provas de áreas policiais SP.
378,FGV,PM-SP,Noções de Criminologia,Vitimologia,"Em Vitimologia, conforme teoria do etiquetamento, assinale a correta:",Vitimologia defende pena de morte como prevenção.,Vitimologia desconsidera a vítima no processo.,"Vitimologia explica crime como fenômeno social, não apenas individual.",Vitimologia é teoria que nega influência do meio.,"Vitimologia foca apenas na punição, não na prevenção.",C,Gabarito C. Vitimologia em Noções de Criminologia: conforme banca FGV para PM-SP. Padrão cobrado em provas de áreas policiais SP.
379,VUNESP,GCM-SP,Noções de Criminologia,Prevenção do crime,"Em Prevenção do crime, conforme teoria do etiquetamento, assinale a correta:","Prevenção do crime foca apenas na punição, não na prevenção.",Prevenção do crime defende pena de morte como prevenção.,Prevenção do crime é teoria que nega influência do meio.,Prevenção do crime desconsidera a vítima no processo.,"Prevenção do crime explica crime como fenômeno social, não apenas individual.",C,Gabarito C. Prevenção do crime em Noções de Criminologia: conforme banca VUNESP para GCM-SP. Entendimento pacificado nos tribunais superiores.
380,VUNESP,GCM-SP,Noções de Criminologia,Etiquetamento,"Sobre Etiquetamento, segundo a criminologia moderna para GCM-SP, é correto:","Etiquetamento foca apenas na punição, não na prevenção.",Etiquetamento desconsidera a vítima no processo.,Etiquetamento é teoria que nega influência do meio.,Etiquetamento defende pena de morte como prevenção.,"Etiquetamento explica crime como fenômeno social, não apenas individual.",C,Gabarito C. Etiquetamento em Noções de Criminologia: conforme banca VUNESP para GCM-SP. Conforme manual e legislação específica.
381,VUNESP,GCM-SP,Noções de Criminologia,Criminologia e segurança pública,"Quanto a Criminologia e segurança pública, na perspectiva da prevenção, é correto afirmar:",Criminologia e segurança pública defende pena de morte como prevenção.,Criminologia e segurança pública desconsidera a vítima no processo.,"Criminologia e segurança pública explica crime como fenômeno social, não apenas individual.","Criminologia e segurança pública foca apenas na punição, não na prevenção.",Criminologia e segurança pública é teoria que nega influência do meio.,B,Gabarito B. Criminologia e segurança pública em Noções de Criminologia: conforme banca VUNESP para GCM-SP. Conforme manual e legislação específica.
382,VUNESP,GCM-SP,Noções de Criminologia,Escolas criminológicas,"Quanto a Escolas criminológicas, na perspectiva da prevenção, é correto afirmar:",Escolas criminológicas desconsidera a vítima no processo.,"Escolas criminológicas explica crime como fenômeno social, não apenas individual.",Escolas criminológicas é teoria que nega influência do meio.,"Escolas criminológicas foca apenas na punição, não na prevenção.",Escolas criminológicas defende pena de morte como prevenção.,A,Gabarito A. Escolas criminológicas em Noções de Criminologia: conforme banca VUNESP para GCM-SP. Doutrina majoritária e jurisprudência atual.
383,VUNESP,PC-SP,Noções de Criminologia,Vitimologia,"Sobre Vitimologia, na criminologia aplicada à segurança pública, assinale:",Vitimologia desconsidera a vítima no processo.,"Vitimologia explica crime como fenômeno social, não apenas individual.",Vitimologia é teoria que nega influência do meio.,Vitimologia defende pena de morte como prevenção.,"Vitimologia foca apenas na punição, não na prevenção.",B,Gabarito B. Vitimologia em Noções de Criminologia: conforme banca VUNESP para PC-SP. Conforme manual e legislação específica.
384,VUNESP,PC-SP,Noções de Criminologia,Vitimologia,"Sobre Vitimologia, na criminologia aplicada à segurança pública, assinale:",Vitimologia desconsidera a vítima no processo.,"Vitimologia explica crime como fenômeno social, não apenas individual.",Vitimologia defende pena de morte como prevenção.,Vitimologia é teoria que nega influência do meio.,"Vitimologia foca apenas na punição, não na prevenção.",B,Gabarito B. Vitimologia em Noções de Criminologia: conforme banca VUNESP para PC-SP. Doutrina majoritária e jurisprudência atual.
385,VUNESP,PC-SP,Noções de Criminologia,Escolas criminológicas,"Sobre Escolas criminológicas, na criminologia aplicada à segurança pública, assinale:",Escolas criminológicas defende pena de morte como prevenção.,Escolas criminológicas é teoria que nega influência do meio.,Escolas criminológicas desconsidera a vítima no processo.,"Escolas criminológicas explica crime como fenômeno social, não apenas individual.","Escolas criminológicas foca apenas na punição, não na prevenção.",B,Gabarito B. Escolas criminológicas em Noções de Criminologia: conforme banca VUNESP para PC-SP. Entendimento pacificado nos tribunais superiores.
386,VUNESP,PM-SP,Noções de Criminologia,Escolas criminológicas,"Quanto a Escolas criminológicas, na perspectiva da prevenção, é correto afirmar:","Escolas criminológicas foca apenas na punição, não na prevenção.",Escolas criminológicas defende pena de morte como prevenção.,"Escolas criminológicas explica crime como fenômeno social, não apenas individual.",Escolas criminológicas é teoria que nega influência do meio.,Escolas criminológicas desconsidera a vítima no processo.,C,Gabarito C. Escolas criminológicas em Noções de Criminologia: conforme banca VUNESP para PM-SP. Doutrina majoritária e jurisprudência atual.
387,FGV,GCM-SP,Noções de Criminologia,Vitimologia,"Quanto a Vitimologia, na perspectiva da prevenção, é correto afirmar:","Vitimologia foca apenas na punição, não na prevenção.",Vitimologia desconsidera a vítima no processo.,Vitimologia defende pena de morte como prevenção.,"Vitimologia explica crime como fenômeno social, não apenas individual.",Vitimologia é teoria que nega influência do meio.,B,Gabarito B. Vitimologia em Noções de Criminologia: conforme banca FGV para GCM-SP. Padrão cobrado em provas de áreas policiais SP.
388,VUNESP,PM-SP,Noções de Criminologia,Escolas criminológicas,"Quanto a Escolas criminológicas, na perspectiva da prevenção, é correto afirmar:","Escolas criminológicas foca apenas na punição, não na prevenção.","Escolas criminológicas explica crime como fenômeno social, não apenas individual.",Escolas criminológicas defende pena de morte como prevenção.,Escolas criminológicas desconsidera a vítima no processo.,Escolas criminológicas é teoria que nega influência do meio.,B,Gabarito B. Escolas criminológicas em Noções de Criminologia: conforme banca VUNESP para PM-SP. Entendimento pacificado nos tribunais superiores.
389,VUNESP,PM-SP,Noções de Criminologia,Prevenção do crime,"Sobre Prevenção do crime, na criminologia aplicada à segurança pública, assinale:","Prevenção do crime explica crime como fenômeno social, não apenas individual.",Prevenção do crime defende pena de morte como prevenção.,"Prevenção do crime foca apenas na punição, não na prevenção.",Prevenção do crime desconsidera a vítima no processo.,Prevenção do crime é teoria que nega influência do meio.,C,Gabarito C. Prevenção do crime em Noções de Criminologia: conforme banca VUNESP para PM-SP. Padrão cobrado em provas de áreas policiais SP.
390,VUNESP,GCM-SP,Noções de Criminologia,Teorias criminológicas,"Sobre Teorias criminológicas, segundo a criminologia moderna para GCM-SP, é correto:",Teorias criminológicas é teoria que nega influência do meio.,Teorias criminológicas desconsidera a vítima no processo.,Teorias criminológicas defende pena de morte como prevenção.,"Teorias criminológicas explica crime como fenômeno social, não apenas individual.","Teorias criminológicas foca apenas na punição, não na prevenção.",A,Gabarito A. Teorias criminológicas em Noções de Criminologia: conforme banca VUNESP para GCM-SP. Conforme manual e legislação específica.
391,FGV,PM-SP,Noções de Criminologia,Prevenção do crime,"Sobre Prevenção do crime, segundo a criminologia moderna para PM-SP, é correto:",Prevenção do crime desconsidera a vítima no processo.,"Prevenção do crime explica crime como fenômeno social, não apenas individual.",Prevenção do crime defende pena de morte como prevenção.,Prevenção do crime é teoria que nega influência do meio.,"Prevenção do crime foca apenas na punição, não na prevenção.",C,Gabarito C. Prevenção do crime em Noções de Criminologia: conforme banca FGV para PM-SP. Conforme manual e legislação específica.
392,VUNESP,PM-SP,Noções de Criminologia,Teorias criminológicas,"Quanto a Teorias criminológicas, na perspectiva da prevenção, é correto afirmar:",Teorias criminológicas defende pena de morte como prevenção.,Teorias criminológicas é teoria que nega influência do meio.,Teorias criminológicas desconsidera a vítima no processo.,"Teorias criminológicas foca apenas na punição, não na prevenção.","Teorias criminológicas explica crime como fenômeno social, não apenas individual.",A,Gabarito A. Teorias criminológicas em Noções de Criminologia: conforme banca VUNESP para PM-SP. Doutrina majoritária e jurisprudência atual.
393,VUNESP,PM-SP,Noções de Criminologia,Criminologia e segurança pública,"Quanto a Criminologia e segurança pública, na perspectiva da prevenção, é correto afirmar:",Criminologia e segurança pública defende pena de morte como prevenção.,"Criminologia e segurança pública explica crime como fenômeno social, não apenas individual.",Criminologia e segurança pública desconsidera a vítima no processo.,"Criminologia e segurança pública foca apenas na punição, não na prevenção.",Criminologia e segurança pública é teoria que nega influência do meio.,B,Gabarito B. Criminologia e segurança pública em Noções de Criminologia: conforme banca VUNESP para PM-SP. Padrão cobrado em provas de áreas policiais SP.
394,FGV,PM-SP,Noções de Criminologia,Etiquetamento,"Em Etiquetamento, conforme teoria do etiquetamento, assinale a correta:",Etiquetamento desconsidera a vítima no processo.,Etiquetamento defende pena de morte como prevenção.,"Etiquetamento foca apenas na punição, não na prevenção.",Etiquetamento é teoria que nega influência do meio.,"Etiquetamento explica crime como fenômeno social, não apenas individual.",B,Gabarito B. Etiquetamento em Noções de Criminologia: conforme banca FGV para PM-SP. Entendimento pacificado nos tribunais superiores.
395,VUNESP,GCM-SP,Noções de Criminologia,Teorias criminológicas,"Sobre Teorias criminológicas, na criminologia aplicada à segurança pública, assinale:",Teorias criminológicas desconsidera a vítima no processo.,Teorias criminológicas defende pena de morte como prevenção.,"Teorias criminológicas explica crime como fenômeno social, não apenas individual.","Teorias criminológicas foca apenas na punição, não na prevenção.",Teorias criminológicas é teoria que nega influência do meio.,C,Gabarito C. Teorias criminológicas em Noções de Criminologia: conforme banca VUNESP para GCM-SP. Conforme manual e legislação específica.
396,FGV,PM-SP,Noções de Criminologia,Teorias criminológicas,"Quanto a Teorias criminológicas, na perspectiva da prevenção, é correto afirmar:","Teorias criminológicas foca apenas na punição, não na prevenção.",Teorias criminológicas defende pena de morte como prevenção.,Teorias criminológicas desconsidera a vítima no processo.,Teorias criminológicas é teoria que nega influência do meio.,"Teorias criminológicas explica crime como fenômeno social, não apenas individual.",B,Gabarito B. Teorias criminológicas em Noções de Criminologia: conforme banca FGV para PM-SP. Conforme manual e legislação específica.
397,VUNESP,GCM-SP,Noções de Criminologia,Criminologia e segurança pública,"Sobre Criminologia e segurança pública, segundo a criminologia moderna para GCM-SP, é correto:","Criminologia e segurança pública foca apenas na punição, não na prevenção.",Criminologia e segurança pública defende pena de morte como prevenção.,Criminologia e segurança pública é teoria que nega influência do meio.,Criminologia e segurança pública desconsidera a vítima no processo.,"Criminologia e segurança pública explica crime como fenômeno social, não apenas individual.",C,Gabarito C. Criminologia e segurança pública em Noções de Criminologia: conforme banca VUNESP para GCM-SP. Entendimento pacificado nos tribunais superiores.
398,VUNESP,PC-SP,Noções de Criminologia,Vitimologia,"Sobre Vitimologia, na criminologia aplicada à segurança pública, assinale:","Vitimologia explica crime como fenômeno social, não apenas individual.","Vitimologia foca apenas na punição, não na prevenção.",Vitimologia defende pena de morte como prevenção.,Vitimologia é teoria que nega influência do meio.,Vitimologia desconsidera a vítima no processo.,C,Gabarito C. Vitimologia em Noções de Criminologia: conforme banca VUNESP para PC-SP. Doutrina majoritária e jurisprudência atual.
399,VUNESP,PC-SP,Noções de Criminologia,Teorias criminológicas,"Quanto a Teorias criminológicas, na perspectiva da prevenção, é correto afirmar:","Teorias criminológicas explica crime como fenômeno social, não apenas individual.","Teorias criminológicas foca apenas na punição, não na prevenção.",Teorias criminológicas é teoria que nega influência do meio.,Teorias criminológicas defende pena de morte como prevenção.,Teorias criminológicas desconsidera a vítima no processo.,B,Gabarito B. Teorias criminológicas em Noções de Criminologia: conforme banca VUNESP para PC-SP. Doutrina majoritária e jurisprudência atual.
400,FGV,PC-SP,Noções de Criminologia,Prevenção do crime,"Sobre Prevenção do crime, na criminologia aplicada à segurança pública, assinale:","Prevenção do crime foca apenas na punição, não na prevenção.",Prevenção do crime defende pena de morte como prevenção.,Prevenção do crime é teoria que nega influência do meio.,Prevenção do crime desconsidera a vítima no processo.,"Prevenção do crime explica crime como fenômeno social, não apenas individual.",C,Gabarito C. Prevenção do crime em Noções de Criminologia: conforme banca FGV para PC-SP. Doutrina majoritária e jurisprudência atual.
401,VUNESP,PM-SP,Noções de Criminologia,Criminologia e segurança pública,"Em Criminologia e segurança pública, conforme teoria do etiquetamento, assinale a correta:",Criminologia e segurança pública defende pena de morte como prevenção.,Criminologia e segurança pública é teoria que nega influência do meio.,"Criminologia e segurança pública foca apenas na punição, não na prevenção.","Criminologia e segurança pública explica crime como fenômeno social, não apenas individual.",Criminologia e segurança pública desconsidera a vítima no processo.,A,Gabarito A. Criminologia e segurança pública em Noções de Criminologia: conforme banca VUNESP para PM-SP. Doutrina majoritária e jurisprudência atual.
402,FGV,GCM-SP,Noções de Criminologia,Criminologia e segurança pública,"Em Criminologia e segurança pública, conforme teoria do etiquetamento, assinale a correta:","Criminologia e segurança pública foca apenas na punição, não na prevenção.",Criminologia e segurança pública defende pena de morte como prevenção.,Criminologia e segurança pública desconsidera a vítima no processo.,"Criminologia e segurança pública explica crime como fenômeno social, não apenas individual.",Criminologia e segurança pública é teoria que nega influência do meio.,A,Gabarito A. Criminologia e segurança pública em Noções de Criminologia: conforme banca FGV para GCM-SP. Conforme manual e legislação específica.
403,FGV,GCM-SP,Noções de Criminologia,Etiquetamento,"Em Etiquetamento, conforme teoria do etiquetamento, assinale a correta:",Etiquetamento é teoria que nega influência do meio.,"Etiquetamento explica crime como fenômeno social, não apenas individual.",Etiquetamento desconsidera a vítima no processo.,"Etiquetamento foca apenas na punição, não na prevenção.",Etiquetamento defende pena de morte como prevenção.,B,Gabarito B. Etiquetamento em Noções de Criminologia: conforme banca FGV para GCM-SP. Conforme manual e legislação específica.
404,FGV,GCM-SP,Noções de Criminologia,Escolas criminológicas,"Sobre Escolas criminológicas, na criminologia aplicada à segurança pública, assinale:","Escolas criminológicas explica crime como fenômeno social, não apenas individual.",Escolas criminológicas desconsidera a vítima no processo.,Escolas criminológicas defende pena de morte como prevenção.,"Escolas criminológicas foca apenas na punição, não na prevenção.",Escolas criminológicas é teoria que nega influência do meio.,B,Gabarito B. Escolas criminológicas em Noções de Criminologia: conforme banca FGV para GCM-SP. Entendimento pacificado nos tribunais superiores.
405,VUNESP,PC-SP,Noções de Criminologia,Criminologia e segurança pública,"Sobre Criminologia e segurança pública, na criminologia aplicada à segurança pública, assinale:","Criminologia e segurança pública explica crime como fenômeno social, não apenas individual.","Criminologia e segurança pública foca apenas na punição, não na prevenção.",Criminologia e segurança pública é teoria que nega influência do meio.,Criminologia e segurança pública desconsidera a vítima no processo.,Criminologia e segurança pública defende pena de morte como prevenção.,A,Gabarito A. Criminologia e segurança pública em Noções de Criminologia: conforme banca VUNESP para PC-SP. Padrão cobrado em provas de áreas policiais SP.
406,VUNESP,GCM-SP,Noções de Criminologia,Prevenção do crime,"Quanto a Prevenção do crime, na perspectiva da prevenção, é correto afirmar:",Prevenção do crime é teoria que nega influência do meio.,"Prevenção do crime explica crime como fenômeno social, não apenas individual.",Prevenção do crime defende pena de morte como prevenção.,"Prevenção do crime foca apenas na punição, não na prevenção.",Prevenção do crime desconsidera a vítima no processo.,A,Gabarito A. Prevenção do crime em Noções de Criminologia: conforme banca VUNESP para GCM-SP. Entendimento pacificado nos tribunais superiores.
407,VUNESP,PM-SP,Noções de Criminologia,Escolas criminológicas,"Sobre Escolas criminológicas, na criminologia aplicada à segurança pública, assinale:","Escolas criminológicas explica crime como fenômeno social, não apenas individual.","Escolas criminológicas foca apenas na punição, não na prevenção.",Escolas criminológicas desconsidera a vítima no processo.,Escolas criminológicas é teoria que nega influência do meio.,Escolas criminológicas defende pena de morte como prevenção.,C,Gabarito C. Escolas criminológicas em Noções de Criminologia: conforme banca VUNESP para PM-SP. Doutrina majoritária e jurisprudência atual.
408,VUNESP,PC-SP,Noções de Criminologia,Etiquetamento,"Sobre Etiquetamento, na criminologia aplicada à segurança pública, assinale:",Etiquetamento defende pena de morte como prevenção.,Etiquetamento é teoria que nega influência do meio.,Etiquetamento desconsidera a vítima no processo.,"Etiquetamento explica crime como fenômeno social, não apenas individual.","Etiquetamento foca apenas na punição, não na prevenção.",C,Gabarito C. Etiquetamento em Noções de Criminologia: conforme banca VUNESP para PC-SP. Entendimento pacificado nos tribunais superiores.
409,FGV,GCM-SP,Noções de Criminologia,Prevenção do crime,"Quanto a Prevenção do crime, na perspectiva da prevenção, é correto afirmar:",Prevenção do crime é teoria que nega influência do meio.,Prevenção do crime defende pena de morte como prevenção.,Prevenção do crime desconsidera a vítima no processo.,"Prevenção do crime explica crime como fenômeno social, não apenas individual.","Prevenção do crime foca apenas na punição, não na prevenção.",C,Gabarito C. Prevenção do crime em Noções de Criminologia: conforme banca FGV para GCM-SP. Doutrina majoritária e jurisprudência atual.
410,FGV,PC-SP,Noções de Criminologia,Vitimologia,"Em Vitimologia, conforme teoria do etiquetamento, assinale a correta:",Vitimologia desconsidera a vítima no processo.,"Vitimologia foca apenas na punição, não na prevenção.","Vitimologia explica crime como fenômeno social, não apenas individual.",Vitimologia é teoria que nega influência do meio.,Vitimologia defende pena de morte como prevenção.,B,Gabarito B. Vitimologia em Noções de Criminologia: conforme banca FGV para PC-SP. Conforme manual e legislação específica.
411,FGV,GCM-SP,Noções de Criminologia,Criminologia e segurança pública,"Quanto a Criminologia e segurança pública, na perspectiva da prevenção, é correto afirmar:",Criminologia e segurança pública desconsidera a vítima no processo.,"Criminologia e segurança pública foca apenas na punição, não na prevenção.",Criminologia e segurança pública é teoria que nega influência do meio.,"Criminologia e segurança pública explica crime como fenômeno social, não apenas individual.",Criminologia e segurança pública defende pena de morte como prevenção.,C,Gabarito C. Criminologia e segurança pública em Noções de Criminologia: conforme banca FGV para GCM-SP. Conforme manual e legislação específica.
412,FGV,GCM-SP,Noções de Criminologia,Prevenção do crime,"Em Prevenção do crime, conforme teoria do etiquetamento, assinale a correta:",Prevenção do crime é teoria que nega influência do meio.,"Prevenção do crime explica crime como fenômeno social, não apenas individual.",Prevenção do crime defende pena de morte como prevenção.,Prevenção do crime desconsidera a vítima no processo.,"Prevenção do crime foca apenas na punição, não na prevenção.",B,Gabarito B. Prevenção do crime em Noções de Criminologia: conforme banca FGV para GCM-SP. Padrão cobrado em provas de áreas policiais SP.
413,VUNESP,PM-SP,Noções de Criminologia,Prevenção do crime,"Sobre Prevenção do crime, segundo a criminologia moderna para PM-SP, é correto:","Prevenção do crime explica crime como fenômeno social, não apenas individual.","Prevenção do crime foca apenas na punição, não na prevenção.",Prevenção do crime defende pena de morte como prevenção.,Prevenção do crime desconsidera a vítima no processo.,Prevenção do crime é teoria que nega influência do meio.,C,Gabarito C. Prevenção do crime em Noções de Criminologia: conforme banca VUNESP para PM-SP. Padrão cobrado em provas de áreas policiais SP.
414,FGV,PC-SP,Noções de Criminologia,Etiquetamento,"Quanto a Etiquetamento, na perspectiva da prevenção, é correto afirmar:",Etiquetamento defende pena de morte como prevenção.,Etiquetamento desconsidera a vítima no processo.,"Etiquetamento explica crime como fenômeno social, não apenas individual.","Etiquetamento foca apenas na punição, não na prevenção.",Etiquetamento é teoria que nega influência do meio.,B,Gabarito B. Etiquetamento em Noções de Criminologia: conforme banca FGV para PC-SP. Doutrina majoritária e jurisprudência atual.
415,FGV,PM-SP,Noções de Criminologia,Escolas criminológicas,"Quanto a Escolas criminológicas, na perspectiva da prevenção, é correto afirmar:","Escolas criminológicas foca apenas na punição, não na prevenção.",Escolas criminológicas defende pena de morte como prevenção.,Escolas criminológicas é teoria que nega influência do meio.,Escolas criminológicas desconsidera a vítima no processo.,"Escolas criminológicas explica crime como fenômeno social, não apenas individual.",C,Gabarito C. Escolas criminológicas em Noções de Criminologia: conforme banca FGV para PM-SP. Doutrina majoritária e jurisprudência atual.
416,VUNESP,PM-SP,Noções de Criminologia,Etiquetamento,"Sobre Etiquetamento, na criminologia aplicada à segurança pública, assinale:","Etiquetamento foca apenas na punição, não na prevenção.",Etiquetamento é teoria que nega influência do meio.,Etiquetamento defende pena de morte como prevenção.,Etiquetamento desconsidera a vítima no processo.,"Etiquetamento explica crime como fenômeno social, não apenas individual.",B,Gabarito B. Etiquetamento em Noções de Criminologia: conforme banca VUNESP para PM-SP. Entendimento pacificado nos tribunais superiores.
417,FGV,PC-SP,Noções de Criminologia,Vitimologia,"Sobre Vitimologia, na criminologia aplicada à segurança pública, assinale:",Vitimologia desconsidera a vítima no processo.,"Vitimologia foca apenas na punição, não na prevenção.",Vitimologia é teoria que nega influência do meio.,"Vitimologia explica crime como fenômeno social, não apenas individual.",Vitimologia defende pena de morte como prevenção.,C,Gabarito C. Vitimologia em Noções de Criminologia: conforme banca FGV para PC-SP. Padrão cobrado em provas de áreas policiais SP.
418,VUNESP,PC-SP,Noções de Criminologia,Escolas criminológicas,"Quanto a Escolas criminológicas, na perspectiva da prevenção, é correto afirmar:",Escolas criminológicas defende pena de morte como prevenção.,Escolas criminológicas desconsidera a vítima no processo.,"Escolas criminológicas foca apenas na punição, não na prevenção.","Escolas criminológicas explica crime como fenômeno social, não apenas individual.",Escolas criminológicas é teoria que nega influência do meio.,A,Gabarito A. Escolas criminológicas em Noções de Criminologia: conforme banca VUNESP para PC-SP. Entendimento pacificado nos tribunais superiores.
419,FGV,GCM-SP,Noções de Criminologia,Teorias criminológicas,"Sobre Teorias criminológicas, na criminologia aplicada à segurança pública, assinale:",Teorias criminológicas desconsidera a vítima no processo.,Teorias criminológicas defende pena de morte como prevenção.,"Teorias criminológicas foca apenas na punição, não na prevenção.","Teorias criminológicas explica crime como fenômeno social, não apenas individual.",Teorias criminológicas é teoria que nega influência do meio.,B,Gabarito B. Teorias criminológicas em Noções de Criminologia: conforme banca FGV para GCM-SP. Doutrina majoritária e jurisprudência atual.
420,VUNESP,GCM-SP,Noções de Criminologia,Teorias criminológicas,"Sobre Teorias criminológicas, segundo a criminologia moderna para GCM-SP, é correto:",Teorias criminológicas é teoria que nega influência do meio.,Teorias criminológicas defende pena de morte como prevenção.,Teorias criminológicas desconsidera a vítima no processo.,"Teorias criminológicas foca apenas na punição, não na prevenção.","Teorias criminológicas explica crime como fenômeno social, não apenas individual.",C,Gabarito C. Teorias criminológicas em Noções de Criminologia: conforme banca VUNESP para GCM-SP. Doutrina majoritária e jurisprudência atual.
421,FGV,GCM-SP,Noções de Criminologia,Prevenção do crime,"Sobre Prevenção do crime, segundo a criminologia moderna para GCM-SP, é correto:",Prevenção do crime é teoria que nega influência do meio.,Prevenção do crime desconsidera a vítima no processo.,Prevenção do crime defende pena de morte como prevenção.,"Prevenção do crime explica crime como fenômeno social, não apenas individual.","Prevenção do crime foca apenas na punição, não na prevenção.",B,Gabarito B. Prevenção do crime em Noções de Criminologia: conforme banca FGV para GCM-SP. Doutrina majoritária e jurisprudência atual.
422,VUNESP,PC-SP,Noções de Criminologia,Teorias criminológicas,"Quanto a Teorias criminológicas, na perspectiva da prevenção, é correto afirmar:","Teorias criminológicas foca apenas na punição, não na prevenção.",Teorias criminológicas é teoria que nega influência do meio.,Teorias criminológicas desconsidera a vítima no processo.,"Teorias criminológicas explica crime como fenômeno social, não apenas individual.",Teorias criminológicas defende pena de morte como prevenção.,B,Gabarito B. Teorias criminológicas em Noções de Criminologia: conforme banca VUNESP para PC-SP. Conforme manual e legislação específica.
423,FGV,GCM-SP,Noções de Criminologia,Criminologia e segurança pública,"Sobre Criminologia e segurança pública, na criminologia aplicada à segurança pública, assinale:",Criminologia e segurança pública defende pena de morte como prevenção.,"Criminologia e segurança pública foca apenas na punição, não na prevenção.","Criminologia e segurança pública explica crime como fenômeno social, não apenas individual.",Criminologia e segurança pública desconsidera a vítima no processo.,Criminologia e segurança pública é teoria que nega influência do meio.,B,Gabarito B. Criminologia e segurança pública em Noções de Criminologia: conforme banca FGV para GCM-SP. Doutrina majoritária e jurisprudência atual.
424,VUNESP,GCM-SP,Noções de Criminologia,Escolas criminológicas,"Sobre Escolas criminológicas, segundo a criminologia moderna para GCM-SP, é correto:","Escolas criminológicas foca apenas na punição, não na prevenção.",Escolas criminológicas defende pena de morte como prevenção.,Escolas criminológicas é teoria que nega influência do meio.,Escolas criminológicas desconsidera a vítima no processo.,"Escolas criminológicas explica crime como fenômeno social, não apenas individual.",B,Gabarito B. Escolas criminológicas em Noções de Criminologia: conforme banca VUNESP para GCM-SP. Entendimento pacificado nos tribunais superiores.
425,VUNESP,PM-SP,Noções de Criminologia,Etiquetamento,"Sobre Etiquetamento, na criminologia aplicada à segurança pública, assinale:","Etiquetamento foca apenas na punição, não na prevenção.","Etiquetamento explica crime como fenômeno social, não apenas individual.",Etiquetamento desconsidera a vítima no processo.,Etiquetamento defende pena de morte como prevenção.,Etiquetamento é teoria que nega influência do meio.,C,Gabarito C. Etiquetamento em Noções de Criminologia: conforme banca VUNESP para PM-SP. Padrão cobrado em provas de áreas policiais SP.
426,VUNESP,PC-SP,Noções de Criminologia,Etiquetamento,"Sobre Etiquetamento, na criminologia aplicada à segurança pública, assinale:","Etiquetamento foca apenas na punição, não na prevenção.","Etiquetamento explica crime como fenômeno social, não apenas individual.",Etiquetamento é teoria que nega influência do meio.,Etiquetamento desconsidera a vítima no processo.,Etiquetamento defende pena de morte como prevenção.,B,Gabarito B. Etiquetamento em Noções de Criminologia: conforme banca VUNESP para PC-SP. Entendimento pacificado nos tribunais superiores.
427,VUNESP,PC-SP,Noções de Criminologia,Teorias criminológicas,"Sobre Teorias criminológicas, segundo a criminologia moderna para PC-SP, é correto:","Teorias criminológicas foca apenas na punição, não na prevenção.",Teorias criminológicas defende pena de morte como prevenção.,Teorias criminológicas desconsidera a vítima no processo.,Teorias criminológicas é teoria que nega influência do meio.,"Teorias criminológicas explica crime como fenômeno social, não apenas individual.",B,Gabarito B. Teorias criminológicas em Noções de Criminologia: conforme banca VUNESP para PC-SP. Padrão cobrado em provas de áreas policiais SP.
428,FGV,PC-SP,Noções de Criminologia,Escolas criminológicas,"Sobre Escolas criminológicas, na criminologia aplicada à segurança pública, assinale:",Escolas criminológicas é teoria que nega influência do meio.,Escolas criminológicas desconsidera a vítima no processo.,"Escolas criminológicas explica crime como fenômeno social, não apenas individual.","Escolas criminológicas foca apenas na punição, não na prevenção.",Escolas criminológicas defende pena de morte como prevenção.,C,Gabarito C. Escolas criminológicas em Noções de Criminologia: conforme banca FGV para PC-SP. Entendimento pacificado nos tribunais superiores.
429,VUNESP,PC-SP,Noções de Criminologia,Prevenção do crime,"Sobre Prevenção do crime, segundo a criminologia moderna para PC-SP, é correto:","Prevenção do crime foca apenas na punição, não na prevenção.","Prevenção do crime explica crime como fenômeno social, não apenas individual.",Prevenção do crime desconsidera a vítima no processo.,Prevenção do crime é teoria que nega influência do meio.,Prevenção do crime defende pena de morte como prevenção.,B,Gabarito B. Prevenção do crime em Noções de Criminologia: conforme banca VUNESP para PC-SP. Doutrina majoritária e jurisprudência atual.
430,VUNESP,PC-SP,Noções de Criminologia,Vitimologia,"Sobre Vitimologia, na criminologia aplicada à segurança pública, assinale:","Vitimologia foca apenas na punição, não na prevenção.",Vitimologia é teoria que nega influência do meio.,"Vitimologia explica crime como fenômeno social, não apenas individual.",Vitimologia defende pena de morte como prevenção.,Vitimologia desconsidera a vítima no processo.,B,Gabarito B. Vitimologia em Noções de Criminologia: conforme banca VUNESP para PC-SP. Entendimento pacificado nos tribunais superiores.
431,VUNESP,PC-SP,Noções de Criminologia,Etiquetamento,"Quanto a Etiquetamento, na perspectiva da prevenção, é correto afirmar:","Etiquetamento explica crime como fenômeno social, não apenas individual.",Etiquetamento desconsidera a vítima no processo.,"Etiquetamento foca apenas na punição, não na prevenção.",Etiquetamento defende pena de morte como prevenção.,Etiquetamento é teoria que nega influência do meio.,A,Gabarito A. Etiquetamento em Noções de Criminologia: conforme banca VUNESP para PC-SP. Padrão cobrado em provas de áreas policiais SP.
432,FGV,PM-SP,Noções de Criminologia,Etiquetamento,"Sobre Etiquetamento, na criminologia aplicada à segurança pública, assinale:",Etiquetamento desconsidera a vítima no processo.,Etiquetamento é teoria que nega influência do meio.,Etiquetamento defende pena de morte como prevenção.,"Etiquetamento explica crime como fenômeno social, não apenas individual.","Etiquetamento foca apenas na punição, não na prevenção.",C,Gabarito C. Etiquetamento em Noções de Criminologia: conforme banca FGV para PM-SP. Conforme manual e legislação específica.
433,FGV,PC-SP,Noções de Criminologia,Vitimologia,"Quanto a Vitimologia, na perspectiva da prevenção, é correto afirmar:","Vitimologia explica crime como fenômeno social, não apenas individual.",Vitimologia desconsidera a vítima no processo.,"Vitimologia foca apenas na punição, não na prevenção.",Vitimologia defende pena de morte como prevenção.,Vitimologia é teoria que nega influência do meio.,B,Gabarito B. Vitimologia em Noções de Criminologia: conforme banca FGV para PC-SP. Conforme manual e legislação específica.
434,VUNESP,PC-SP,Noções de Criminologia,Etiquetamento,"Sobre Etiquetamento, segundo a criminologia moderna para PC-SP, é correto:",Etiquetamento é teoria que nega influência do meio.,"Etiquetamento explica crime como fenômeno social, não apenas individual.",Etiquetamento defende pena de morte como prevenção.,"Etiquetamento foca apenas na punição, não na prevenção.",Etiquetamento desconsidera a vítima no processo.,B,Gabarito B. Etiquetamento em Noções de Criminologia: conforme banca VUNESP para PC-SP. Doutrina majoritária e jurisprudência atual.
435,VUNESP,PC-SP,Noções de Criminologia,Escolas criminológicas,"Sobre Escolas criminológicas, segundo a criminologia moderna para PC-SP, é correto:","Escolas criminológicas foca apenas na punição, não na prevenção.","Escolas criminológicas explica crime como fenômeno social, não apenas individual.",Escolas criminológicas desconsidera a vítima no processo.,Escolas criminológicas é teoria que nega influência do meio.,Escolas criminológicas defende pena de morte como prevenção.,B,Gabarito B. Escolas criminológicas em Noções de Criminologia: conforme banca VUNESP para PC-SP. Entendimento pacificado nos tribunais superiores.
436,FGV,GCM-SP,Noções de Criminologia,Etiquetamento,"Em Etiquetamento, conforme teoria do etiquetamento, assinale a correta:",Etiquetamento defende pena de morte como prevenção.,"Etiquetamento foca apenas na punição, não na prevenção.","Etiquetamento explica crime como fenômeno social, não apenas individual.",Etiquetamento é teoria que nega influência do meio.,Etiquetamento desconsidera a vítima no processo.,C,Gabarito C. Etiquetamento em Noções de Criminologia: conforme banca FGV para GCM-SP. Conforme manual e legislação específica.
437,VUNESP,PM-SP,Noções de Criminologia,Etiquetamento,"Quanto a Etiquetamento, na perspectiva da prevenção, é correto afirmar:","Etiquetamento foca apenas na punição, não na prevenção.",Etiquetamento é teoria que nega influência do meio.,Etiquetamento desconsidera a vítima no processo.,"Etiquetamento explica crime como fenômeno social, não apenas individual.",Etiquetamento defende pena de morte como prevenção.,A,Gabarito A. Etiquetamento em Noções de Criminologia: conforme banca VUNESP para PM-SP. Padrão cobrado em provas de áreas policiais SP.
438,VUNESP,PM-SP,Noções de Criminologia,Etiquetamento,"Em Etiquetamento, conforme teoria do etiquetamento, assinale a correta:","Etiquetamento explica crime como fenômeno social, não apenas individual.",Etiquetamento é teoria que nega influência do meio.,Etiquetamento desconsidera a vítima no processo.,Etiquetamento defende pena de morte como prevenção.,"Etiquetamento foca apenas na punição, não na prevenção.",B,Gabarito B. Etiquetamento em Noções de Criminologia: conforme banca VUNESP para PM-SP. Doutrina majoritária e jurisprudência atual.
439,FGV,PC-SP,Noções de Criminologia,Prevenção do crime,"Sobre Prevenção do crime, segundo a criminologia moderna para PC-SP, é correto:","Prevenção do crime foca apenas na punição, não na prevenção.",Prevenção do crime é teoria que nega influência do meio.,"Prevenção do crime explica crime como fenômeno social, não apenas individual.",Prevenção do crime defende pena de morte como prevenção.,Prevenção do crime desconsidera a vítima no processo.,C,Gabarito C. Prevenção do crime em Noções de Criminologia: conforme banca FGV para PC-SP. Entendimento pacificado nos tribunais superiores.
440,FGV,PM-SP,Noções de Criminologia,Criminologia e segurança pública,"Sobre Criminologia e segurança pública, segundo a criminologia moderna para PM-SP, é correto:",Criminologia e segurança pública é teoria que nega influência do meio.,"Criminologia e segurança pública foca apenas na punição, não na prevenção.",Criminologia e segurança pública defende pena de morte como prevenção.,Criminologia e segurança pública desconsidera a vítima no processo.,"Criminologia e segurança pública explica crime como fenômeno social, não apenas individual.",B,Gabarito B. Criminologia e segurança pública em Noções de Criminologia: conforme banca FGV para PM-SP. Padrão cobrado em provas de áreas policiais SP.
441,FGV,PP-SP,Técnicas Audiovisuais,Equipamentos audiovisuais,"Em Equipamentos audiovisuais para registro de ocorrência, conforme manual da Polícia Civil, é correto:","Em Equipamentos audiovisuais, deletar arquivo original após cópia.","Em Equipamentos audiovisuais, usar resolução mínima 1080p e preservar metadados.","Em Equipamentos audiovisuais, editar imagem para melhorar nitidez sem registro.","Em Equipamentos audiovisuais, usar flash direto em qualquer perícia.","Em Equipamentos audiovisuais, filmar sem tripé sempre que possível.",A,Gabarito A. Equipamentos audiovisuais em Técnicas Audiovisuais: conforme banca FGV para PP-SP. Conforme manual e legislação específica.
442,FGV,PP-SP,Técnicas Audiovisuais,Fotografia pericial,"Em Fotografia pericial, para preservação de vestígios digitais de imagem, assinale:","Em Fotografia pericial, editar imagem para melhorar nitidez sem registro.","Em Fotografia pericial, deletar arquivo original após cópia.","Em Fotografia pericial, usar flash direto em qualquer perícia.","Em Fotografia pericial, usar resolução mínima 1080p e preservar metadados.","Em Fotografia pericial, filmar sem tripé sempre que possível.",C,Gabarito C. Fotografia pericial em Técnicas Audiovisuais: conforme banca FGV para PP-SP. Padrão cobrado em provas de áreas policiais SP.
443,VUNESP,PM-SP,Técnicas Audiovisuais,Edição de vídeo,"Para Edição de vídeo em local de crime, o procedimento correto é:","Em Edição de vídeo, deletar arquivo original após cópia.","Em Edição de vídeo, usar flash direto em qualquer perícia.","Em Edição de vídeo, usar resolução mínima 1080p e preservar metadados.","Em Edição de vídeo, filmar sem tripé sempre que possível.","Em Edição de vídeo, editar imagem para melhorar nitidez sem registro.",B,Gabarito B. Edição de vídeo em Técnicas Audiovisuais: conforme banca VUNESP para PM-SP. Doutrina majoritária e jurisprudência atual.
444,VUNESP,PP-SP,Técnicas Audiovisuais,Comunicação visual,"Para Comunicação visual em local de crime, o procedimento correto é:","Em Comunicação visual, filmar sem tripé sempre que possível.","Em Comunicação visual, editar imagem para melhorar nitidez sem registro.","Em Comunicação visual, usar flash direto em qualquer perícia.","Em Comunicação visual, deletar arquivo original após cópia.","Em Comunicação visual, usar resolução mínima 1080p e preservar metadados.",C,Gabarito C. Comunicação visual em Técnicas Audiovisuais: conforme banca VUNESP para PP-SP. Padrão cobrado em provas de áreas policiais SP.
445,VUNESP,PM-SP,Técnicas Audiovisuais,Iluminação,"Em Iluminação, para preservação de vestígios digitais de imagem, assinale:","Em Iluminação, deletar arquivo original após cópia.","Em Iluminação, usar flash direto em qualquer perícia.","Em Iluminação, filmar sem tripé sempre que possível.","Em Iluminação, editar imagem para melhorar nitidez sem registro.","Em Iluminação, usar resolução mínima 1080p e preservar metadados.",A,Gabarito A. Iluminação em Técnicas Audiovisuais: conforme banca VUNESP para PM-SP. Padrão cobrado em provas de áreas policiais SP.
446,VUNESP,PM-SP,Técnicas Audiovisuais,Edição de vídeo,"Sobre Edição de vídeo em perícia audiovisual, assinale a alternativa correta:","Em Edição de vídeo, usar flash direto em qualquer perícia.","Em Edição de vídeo, filmar sem tripé sempre que possível.","Em Edição de vídeo, deletar arquivo original após cópia.","Em Edição de vídeo, editar imagem para melhorar nitidez sem registro.","Em Edição de vídeo, usar resolução mínima 1080p e preservar metadados.",A,Gabarito A. Edição de vídeo em Técnicas Audiovisuais: conforme banca VUNESP para PM-SP. Conforme manual e legislação específica.
447,VUNESP,PM-SP,Técnicas Audiovisuais,Iluminação,"Para Iluminação em local de crime, o procedimento correto é:","Em Iluminação, filmar sem tripé sempre que possível.","Em Iluminação, usar flash direto em qualquer perícia.","Em Iluminação, deletar arquivo original após cópia.","Em Iluminação, editar imagem para melhorar nitidez sem registro.","Em Iluminação, usar resolução mínima 1080p e preservar metadados.",C,Gabarito C. Iluminação em Técnicas Audiovisuais: conforme banca VUNESP para PM-SP. Padrão cobrado em provas de áreas policiais SP.
448,FGV,PM-SP,Técnicas Audiovisuais,Edição de vídeo,"Sobre Edição de vídeo em perícia audiovisual, assinale a alternativa correta:","Em Edição de vídeo, usar resolução mínima 1080p e preservar metadados.","Em Edição de vídeo, deletar arquivo original após cópia.","Em Edição de vídeo, usar flash direto em qualquer perícia.","Em Edição de vídeo, editar imagem para melhorar nitidez sem registro.","Em Edição de vídeo, filmar sem tripé sempre que possível.",C,Gabarito C. Edição de vídeo em Técnicas Audiovisuais: conforme banca FGV para PM-SP. Entendimento pacificado nos tribunais superiores.
449,VUNESP,PC-SP,Técnicas Audiovisuais,Equipamentos audiovisuais,"Em Equipamentos audiovisuais, para preservação de vestígios digitais de imagem, assinale:","Em Equipamentos audiovisuais, filmar sem tripé sempre que possível.","Em Equipamentos audiovisuais, usar flash direto em qualquer perícia.","Em Equipamentos audiovisuais, usar resolução mínima 1080p e preservar metadados.","Em Equipamentos audiovisuais, editar imagem para melhorar nitidez sem registro.","Em Equipamentos audiovisuais, deletar arquivo original após cópia.",C,Gabarito C. Equipamentos audiovisuais em Técnicas Audiovisuais: conforme banca VUNESP para PC-SP. Conforme manual e legislação específica.
450,VUNESP,PC-SP,Técnicas Audiovisuais,Edição de vídeo,"Em Edição de vídeo, para preservação de vestígios digitais de imagem, assinale:","Em Edição de vídeo, editar imagem para melhorar nitidez sem registro.","Em Edição de vídeo, deletar arquivo original após cópia.","Em Edição de vídeo, usar flash direto em qualquer perícia.","Em Edição de vídeo, usar resolução mínima 1080p e preservar metadados.","Em Edição de vídeo, filmar sem tripé sempre que possível.",B,Gabarito B. Edição de vídeo em Técnicas Audiovisuais: conforme banca VUNESP para PC-SP. Conforme manual e legislação específica.
451,VUNESP,PM-SP,Técnicas Audiovisuais,Comunicação visual,"Em Comunicação visual para registro de ocorrência, conforme manual da Polícia Civil, é correto:","Em Comunicação visual, usar flash direto em qualquer perícia.","Em Comunicação visual, usar resolução mínima 1080p e preservar metadados.","Em Comunicação visual, editar imagem para melhorar nitidez sem registro.","Em Comunicação visual, filmar sem tripé sempre que possível.","Em Comunicação visual, deletar arquivo original após cópia.",A,Gabarito A. Comunicação visual em Técnicas Audiovisuais: conforme banca VUNESP para PM-SP. Conforme manual e legislação específica.
452,FGV,PP-SP,Técnicas Audiovisuais,Edição de vídeo,"Para Edição de vídeo em local de crime, o procedimento correto é:","Em Edição de vídeo, usar flash direto em qualquer perícia.","Em Edição de vídeo, deletar arquivo original após cópia.","Em Edição de vídeo, editar imagem para melhorar nitidez sem registro.","Em Edição de vídeo, usar resolução mínima 1080p e preservar metadados.","Em Edição de vídeo, filmar sem tripé sempre que possível.",B,Gabarito B. Edição de vídeo em Técnicas Audiovisuais: conforme banca FGV para PP-SP. Conforme manual e legislação específica.
453,VUNESP,PP-SP,Técnicas Audiovisuais,Edição de vídeo,"Em Edição de vídeo, para preservação de vestígios digitais de imagem, assinale:","Em Edição de vídeo, deletar arquivo original após cópia.","Em Edição de vídeo, filmar sem tripé sempre que possível.","Em Edição de vídeo, usar resolução mínima 1080p e preservar metadados.","Em Edição de vídeo, editar imagem para melhorar nitidez sem registro.","Em Edição de vídeo, usar flash direto em qualquer perícia.",A,Gabarito A. Edição de vídeo em Técnicas Audiovisuais: conforme banca VUNESP para PP-SP. Doutrina majoritária e jurisprudência atual.
454,VUNESP,PP-SP,Técnicas Audiovisuais,Iluminação,"Sobre Iluminação em perícia audiovisual, assinale a alternativa correta:","Em Iluminação, filmar sem tripé sempre que possível.","Em Iluminação, usar resolução mínima 1080p e preservar metadados.","Em Iluminação, editar imagem para melhorar nitidez sem registro.","Em Iluminação, deletar arquivo original após cópia.","Em Iluminação, usar flash direto em qualquer perícia.",C,Gabarito C. Iluminação em Técnicas Audiovisuais: conforme banca VUNESP para PP-SP. Conforme manual e legislação específica.
455,FGV,PP-SP,Técnicas Audiovisuais,Comunicação visual,"Em Comunicação visual, para preservação de vestígios digitais de imagem, assinale:","Em Comunicação visual, usar resolução mínima 1080p e preservar metadados.","Em Comunicação visual, editar imagem para melhorar nitidez sem registro.","Em Comunicação visual, deletar arquivo original após cópia.","Em Comunicação visual, usar flash direto em qualquer perícia.","Em Comunicação visual, filmar sem tripé sempre que possível.",C,Gabarito C. Comunicação visual em Técnicas Audiovisuais: conforme banca FGV para PP-SP. Padrão cobrado em provas de áreas policiais SP.
456,FGV,PC-SP,Técnicas Audiovisuais,Equipamentos audiovisuais,"Para Equipamentos audiovisuais em local de crime, o procedimento correto é:","Em Equipamentos audiovisuais, usar resolução mínima 1080p e preservar metadados.","Em Equipamentos audiovisuais, usar flash direto em qualquer perícia.","Em Equipamentos audiovisuais, editar imagem para melhorar nitidez sem registro.","Em Equipamentos audiovisuais, deletar arquivo original após cópia.","Em Equipamentos audiovisuais, filmar sem tripé sempre que possível.",A,Gabarito A. Equipamentos audiovisuais em Técnicas Audiovisuais: conforme banca FGV para PC-SP. Entendimento pacificado nos tribunais superiores.
457,FGV,PM-SP,Técnicas Audiovisuais,Comunicação visual,"Sobre Comunicação visual em perícia audiovisual, assinale a alternativa correta:","Em Comunicação visual, usar flash direto em qualquer perícia.","Em Comunicação visual, filmar sem tripé sempre que possível.","Em Comunicação visual, deletar arquivo original após cópia.","Em Comunicação visual, editar imagem para melhorar nitidez sem registro.","Em Comunicação visual, usar resolução mínima 1080p e preservar metadados.",B,Gabarito B. Comunicação visual em Técnicas Audiovisuais: conforme banca FGV para PM-SP. Padrão cobrado em provas de áreas policiais SP.
458,FGV,PP-SP,Técnicas Audiovisuais,Iluminação,"Em Iluminação para registro de ocorrência, conforme manual da Polícia Civil, é correto:","Em Iluminação, filmar sem tripé sempre que possível.","Em Iluminação, usar resolução mínima 1080p e preservar metadados.","Em Iluminação, usar flash direto em qualquer perícia.","Em Iluminação, deletar arquivo original após cópia.","Em Iluminação, editar imagem para melhorar nitidez sem registro.",B,Gabarito B. Iluminação em Técnicas Audiovisuais: conforme banca FGV para PP-SP. Padrão cobrado em provas de áreas policiais SP.
459,FGV,PC-SP,Técnicas Audiovisuais,Equipamentos audiovisuais,"Em Equipamentos audiovisuais para registro de ocorrência, conforme manual da Polícia Civil, é correto:","Em Equipamentos audiovisuais, filmar sem tripé sempre que possível.","Em Equipamentos audiovisuais, usar resolução mínima 1080p e preservar metadados.","Em Equipamentos audiovisuais, deletar arquivo original após cópia.","Em Equipamentos audiovisuais, editar imagem para melhorar nitidez sem registro.","Em Equipamentos audiovisuais, usar flash direto em qualquer perícia.",A,Gabarito A. Equipamentos audiovisuais em Técnicas Audiovisuais: conforme banca FGV para PC-SP. Doutrina majoritária e jurisprudência atual.
460,FGV,PP-SP,Técnicas Audiovisuais,Comunicação visual,"Para Comunicação visual em local de crime, o procedimento correto é:","Em Comunicação visual, usar flash direto em qualquer perícia.","Em Comunicação visual, editar imagem para melhorar nitidez sem registro.","Em Comunicação visual, deletar arquivo original após cópia.","Em Comunicação visual, usar resolução mínima 1080p e preservar metadados.","Em Comunicação visual, filmar sem tripé sempre que possível.",C,Gabarito C. Comunicação visual em Técnicas Audiovisuais: conforme banca FGV para PP-SP. Doutrina majoritária e jurisprudência atual.
461,FGV,PC-SP,Técnicas Audiovisuais,Edição de vídeo,"Em Edição de vídeo para registro de ocorrência, conforme manual da Polícia Civil, é correto:","Em Edição de vídeo, deletar arquivo original após cópia.","Em Edição de vídeo, usar resolução mínima 1080p e preservar metadados.","Em Edição de vídeo, usar flash direto em qualquer perícia.","Em Edição de vídeo, editar imagem para melhorar nitidez sem registro.","Em Edição de vídeo, filmar sem tripé sempre que possível.",B,Gabarito B. Edição de vídeo em Técnicas Audiovisuais: conforme banca FGV para PC-SP. Entendimento pacificado nos tribunais superiores.
462,VUNESP,PC-SP,Técnicas Audiovisuais,Edição de vídeo,"Em Edição de vídeo para registro de ocorrência, conforme manual da Polícia Civil, é correto:","Em Edição de vídeo, usar resolução mínima 1080p e preservar metadados.","Em Edição de vídeo, filmar sem tripé sempre que possível.","Em Edição de vídeo, editar imagem para melhorar nitidez sem registro.","Em Edição de vídeo, deletar arquivo original após cópia.","Em Edição de vídeo, usar flash direto em qualquer perícia.",C,Gabarito C. Edição de vídeo em Técnicas Audiovisuais: conforme banca VUNESP para PC-SP. Padrão cobrado em provas de áreas policiais SP.
463,VUNESP,PM-SP,Técnicas Audiovisuais,Iluminação,"Em Iluminação para registro de ocorrência, conforme manual da Polícia Civil, é correto:","Em Iluminação, filmar sem tripé sempre que possível.","Em Iluminação, editar imagem para melhorar nitidez sem registro.","Em Iluminação, deletar arquivo original após cópia.","Em Iluminação, usar flash direto em qualquer perícia.","Em Iluminação, usar resolução mínima 1080p e preservar metadados.",B,Gabarito B. Iluminação em Técnicas Audiovisuais: conforme banca VUNESP para PM-SP. Entendimento pacificado nos tribunais superiores.
464,VUNESP,PP-SP,Técnicas Audiovisuais,Edição de vídeo,"Em Edição de vídeo, para preservação de vestígios digitais de imagem, assinale:","Em Edição de vídeo, usar flash direto em qualquer perícia.","Em Edição de vídeo, deletar arquivo original após cópia.","Em Edição de vídeo, editar imagem para melhorar nitidez sem registro.","Em Edição de vídeo, usar resolução mínima 1080p e preservar metadados.","Em Edição de vídeo, filmar sem tripé sempre que possível.",C,Gabarito C. Edição de vídeo em Técnicas Audiovisuais: conforme banca VUNESP para PP-SP. Doutrina majoritária e jurisprudência atual.
465,VUNESP,PM-SP,Técnicas Audiovisuais,Iluminação,"Para Iluminação em local de crime, o procedimento correto é:","Em Iluminação, deletar arquivo original após cópia.","Em Iluminação, editar imagem para melhorar nitidez sem registro.","Em Iluminação, filmar sem tripé sempre que possível.","Em Iluminação, usar resolução mínima 1080p e preservar metadados.","Em Iluminação, usar flash direto em qualquer perícia.",A,Gabarito A. Iluminação em Técnicas Audiovisuais: conforme banca VUNESP para PM-SP. Entendimento pacificado nos tribunais superiores.
466,FGV,PP-SP,Técnicas Audiovisuais,Comunicação visual,"Em Comunicação visual, para preservação de vestígios digitais de imagem, assinale:","Em Comunicação visual, usar resolução mínima 1080p e preservar metadados.","Em Comunicação visual, deletar arquivo original após cópia.","Em Comunicação visual, filmar sem tripé sempre que possível.","Em Comunicação visual, usar flash direto em qualquer perícia.","Em Comunicação visual, editar imagem para melhorar nitidez sem registro.",A,Gabarito A. Comunicação visual em Técnicas Audiovisuais: conforme banca FGV para PP-SP. Doutrina majoritária e jurisprudência atual.
467,VUNESP,PP-SP,Técnicas Audiovisuais,Equipamentos audiovisuais,"Em Equipamentos audiovisuais para registro de ocorrência, conforme manual da Polícia Civil, é correto:","Em Equipamentos audiovisuais, filmar sem tripé sempre que possível.","Em Equipamentos audiovisuais, usar resolução mínima 1080p e preservar metadados.","Em Equipamentos audiovisuais, usar flash direto em qualquer perícia.","Em Equipamentos audiovisuais, editar imagem para melhorar nitidez sem registro.","Em Equipamentos audiovisuais, deletar arquivo original após cópia.",B,Gabarito B. Equipamentos audiovisuais em Técnicas Audiovisuais: conforme banca VUNESP para PP-SP. Conforme manual e legislação específica.
468,VUNESP,PM-SP,Técnicas Audiovisuais,Fotografia pericial,"Para Fotografia pericial em local de crime, o procedimento correto é:","Em Fotografia pericial, deletar arquivo original após cópia.","Em Fotografia pericial, filmar sem tripé sempre que possível.","Em Fotografia pericial, usar resolução mínima 1080p e preservar metadados.","Em Fotografia pericial, usar flash direto em qualquer perícia.","Em Fotografia pericial, editar imagem para melhorar nitidez sem registro.",B,Gabarito B. Fotografia pericial em Técnicas Audiovisuais: conforme banca VUNESP para PM-SP. Doutrina majoritária e jurisprudência atual.
469,VUNESP,PP-SP,Técnicas Audiovisuais,Iluminação,"Para Iluminação em local de crime, o procedimento correto é:","Em Iluminação, usar resolução mínima 1080p e preservar metadados.","Em Iluminação, deletar arquivo original após cópia.","Em Iluminação, filmar sem tripé sempre que possível.","Em Iluminação, editar imagem para melhorar nitidez sem registro.","Em Iluminação, usar flash direto em qualquer perícia.",C,Gabarito C. Iluminação em Técnicas Audiovisuais: conforme banca VUNESP para PP-SP. Padrão cobrado em provas de áreas policiais SP.
470,VUNESP,PC-SP,Técnicas Audiovisuais,Equipamentos audiovisuais,"Sobre Equipamentos audiovisuais em perícia audiovisual, assinale a alternativa correta:","Em Equipamentos audiovisuais, deletar arquivo original após cópia.","Em Equipamentos audiovisuais, filmar sem tripé sempre que possível.","Em Equipamentos audiovisuais, usar resolução mínima 1080p e preservar metadados.","Em Equipamentos audiovisuais, editar imagem para melhorar nitidez sem registro.","Em Equipamentos audiovisuais, usar flash direto em qualquer perícia.",C,Gabarito C. Equipamentos audiovisuais em Técnicas Audiovisuais: conforme banca VUNESP para PC-SP. Entendimento pacificado nos tribunais superiores.
471,VUNESP,PC-SP,Técnicas Audiovisuais,Edição de vídeo,"Em Edição de vídeo para registro de ocorrência, conforme manual da Polícia Civil, é correto:","Em Edição de vídeo, editar imagem para melhorar nitidez sem registro.","Em Edição de vídeo, filmar sem tripé sempre que possível.","Em Edição de vídeo, usar flash direto em qualquer perícia.","Em Edição de vídeo, usar resolução mínima 1080p e preservar metadados.","Em Edição de vídeo, deletar arquivo original após cópia.",C,Gabarito C. Edição de vídeo em Técnicas Audiovisuais: conforme banca VUNESP para PC-SP. Entendimento pacificado nos tribunais superiores.
472,FGV,PP-SP,Técnicas Audiovisuais,Iluminação,"Para Iluminação em local de crime, o procedimento correto é:","Em Iluminação, usar resolução mínima 1080p e preservar metadados.","Em Iluminação, filmar sem tripé sempre que possível.","Em Iluminação, usar flash direto em qualquer perícia.","Em Iluminação, editar imagem para melhorar nitidez sem registro.","Em Iluminação, deletar arquivo original após cópia.",C,Gabarito C. Iluminação em Técnicas Audiovisuais: conforme banca FGV para PP-SP. Padrão cobrado em provas de áreas policiais SP.
473,VUNESP,PC-SP,Técnicas Audiovisuais,Iluminação,"Em Iluminação, para preservação de vestígios digitais de imagem, assinale:","Em Iluminação, filmar sem tripé sempre que possível.","Em Iluminação, editar imagem para melhorar nitidez sem registro.","Em Iluminação, usar flash direto em qualquer perícia.","Em Iluminação, usar resolução mínima 1080p e preservar metadados.","Em Iluminação, deletar arquivo original após cópia.",C,Gabarito C. Iluminação em Técnicas Audiovisuais: conforme banca VUNESP para PC-SP. Padrão cobrado em provas de áreas policiais SP.
474,VUNESP,PM-SP,Técnicas Audiovisuais,Equipamentos audiovisuais,"Em Equipamentos audiovisuais, para preservação de vestígios digitais de imagem, assinale:","Em Equipamentos audiovisuais, editar imagem para melhorar nitidez sem registro.","Em Equipamentos audiovisuais, filmar sem tripé sempre que possível.","Em Equipamentos audiovisuais, deletar arquivo original após cópia.","Em Equipamentos audiovisuais, usar resolução mínima 1080p e preservar metadados.","Em Equipamentos audiovisuais, usar flash direto em qualquer perícia.",C,Gabarito C. Equipamentos audiovisuais em Técnicas Audiovisuais: conforme banca VUNESP para PM-SP. Doutrina majoritária e jurisprudência atual.
475,FGV,PM-SP,Técnicas Audiovisuais,Fotografia pericial,"Para Fotografia pericial em local de crime, o procedimento correto é:","Em Fotografia pericial, deletar arquivo original após cópia.","Em Fotografia pericial, filmar sem tripé sempre que possível.","Em Fotografia pericial, usar resolução mínima 1080p e preservar metadados.","Em Fotografia pericial, usar flash direto em qualquer perícia.","Em Fotografia pericial, editar imagem para melhorar nitidez sem registro.",C,Gabarito C. Fotografia pericial em Técnicas Audiovisuais: conforme banca FGV para PM-SP. Entendimento pacificado nos tribunais superiores.
476,VUNESP,PP-SP,Técnicas Audiovisuais,Fotografia pericial,"Em Fotografia pericial, para preservação de vestígios digitais de imagem, assinale:","Em Fotografia pericial, usar resolução mínima 1080p e preservar metadados.","Em Fotografia pericial, filmar sem tripé sempre que possível.","Em Fotografia pericial, usar flash direto em qualquer perícia.","Em Fotografia pericial, deletar arquivo original após cópia.","Em Fotografia pericial, editar imagem para melhorar nitidez sem registro.",B,Gabarito B. Fotografia pericial em Técnicas Audiovisuais: conforme banca VUNESP para PP-SP. Conforme manual e legislação específica.
477,FGV,PC-SP,Técnicas Audiovisuais,Fotografia pericial,"Sobre Fotografia pericial em perícia audiovisual, assinale a alternativa correta:","Em Fotografia pericial, usar flash direto em qualquer perícia.","Em Fotografia pericial, deletar arquivo original após cópia.","Em Fotografia pericial, usar resolução mínima 1080p e preservar metadados.","Em Fotografia pericial, editar imagem para melhorar nitidez sem registro.","Em Fotografia pericial, filmar sem tripé sempre que possível.",C,Gabarito C. Fotografia pericial em Técnicas Audiovisuais: conforme banca FGV para PC-SP. Conforme manual e legislação específica.
478,VUNESP,PC-SP,Técnicas Audiovisuais,Equipamentos audiovisuais,"Sobre Equipamentos audiovisuais em perícia audiovisual, assinale a alternativa correta:","Em Equipamentos audiovisuais, usar flash direto em qualquer perícia.","Em Equipamentos audiovisuais, editar imagem para melhorar nitidez sem registro.","Em Equipamentos audiovisuais, filmar sem tripé sempre que possível.","Em Equipamentos audiovisuais, usar resolução mínima 1080p e preservar metadados.","Em Equipamentos audiovisuais, deletar arquivo original após cópia.",C,Gabarito C. Equipamentos audiovisuais em Técnicas Audiovisuais: conforme banca VUNESP para PC-SP. Padrão cobrado em provas de áreas policiais SP.
479,FGV,PP-SP,Técnicas Audiovisuais,Comunicação visual,"Para Comunicação visual em local de crime, o procedimento correto é:","Em Comunicação visual, filmar sem tripé sempre que possível.","Em Comunicação visual, deletar arquivo original após cópia.","Em Comunicação visual, editar imagem para melhorar nitidez sem registro.","Em Comunicação visual, usar resolução mínima 1080p e preservar metadados.","Em Comunicação visual, usar flash direto em qualquer perícia.",C,Gabarito C. Comunicação visual em Técnicas Audiovisuais: conforme banca FGV para PP-SP. Doutrina majoritária e jurisprudência atual.
480,FGV,PP-SP,Técnicas Audiovisuais,Edição de vídeo,"Em Edição de vídeo para registro de ocorrência, conforme manual da Polícia Civil, é correto:","Em Edição de vídeo, usar resolução mínima 1080p e preservar metadados.","Em Edição de vídeo, filmar sem tripé sempre que possível.","Em Edição de vídeo, editar imagem para melhorar nitidez sem registro.","Em Edição de vídeo, usar flash direto em qualquer perícia.","Em Edição de vídeo, deletar arquivo original após cópia.",B,Gabarito B. Edição de vídeo em Técnicas Audiovisuais: conforme banca FGV para PP-SP. Entendimento pacificado nos tribunais superiores.
481,VUNESP,PP-SP,Técnicas Audiovisuais,Fotografia pericial,"Em Fotografia pericial para registro de ocorrência, conforme manual da Polícia Civil, é correto:","Em Fotografia pericial, deletar arquivo original após cópia.","Em Fotografia pericial, usar resolução mínima 1080p e preservar metadados.","Em Fotografia pericial, filmar sem tripé sempre que possível.","Em Fotografia pericial, editar imagem para melhorar nitidez sem registro.","Em Fotografia pericial, usar flash direto em qualquer perícia.",B,Gabarito B. Fotografia pericial em Técnicas Audiovisuais: conforme banca VUNESP para PP-SP. Entendimento pacificado nos tribunais superiores.
482,FGV,PM-SP,Técnicas Audiovisuais,Fotografia pericial,"Em Fotografia pericial, para preservação de vestígios digitais de imagem, assinale:","Em Fotografia pericial, filmar sem tripé sempre que possível.","Em Fotografia pericial, editar imagem para melhorar nitidez sem registro.","Em Fotografia pericial, usar flash direto em qualquer perícia.","Em Fotografia pericial, deletar arquivo original após cópia.","Em Fotografia pericial, usar resolução mínima 1080p e preservar metadados.",C,Gabarito C. Fotografia pericial em Técnicas Audiovisuais: conforme banca FGV para PM-SP. Padrão cobrado em provas de áreas policiais SP.
483,FGV,PP-SP,Técnicas Audiovisuais,Edição de vídeo,"Em Edição de vídeo, para preservação de vestígios digitais de imagem, assinale:","Em Edição de vídeo, usar flash direto em qualquer perícia.","Em Edição de vídeo, editar imagem para melhorar nitidez sem registro.","Em Edição de vídeo, deletar arquivo original após cópia.","Em Edição de vídeo, filmar sem tripé sempre que possível.","Em Edição de vídeo, usar resolução mínima 1080p e preservar metadados.",C,Gabarito C. Edição de vídeo em Técnicas Audiovisuais: conforme banca FGV para PP-SP. Entendimento pacificado nos tribunais superiores.
484,FGV,PM-SP,Técnicas Audiovisuais,Fotografia pericial,"Para Fotografia pericial em local de crime, o procedimento correto é:","Em Fotografia pericial, usar resolução mínima 1080p e preservar metadados.","Em Fotografia pericial, usar flash direto em qualquer perícia.","Em Fotografia pericial, editar imagem para melhorar nitidez sem registro.","Em Fotografia pericial, deletar arquivo original após cópia.","Em Fotografia pericial, filmar sem tripé sempre que possível.",B,Gabarito B. Fotografia pericial em Técnicas Audiovisuais: conforme banca FGV para PM-SP. Conforme manual e legislação específica.
485,VUNESP,PC-SP,Técnicas Audiovisuais,Equipamentos audiovisuais,"Em Equipamentos audiovisuais para registro de ocorrência, conforme manual da Polícia Civil, é correto:","Em Equipamentos audiovisuais, usar resolução mínima 1080p e preservar metadados.","Em Equipamentos audiovisuais, deletar arquivo original após cópia.","Em Equipamentos audiovisuais, usar flash direto em qualquer perícia.","Em Equipamentos audiovisuais, filmar sem tripé sempre que possível.","Em Equipamentos audiovisuais, editar imagem para melhorar nitidez sem registro.",B,Gabarito B. Equipamentos audiovisuais em Técnicas Audiovisuais: conforme banca VUNESP para PC-SP. Padrão cobrado em provas de áreas policiais SP.
486,FGV,PC-SP,Técnicas Audiovisuais,Edição de vídeo,"Em Edição de vídeo para registro de ocorrência, conforme manual da Polícia Civil, é correto:","Em Edição de vídeo, editar imagem para melhorar nitidez sem registro.","Em Edição de vídeo, filmar sem tripé sempre que possível.","Em Edição de vídeo, usar flash direto em qualquer perícia.","Em Edição de vídeo, deletar arquivo original após cópia.","Em Edição de vídeo, usar resolução mínima 1080p e preservar metadados.",B,Gabarito B. Edição de vídeo em Técnicas Audiovisuais: conforme banca FGV para PC-SP. Conforme manual e legislação específica.
487,VUNESP,PC-SP,Técnicas Audiovisuais,Iluminação,"Para Iluminação em local de crime, o procedimento correto é:","Em Iluminação, usar flash direto em qualquer perícia.","Em Iluminação, deletar arquivo original após cópia.","Em Iluminação, usar resolução mínima 1080p e preservar metadados.","Em Iluminação, editar imagem para melhorar nitidez sem registro.","Em Iluminação, filmar sem tripé sempre que possível.",B,Gabarito B. Iluminação em Técnicas Audiovisuais: conforme banca VUNESP para PC-SP. Padrão cobrado em provas de áreas policiais SP.
488,FGV,PP-SP,Técnicas Audiovisuais,Edição de vídeo,"Sobre Edição de vídeo em perícia audiovisual, assinale a alternativa correta:","Em Edição de vídeo, deletar arquivo original após cópia.","Em Edição de vídeo, usar flash direto em qualquer perícia.","Em Edição de vídeo, usar resolução mínima 1080p e preservar metadados.","Em Edição de vídeo, filmar sem tripé sempre que possível.","Em Edição de vídeo, editar imagem para melhorar nitidez sem registro.",B,Gabarito B. Edição de vídeo em Técnicas Audiovisuais: conforme banca FGV para PP-SP. Entendimento pacificado nos tribunais superiores.
489,FGV,PM-SP,Técnicas Audiovisuais,Equipamentos audiovisuais,"Para Equipamentos audiovisuais em local de crime, o procedimento correto é:","Em Equipamentos audiovisuais, editar imagem para melhorar nitidez sem registro.","Em Equipamentos audiovisuais, usar flash direto em qualquer perícia.","Em Equipamentos audiovisuais, usar resolução mínima 1080p e preservar metadados.","Em Equipamentos audiovisuais, deletar arquivo original após cópia.","Em Equipamentos audiovisuais, filmar sem tripé sempre que possível.",A,Gabarito A. Equipamentos audiovisuais em Técnicas Audiovisuais: conforme banca FGV para PM-SP. Conforme manual e legislação específica.
490,FGV,PM-SP,Técnicas Audiovisuais,Comunicação visual,"Para Comunicação visual em local de crime, o procedimento correto é:","Em Comunicação visual, editar imagem para melhorar nitidez sem registro.","Em Comunicação visual, usar resolução mínima 1080p e preservar metadados.","Em Comunicação visual, filmar sem tripé sempre que possível.","Em Comunicação visual, deletar arquivo original após cópia.","Em Comunicação visual, usar flash direto em qualquer perícia.",B,Gabarito B. Comunicação visual em Técnicas Audiovisuais: conforme banca FGV para PM-SP. Conforme manual e legislação específica.
491,FGV,PP-SP,Técnicas Audiovisuais,Fotografia pericial,"Para Fotografia pericial em local de crime, o procedimento correto é:","Em Fotografia pericial, filmar sem tripé sempre que possível.","Em Fotografia pericial, deletar arquivo original após cópia.","Em Fotografia pericial, usar resolução mínima 1080p e preservar metadados.","Em Fotografia pericial, usar flash direto em qualquer perícia.","Em Fotografia pericial, editar imagem para melhorar nitidez sem registro.",A,Gabarito A. Fotografia pericial em Técnicas Audiovisuais: conforme banca FGV para PP-SP. Padrão cobrado em provas de áreas policiais SP.
492,FGV,PP-SP,Técnicas Audiovisuais,Fotografia pericial,"Em Fotografia pericial para registro de ocorrência, conforme manual da Polícia Civil, é correto:","Em Fotografia pericial, usar flash direto em qualquer perícia.","Em Fotografia pericial, usar resolução mínima 1080p e preservar metadados.","Em Fotografia pericial, editar imagem para melhorar nitidez sem registro.","Em Fotografia pericial, filmar sem tripé sempre que possível.","Em Fotografia pericial, deletar arquivo original após cópia.",C,Gabarito C. Fotografia pericial em Técnicas Audiovisuais: conforme banca FGV para PP-SP. Entendimento pacificado nos tribunais superiores.
493,VUNESP,PC-SP,Técnicas Audiovisuais,Iluminação,"Para Iluminação em local de crime, o procedimento correto é:","Em Iluminação, usar resolução mínima 1080p e preservar metadados.","Em Iluminação, filmar sem tripé sempre que possível.","Em Iluminação, usar flash direto em qualquer perícia.","Em Iluminação, deletar arquivo original após cópia.","Em Iluminação, editar imagem para melhorar nitidez sem registro.",C,Gabarito C. Iluminação em Técnicas Audiovisuais: conforme banca VUNESP para PC-SP. Padrão cobrado em provas de áreas policiais SP.
494,FGV,PP-SP,Técnicas Audiovisuais,Edição de vídeo,"Sobre Edição de vídeo em perícia audiovisual, assinale a alternativa correta:","Em Edição de vídeo, filmar sem tripé sempre que possível.","Em Edição de vídeo, deletar arquivo original após cópia.","Em Edição de vídeo, editar imagem para melhorar nitidez sem registro.","Em Edição de vídeo, usar resolução mínima 1080p e preservar metadados.","Em Edição de vídeo, usar flash direto em qualquer perícia.",A,Gabarito A. Edição de vídeo em Técnicas Audiovisuais: conforme banca FGV para PP-SP. Entendimento pacificado nos tribunais superiores.
495,FGV,PP-SP,Técnicas Audiovisuais,Fotografia pericial,"Sobre Fotografia pericial em perícia audiovisual, assinale a alternativa correta:","Em Fotografia pericial, usar flash direto em qualquer perícia.","Em Fotografia pericial, deletar arquivo original após cópia.","Em Fotografia pericial, filmar sem tripé sempre que possível.","Em Fotografia pericial, editar imagem para melhorar nitidez sem registro.","Em Fotografia pericial, usar resolução mínima 1080p e preservar metadados.",B,Gabarito B. Fotografia pericial em Técnicas Audiovisuais: conforme banca FGV para PP-SP. Conforme manual e legislação específica.
496,FGV,PP-SP,Técnicas Audiovisuais,Iluminação,"Em Iluminação, para preservação de vestígios digitais de imagem, assinale:","Em Iluminação, filmar sem tripé sempre que possível.","Em Iluminação, deletar arquivo original após cópia.","Em Iluminação, usar resolução mínima 1080p e preservar metadados.","Em Iluminação, usar flash direto em qualquer perícia.","Em Iluminação, editar imagem para melhorar nitidez sem registro.",B,Gabarito B. Iluminação em Técnicas Audiovisuais: conforme banca FGV para PP-SP. Doutrina majoritária e jurisprudência atual.
497,VUNESP,PP-SP,Técnicas Audiovisuais,Edição de vídeo,"Para Edição de vídeo em local de crime, o procedimento correto é:","Em Edição de vídeo, filmar sem tripé sempre que possível.","Em Edição de vídeo, usar resolução mínima 1080p e preservar metadados.","Em Edição de vídeo, usar flash direto em qualquer perícia.","Em Edição de vídeo, deletar arquivo original após cópia.","Em Edição de vídeo, editar imagem para melhorar nitidez sem registro.",C,Gabarito C. Edição de vídeo em Técnicas Audiovisuais: conforme banca VUNESP para PP-SP. Doutrina majoritária e jurisprudência atual.
498,VUNESP,PP-SP,Técnicas Audiovisuais,Edição de vídeo,"Sobre Edição de vídeo em perícia audiovisual, assinale a alternativa correta:","Em Edição de vídeo, usar resolução mínima 1080p e preservar metadados.","Em Edição de vídeo, filmar sem tripé sempre que possível.","Em Edição de vídeo, editar imagem para melhorar nitidez sem registro.","Em Edição de vídeo, deletar arquivo original após cópia.","Em Edição de vídeo, usar flash direto em qualquer perícia.",B,Gabarito B. Edição de vídeo em Técnicas Audiovisuais: conforme banca VUNESP para PP-SP. Conforme manual e legislação específica.
499,VUNESP,PP-SP,Técnicas Audiovisuais,Comunicação visual,"Em Comunicação visual para registro de ocorrência, conforme manual da Polícia Civil, é correto:","Em Comunicação visual, deletar arquivo original após cópia.","Em Comunicação visual, usar flash direto em qualquer perícia.","Em Comunicação visual, filmar sem tripé sempre que possível.","Em Comunicação visual, usar resolução mínima 1080p e preservar metadados.","Em Comunicação visual, editar imagem para melhorar nitidez sem registro.",B,Gabarito B. Comunicação visual em Técnicas Audiovisuais: conforme banca VUNESP para PP-SP. Conforme manual e legislação específica.
500,VUNESP,PP-SP,Técnicas Audiovisuais,Edição de vídeo,"Em Edição de vídeo, para preservação de vestígios digitais de imagem, assinale:","Em Edição de vídeo, editar imagem para melhorar nitidez sem registro.","Em Edição de vídeo, deletar arquivo original após cópia.","Em Edição de vídeo, usar flash direto em qualquer perícia.","Em Edição de vídeo, filmar sem tripé sempre que possível.","Em Edição de vídeo, usar resolução mínima 1080p e preservar metadados.",C,Gabarito C. Edição de vídeo em Técnicas Audiovisuais: conforme banca VUNESP para PP-SP. Conforme manual e legislação específica.
501,VUNESP,PC-SP,Técnicas Audiovisuais,Edição de vídeo,"Em Edição de vídeo, para preservação de vestígios digitais de imagem, assinale:","Em Edição de vídeo, filmar sem tripé sempre que possível.","Em Edição de vídeo, usar flash direto em qualquer perícia.","Em Edição de vídeo, deletar arquivo original após cópia.","Em Edição de vídeo, editar imagem para melhorar nitidez sem registro.","Em Edição de vídeo, usar resolução mínima 1080p e preservar metadados.",B,Gabarito B. Edição de vídeo em Técnicas Audiovisuais: conforme banca VUNESP para PC-SP. Entendimento pacificado nos tribunais superiores.
502,VUNESP,PM-SP,Técnicas Audiovisuais,Edição de vídeo,"Em Edição de vídeo para registro de ocorrência, conforme manual da Polícia Civil, é correto:","Em Edição de vídeo, usar resolução mínima 1080p e preservar metadados.","Em Edição de vídeo, editar imagem para melhorar nitidez sem registro.","Em Edição de vídeo, filmar sem tripé sempre que possível.","Em Edição de vídeo, deletar arquivo original após cópia.","Em Edição de vídeo, usar flash direto em qualquer perícia.",C,Gabarito C. Edição de vídeo em Técnicas Audiovisuais: conforme banca VUNESP para PM-SP. Entendimento pacificado nos tribunais superiores.
503,VUNESP,PC-SP,Técnicas Audiovisuais,Captação de imagem,"Sobre Captação de imagem em perícia audiovisual, assinale a alternativa correta:","Em Captação de imagem, editar imagem para melhorar nitidez sem registro.","Em Captação de imagem, filmar sem tripé sempre que possível.","Em Captação de imagem, usar resolução mínima 1080p e preservar metadados.","Em Captação de imagem, usar flash direto em qualquer perícia.","Em Captação de imagem, deletar arquivo original após cópia.",B,Gabarito B. Captação de imagem em Técnicas Audiovisuais: conforme banca VUNESP para PC-SP. Doutrina majoritária e jurisprudência atual.
504,VUNESP,PC-SP,Técnicas Audiovisuais,Equipamentos audiovisuais,"Em Equipamentos audiovisuais para registro de ocorrência, conforme manual da Polícia Civil, é correto:","Em Equipamentos audiovisuais, editar imagem para melhorar nitidez sem registro.","Em Equipamentos audiovisuais, usar resolução mínima 1080p e preservar metadados.","Em Equipamentos audiovisuais, usar flash direto em qualquer perícia.","Em Equipamentos audiovisuais, deletar arquivo original após cópia.","Em Equipamentos audiovisuais, filmar sem tripé sempre que possível.",B,Gabarito B. Equipamentos audiovisuais em Técnicas Audiovisuais: conforme banca VUNESP para PC-SP. Doutrina majoritária e jurisprudência atual.
505,VUNESP,PP-SP,Técnicas Audiovisuais,Edição de vídeo,"Em Edição de vídeo para registro de ocorrência, conforme manual da Polícia Civil, é correto:","Em Edição de vídeo, editar imagem para melhorar nitidez sem registro.","Em Edição de vídeo, usar resolução mínima 1080p e preservar metadados.","Em Edição de vídeo, deletar arquivo original após cópia.","Em Edição de vídeo, usar flash direto em qualquer perícia.","Em Edição de vídeo, filmar sem tripé sempre que possível.",B,Gabarito B. Edição de vídeo em Técnicas Audiovisuais: conforme banca VUNESP para PP-SP. Entendimento pacificado nos tribunais superiores.
506,VUNESP,PM-SP,Técnicas Audiovisuais,Comunicação visual,"Em Comunicação visual para registro de ocorrência, conforme manual da Polícia Civil, é correto:","Em Comunicação visual, usar flash direto em qualquer perícia.","Em Comunicação visual, filmar sem tripé sempre que possível.","Em Comunicação visual, usar resolução mínima 1080p e preservar metadados.","Em Comunicação visual, deletar arquivo original após cópia.","Em Comunicação visual, editar imagem para melhorar nitidez sem registro.",A,Gabarito A. Comunicação visual em Técnicas Audiovisuais: conforme banca VUNESP para PM-SP. Entendimento pacificado nos tribunais superiores.
507,VUNESP,PC-SP,Técnicas Audiovisuais,Equipamentos audiovisuais,"Em Equipamentos audiovisuais, para preservação de vestígios digitais de imagem, assinale:","Em Equipamentos audiovisuais, filmar sem tripé sempre que possível.","Em Equipamentos audiovisuais, usar resolução mínima 1080p e preservar metadados.","Em Equipamentos audiovisuais, deletar arquivo original após cópia.","Em Equipamentos audiovisuais, editar imagem para melhorar nitidez sem registro.","Em Equipamentos audiovisuais, usar flash direto em qualquer perícia.",C,Gabarito C. Equipamentos audiovisuais em Técnicas Audiovisuais: conforme banca VUNESP para PC-SP. Conforme manual e legislação específica.
508,FGV,PM-SP,Técnicas Audiovisuais,Iluminação,"Em Iluminação, para preservação de vestígios digitais de imagem, assinale:","Em Iluminação, usar resolução mínima 1080p e preservar metadados.","Em Iluminação, deletar arquivo original após cópia.","Em Iluminação, usar flash direto em qualquer perícia.","Em Iluminação, filmar sem tripé sempre que possível.","Em Iluminação, editar imagem para melhorar nitidez sem registro.",B,Gabarito B. Iluminação em Técnicas Audiovisuais: conforme banca FGV para PM-SP. Conforme manual e legislação específica.
509,VUNESP,PC-SP,Técnicas Audiovisuais,Fotografia pericial,"Sobre Fotografia pericial em perícia audiovisual, assinale a alternativa correta:","Em Fotografia pericial, usar resolução mínima 1080p e preservar metadados.","Em Fotografia pericial, filmar sem tripé sempre que possível.","Em Fotografia pericial, editar imagem para melhorar nitidez sem registro.","Em Fotografia pericial, usar flash direto em qualquer perícia.","Em Fotografia pericial, deletar arquivo original após cópia.",C,Gabarito C. Fotografia pericial em Técnicas Audiovisuais: conforme banca VUNESP para PC-SP. Doutrina majoritária e jurisprudência atual.
510,FGV,PM-SP,Técnicas Audiovisuais,Comunicação visual,"Sobre Comunicação visual em perícia audiovisual, assinale a alternativa correta:","Em Comunicação visual, editar imagem para melhorar nitidez sem registro.","Em Comunicação visual, filmar sem tripé sempre que possível.","Em Comunicação visual, deletar arquivo original após cópia.","Em Comunicação visual, usar flash direto em qualquer perícia.","Em Comunicação visual, usar resolução mínima 1080p e preservar metadados.",B,Gabarito B. Comunicação visual em Técnicas Audiovisuais: conforme banca FGV para PM-SP. Doutrina majoritária e jurisprudência atual.
511,FGV,PC-SP,Técnicas Audiovisuais,Comunicação visual,"Em Comunicação visual, para preservação de vestígios digitais de imagem, assinale:","Em Comunicação visual, usar resolução mínima 1080p e preservar metadados.","Em Comunicação visual, deletar arquivo original após cópia.","Em Comunicação visual, usar flash direto em qualquer perícia.","Em Comunicação visual, editar imagem para melhorar nitidez sem registro.","Em Comunicação visual, filmar sem tripé sempre que possível.",B,Gabarito B. Comunicação visual em Técnicas Audiovisuais: conforme banca FGV para PC-SP. Conforme manual e legislação específica.
512,FGV,PC-SP,Técnicas Audiovisuais,Comunicação visual,"Em Comunicação visual para registro de ocorrência, conforme manual da Polícia Civil, é correto:","Em Comunicação visual, editar imagem para melhorar nitidez sem registro.","Em Comunicação visual, usar flash direto em qualquer perícia.","Em Comunicação visual, deletar arquivo original após cópia.","Em Comunicação visual, usar resolução mínima 1080p e preservar metadados.","Em Comunicação visual, filmar sem tripé sempre que possível.",C,Gabarito C. Comunicação visual em Técnicas Audiovisuais: conforme banca FGV para PC-SP. Doutrina majoritária e jurisprudência atual.
513,VUNESP,PP-SP,Técnicas Audiovisuais,Edição de vídeo,"Sobre Edição de vídeo em perícia audiovisual, assinale a alternativa correta:","Em Edição de vídeo, deletar arquivo original após cópia.","Em Edição de vídeo, editar imagem para melhorar nitidez sem registro.","Em Edição de vídeo, usar flash direto em qualquer perícia.","Em Edição de vídeo, filmar sem tripé sempre que possível.","Em Edição de vídeo, usar resolução mínima 1080p e preservar metadados.",C,Gabarito C. Edição de vídeo em Técnicas Audiovisuais: conforme banca VUNESP para PP-SP. Entendimento pacificado nos tribunais superiores.
514,FGV,PC-SP,Técnicas Audiovisuais,Captação de imagem,"Em Captação de imagem para registro de ocorrência, conforme manual da Polícia Civil, é correto:","Em Captação de imagem, filmar sem tripé sempre que possível.","Em Captação de imagem, deletar arquivo original após cópia.","Em Captação de imagem, usar flash direto em qualquer perícia.","Em Captação de imagem, editar imagem para melhorar nitidez sem registro.","Em Captação de imagem, usar resolução mínima 1080p e preservar metadados.",B,Gabarito B. Captação de imagem em Técnicas Audiovisuais: conforme banca FGV para PC-SP. Conforme manual e legislação específica.
515,VUNESP,PP-SP,Técnicas Audiovisuais,Comunicação visual,"Em Comunicação visual, para preservação de vestígios digitais de imagem, assinale:","Em Comunicação visual, deletar arquivo original após cópia.","Em Comunicação visual, editar imagem para melhorar nitidez sem registro.","Em Comunicação visual, filmar sem tripé sempre que possível.","Em Comunicação visual, usar resolução mínima 1080p e preservar metadados.","Em Comunicação visual, usar flash direto em qualquer perícia.",A,Gabarito A. Comunicação visual em Técnicas Audiovisuais: conforme banca VUNESP para PP-SP. Doutrina majoritária e jurisprudência atual.
516,VUNESP,PP-SP,Técnicas Audiovisuais,Comunicação visual,"Em Comunicação visual para registro de ocorrência, conforme manual da Polícia Civil, é correto:","Em Comunicação visual, filmar sem tripé sempre que possível.","Em Comunicação visual, usar flash direto em qualquer perícia.","Em Comunicação visual, deletar arquivo original após cópia.","Em Comunicação visual, usar resolução mínima 1080p e preservar metadados.","Em Comunicação visual, editar imagem para melhorar nitidez sem registro.",A,Gabarito A. Comunicação visual em Técnicas Audiovisuais: conforme banca VUNESP para PP-SP. Conforme manual e legislação específica.
517,VUNESP,PM-SP,Técnicas Audiovisuais,Edição de vídeo,"Sobre Edição de vídeo em perícia audiovisual, assinale a alternativa correta:","Em Edição de vídeo, usar resolução mínima 1080p e preservar metadados.","Em Edição de vídeo, deletar arquivo original após cópia.","Em Edição de vídeo, usar flash direto em qualquer perícia.","Em Edição de vídeo, editar imagem para melhorar nitidez sem registro.","Em Edição de vídeo, filmar sem tripé sempre que possível.",B,Gabarito B. Edição de vídeo em Técnicas Audiovisuais: conforme banca VUNESP para PM-SP. Entendimento pacificado nos tribunais superiores.
518,FGV,PM-SP,Técnicas Audiovisuais,Comunicação visual,"Em Comunicação visual, para preservação de vestígios digitais de imagem, assinale:","Em Comunicação visual, usar flash direto em qualquer perícia.","Em Comunicação visual, deletar arquivo original após cópia.","Em Comunicação visual, filmar sem tripé sempre que possível.","Em Comunicação visual, editar imagem para melhorar nitidez sem registro.","Em Comunicação visual, usar resolução mínima 1080p e preservar metadados.",A,Gabarito A. Comunicação visual em Técnicas Audiovisuais: conforme banca FGV para PM-SP. Entendimento pacificado nos tribunais superiores.
519,VUNESP,PM-SP,Técnicas Audiovisuais,Comunicação visual,"Em Comunicação visual, para preservação de vestígios digitais de imagem, assinale:","Em Comunicação visual, usar resolução mínima 1080p e preservar metadados.","Em Comunicação visual, editar imagem para melhorar nitidez sem registro.","Em Comunicação visual, deletar arquivo original após cópia.","Em Comunicação visual, filmar sem tripé sempre que possível.","Em Comunicação visual, usar flash direto em qualquer perícia.",B,Gabarito B. Comunicação visual em Técnicas Audiovisuais: conforme banca VUNESP para PM-SP. Conforme manual e legislação específica.
520,FGV,PM-SP,Técnicas Audiovisuais,Comunicação visual,"Para Comunicação visual em local de crime, o procedimento correto é:","Em Comunicação visual, deletar arquivo original após cópia.","Em Comunicação visual, usar resolução mínima 1080p e preservar metadados.","Em Comunicação visual, usar flash direto em qualquer perícia.","Em Comunicação visual, editar imagem para melhorar nitidez sem registro.","Em Comunicação visual, filmar sem tripé sempre que possível.",C,Gabarito C. Comunicação visual em Técnicas Audiovisuais: conforme banca FGV para PM-SP. Entendimento pacificado nos tribunais superiores.
521,FGV,PP-SP,Técnicas Audiovisuais,Fotografia pericial,"Em Fotografia pericial, para preservação de vestígios digitais de imagem, assinale:","Em Fotografia pericial, usar flash direto em qualquer perícia.","Em Fotografia pericial, deletar arquivo original após cópia.","Em Fotografia pericial, editar imagem para melhorar nitidez sem registro.","Em Fotografia pericial, filmar sem tripé sempre que possível.","Em Fotografia pericial, usar resolução mínima 1080p e preservar metadados.",A,Gabarito A. Fotografia pericial em Técnicas Audiovisuais: conforme banca FGV para PP-SP. Padrão cobrado em provas de áreas policiais SP.
522,VUNESP,PP-SP,Técnicas Audiovisuais,Fotografia pericial,"Sobre Fotografia pericial em perícia audiovisual, assinale a alternativa correta:","Em Fotografia pericial, deletar arquivo original após cópia.","Em Fotografia pericial, filmar sem tripé sempre que possível.","Em Fotografia pericial, usar resolução mínima 1080p e preservar metadados.","Em Fotografia pericial, usar flash direto em qualquer perícia.","Em Fotografia pericial, editar imagem para melhorar nitidez sem registro.",A,Gabarito A. Fotografia pericial em Técnicas Audiovisuais: conforme banca VUNESP para PP-SP. Padrão cobrado em provas de áreas policiais SP.
523,VUNESP,PP-SP,Técnicas Audiovisuais,Captação de imagem,"Para Captação de imagem em local de crime, o procedimento correto é:","Em Captação de imagem, usar resolução mínima 1080p e preservar metadados.","Em Captação de imagem, usar flash direto em qualquer perícia.","Em Captação de imagem, deletar arquivo original após cópia.","Em Captação de imagem, filmar sem tripé sempre que possível.","Em Captação de imagem, editar imagem para melhorar nitidez sem registro.",A,Gabarito A. Captação de imagem em Técnicas Audiovisuais: conforme banca VUNESP para PP-SP. Padrão cobrado em provas de áreas policiais SP.
524,FGV,PP-SP,Técnicas Audiovisuais,Edição de vídeo,"Em Edição de vídeo para registro de ocorrência, conforme manual da Polícia Civil, é correto:","Em Edição de vídeo, editar imagem para melhorar nitidez sem registro.","Em Edição de vídeo, usar resolução mínima 1080p e preservar metadados.","Em Edição de vídeo, usar flash direto em qualquer perícia.","Em Edição de vídeo, deletar arquivo original após cópia.","Em Edição de vídeo, filmar sem tripé sempre que possível.",B,Gabarito B. Edição de vídeo em Técnicas Audiovisuais: conforme banca FGV para PP-SP. Entendimento pacificado nos tribunais superiores.
525,VUNESP,PP-SP,Técnicas Audiovisuais,Equipamentos audiovisuais,"Em Equipamentos audiovisuais para registro de ocorrência, conforme manual da Polícia Civil, é correto:","Em Equipamentos audiovisuais, deletar arquivo original após cópia.","Em Equipamentos audiovisuais, editar imagem para melhorar nitidez sem registro.","Em Equipamentos audiovisuais, usar resolução mínima 1080p e preservar metadados.","Em Equipamentos audiovisuais, usar flash direto em qualquer perícia.","Em Equipamentos audiovisuais, filmar sem tripé sempre que possível.",B,Gabarito B. Equipamentos audiovisuais em Técnicas Audiovisuais: conforme banca VUNESP para PP-SP. Doutrina majoritária e jurisprudência atual.
526,FGV,PP-SP,Técnicas Audiovisuais,Fotografia pericial,"Em Fotografia pericial, para preservação de vestígios digitais de imagem, assinale:","Em Fotografia pericial, deletar arquivo original após cópia.","Em Fotografia pericial, filmar sem tripé sempre que possível.","Em Fotografia pericial, usar flash direto em qualquer perícia.","Em Fotografia pericial, editar imagem para melhorar nitidez sem registro.","Em Fotografia pericial, usar resolução mínima 1080p e preservar metadados.",C,Gabarito C. Fotografia pericial em Técnicas Audiovisuais: conforme banca FGV para PP-SP. Doutrina majoritária e jurisprudência atual.
527,VUNESP,PP-SP,Técnicas Audiovisuais,Fotografia pericial,"Sobre Fotografia pericial em perícia audiovisual, assinale a alternativa correta:","Em Fotografia pericial, deletar arquivo original após cópia.","Em Fotografia pericial, filmar sem tripé sempre que possível.","Em Fotografia pericial, usar resolução mínima 1080p e preservar metadados.","Em Fotografia pericial, editar imagem para melhorar nitidez sem registro.","Em Fotografia pericial, usar flash direto em qualquer perícia.",C,Gabarito C. Fotografia pericial em Técnicas Audiovisuais: conforme banca VUNESP para PP-SP. Conforme manual e legislação específica.
528,VUNESP,PC-SP,Técnicas Audiovisuais,Iluminação,"Em Iluminação, para preservação de vestígios digitais de imagem, assinale:","Em Iluminação, editar imagem para melhorar nitidez sem registro.","Em Iluminação, filmar sem tripé sempre que possível.","Em Iluminação, usar resolução mínima 1080p e preservar metadados.","Em Iluminação, deletar arquivo original após cópia.","Em Iluminação, usar flash direto em qualquer perícia.",B,Gabarito B. Iluminação em Técnicas Audiovisuais: conforme banca VUNESP para PC-SP. Doutrina majoritária e jurisprudência atual.
529,FCC,PC-SP,Noções de Informática,Redes e internet,"Quanto a Redes e internet no pacote Office, para relatório policial, assinale:",Redes e internet: backup deve ser feito apenas na nuvem pública.,Redes e internet: senha forte deve ter apenas letras minúsculas.,Redes e internet: atalho ALT+F4 encerra sem salvar.,Redes e internet: atalho CTRL+S salva e CTRL+P imprime relatório.,Redes e internet: phishing é técnica segura de proteção.,C,Gabarito C. Redes e internet em Noções de Informática: conforme banca FCC para PC-SP. Padrão cobrado em provas de áreas policiais SP.
530,FCC,PM-SP,Noções de Informática,Redes e internet,"Quanto a Redes e internet no pacote Office, para relatório policial, assinale:",Redes e internet: senha forte deve ter apenas letras minúsculas.,Redes e internet: atalho CTRL+S salva e CTRL+P imprime relatório.,Redes e internet: phishing é técnica segura de proteção.,Redes e internet: atalho ALT+F4 encerra sem salvar.,Redes e internet: backup deve ser feito apenas na nuvem pública.,C,Gabarito C. Redes e internet em Noções de Informática: conforme banca FCC para PM-SP. Doutrina majoritária e jurisprudência atual.
531,FGV,GCM-SP,Noções de Informática,Segurança da informação,"Em Segurança da informação, no Windows 10/11, para uso policial, o atalho correto é:",Segurança da informação: senha forte deve ter apenas letras minúsculas.,Segurança da informação: phishing é técnica segura de proteção.,Segurança da informação: atalho ALT+F4 encerra sem salvar.,Segurança da informação: backup deve ser feito apenas na nuvem pública.,Segurança da informação: atalho CTRL+S salva e CTRL+P imprime relatório.,B,Gabarito B. Segurança da informação em Noções de Informática: conforme banca FGV para GCM-SP. Padrão cobrado em provas de áreas policiais SP.
532,FGV,PC-SP,Noções de Informática,Segurança da informação,"Em Segurança da informação, para segurança da informação na PC-SP, é correto:",Segurança da informação: atalho CTRL+S salva e CTRL+P imprime relatório.,Segurança da informação: senha forte deve ter apenas letras minúsculas.,Segurança da informação: backup deve ser feito apenas na nuvem pública.,Segurança da informação: phishing é técnica segura de proteção.,Segurança da informação: atalho ALT+F4 encerra sem salvar.,A,Gabarito A. Segurança da informação em Noções de Informática: conforme banca FGV para PC-SP. Padrão cobrado em provas de áreas policiais SP.
533,VUNESP,PM-SP,Noções de Informática,Redes e internet,"Sobre Redes e internet em ambiente policial, assinale a alternativa correta:",Redes e internet: backup deve ser feito apenas na nuvem pública.,Redes e internet: atalho CTRL+S salva e CTRL+P imprime relatório.,Redes e internet: senha forte deve ter apenas letras minúsculas.,Redes e internet: atalho ALT+F4 encerra sem salvar.,Redes e internet: phishing é técnica segura de proteção.,B,Gabarito B. Redes e internet em Noções de Informática: conforme banca VUNESP para PM-SP. Doutrina majoritária e jurisprudência atual.
534,FCC,PM-SP,Noções de Informática,Word e Excel,"Em Word e Excel, para segurança da informação na PC-SP, é correto:",Word e Excel: atalho ALT+F4 encerra sem salvar.,Word e Excel: senha forte deve ter apenas letras minúsculas.,Word e Excel: backup deve ser feito apenas na nuvem pública.,Word e Excel: phishing é técnica segura de proteção.,Word e Excel: atalho CTRL+S salva e CTRL+P imprime relatório.,B,Gabarito B. Word e Excel em Noções de Informática: conforme banca FCC para PM-SP. Conforme manual e legislação específica.
535,VUNESP,GCM-SP,Noções de Informática,Redes e internet,"Sobre Redes e internet em ambiente policial, assinale a alternativa correta:",Redes e internet: phishing é técnica segura de proteção.,Redes e internet: backup deve ser feito apenas na nuvem pública.,Redes e internet: atalho CTRL+S salva e CTRL+P imprime relatório.,Redes e internet: atalho ALT+F4 encerra sem salvar.,Redes e internet: senha forte deve ter apenas letras minúsculas.,A,Gabarito A. Redes e internet em Noções de Informática: conforme banca VUNESP para GCM-SP. Conforme manual e legislação específica.
536,FCC,PM-SP,Noções de Informática,Atalhos,"Em Atalhos, no Windows 10/11, para uso policial, o atalho correto é:",Atalhos: phishing é técnica segura de proteção.,Atalhos: senha forte deve ter apenas letras minúsculas.,Atalhos: atalho ALT+F4 encerra sem salvar.,Atalhos: atalho CTRL+S salva e CTRL+P imprime relatório.,Atalhos: backup deve ser feito apenas na nuvem pública.,B,Gabarito B. Atalhos em Noções de Informática: conforme banca FCC para PM-SP. Entendimento pacificado nos tribunais superiores.
537,FCC,GCM-SP,Noções de Informática,Word e Excel,"Em Word e Excel, no Windows 10/11, para uso policial, o atalho correto é:",Word e Excel: phishing é técnica segura de proteção.,Word e Excel: atalho ALT+F4 encerra sem salvar.,Word e Excel: senha forte deve ter apenas letras minúsculas.,Word e Excel: atalho CTRL+S salva e CTRL+P imprime relatório.,Word e Excel: backup deve ser feito apenas na nuvem pública.,B,Gabarito B. Word e Excel em Noções de Informática: conforme banca FCC para GCM-SP. Entendimento pacificado nos tribunais superiores.
538,VUNESP,GCM-SP,Noções de Informática,Windows,"Quanto a Windows no pacote Office, para relatório policial, assinale:",Windows: senha forte deve ter apenas letras minúsculas.,Windows: atalho CTRL+S salva e CTRL+P imprime relatório.,Windows: phishing é técnica segura de proteção.,Windows: backup deve ser feito apenas na nuvem pública.,Windows: atalho ALT+F4 encerra sem salvar.,B,Gabarito B. Windows em Noções de Informática: conforme banca VUNESP para GCM-SP. Conforme manual e legislação específica.
539,FCC,PC-SP,Noções de Informática,Atalhos,"Sobre Atalhos em ambiente policial, assinale a alternativa correta:",Atalhos: senha forte deve ter apenas letras minúsculas.,Atalhos: atalho CTRL+S salva e CTRL+P imprime relatório.,Atalhos: phishing é técnica segura de proteção.,Atalhos: backup deve ser feito apenas na nuvem pública.,Atalhos: atalho ALT+F4 encerra sem salvar.,B,Gabarito B. Atalhos em Noções de Informática: conforme banca FCC para PC-SP. Padrão cobrado em provas de áreas policiais SP.
540,FGV,GCM-SP,Noções de Informática,Atalhos,"Quanto a Atalhos no pacote Office, para relatório policial, assinale:",Atalhos: phishing é técnica segura de proteção.,Atalhos: senha forte deve ter apenas letras minúsculas.,Atalhos: atalho CTRL+S salva e CTRL+P imprime relatório.,Atalhos: atalho ALT+F4 encerra sem salvar.,Atalhos: backup deve ser feito apenas na nuvem pública.,B,Gabarito B. Atalhos em Noções de Informática: conforme banca FGV para GCM-SP. Entendimento pacificado nos tribunais superiores.
541,FGV,PM-SP,Noções de Informática,Backup,"Em Backup, para segurança da informação na PC-SP, é correto:",Backup: backup deve ser feito apenas na nuvem pública.,Backup: senha forte deve ter apenas letras minúsculas.,Backup: atalho ALT+F4 encerra sem salvar.,Backup: phishing é técnica segura de proteção.,Backup: atalho CTRL+S salva e CTRL+P imprime relatório.,A,Gabarito A. Backup em Noções de Informática: conforme banca FGV para PM-SP. Entendimento pacificado nos tribunais superiores.
542,VUNESP,GCM-SP,Noções de Informática,Word e Excel,"Quanto a Word e Excel no pacote Office, para relatório policial, assinale:",Word e Excel: backup deve ser feito apenas na nuvem pública.,Word e Excel: senha forte deve ter apenas letras minúsculas.,Word e Excel: phishing é técnica segura de proteção.,Word e Excel: atalho CTRL+S salva e CTRL+P imprime relatório.,Word e Excel: atalho ALT+F4 encerra sem salvar.,A,Gabarito A. Word e Excel em Noções de Informática: conforme banca VUNESP para GCM-SP. Padrão cobrado em provas de áreas policiais SP.
543,VUNESP,PM-SP,Noções de Informática,Redes e internet,"Quanto a Redes e internet no pacote Office, para relatório policial, assinale:",Redes e internet: backup deve ser feito apenas na nuvem pública.,Redes e internet: atalho CTRL+S salva e CTRL+P imprime relatório.,Redes e internet: atalho ALT+F4 encerra sem salvar.,Redes e internet: senha forte deve ter apenas letras minúsculas.,Redes e internet: phishing é técnica segura de proteção.,C,Gabarito C. Redes e internet em Noções de Informática: conforme banca VUNESP para PM-SP. Padrão cobrado em provas de áreas policiais SP.
544,FCC,PM-SP,Noções de Informática,Atalhos,"Sobre Atalhos em ambiente policial, assinale a alternativa correta:",Atalhos: senha forte deve ter apenas letras minúsculas.,Atalhos: atalho CTRL+S salva e CTRL+P imprime relatório.,Atalhos: backup deve ser feito apenas na nuvem pública.,Atalhos: atalho ALT+F4 encerra sem salvar.,Atalhos: phishing é técnica segura de proteção.,A,Gabarito A. Atalhos em Noções de Informática: conforme banca FCC para PM-SP. Padrão cobrado em provas de áreas policiais SP.
545,VUNESP,PC-SP,Noções de Informática,Segurança da informação,"Sobre Segurança da informação em ambiente policial, assinale a alternativa correta:",Segurança da informação: backup deve ser feito apenas na nuvem pública.,Segurança da informação: atalho CTRL+S salva e CTRL+P imprime relatório.,Segurança da informação: senha forte deve ter apenas letras minúsculas.,Segurança da informação: atalho ALT+F4 encerra sem salvar.,Segurança da informação: phishing é técnica segura de proteção.,B,Gabarito B. Segurança da informação em Noções de Informática: conforme banca VUNESP para PC-SP. Conforme manual e legislação específica.
546,FGV,PP-SP,Noções de Informática,Redes e internet,"Em Redes e internet, para segurança da informação na PC-SP, é correto:",Redes e internet: backup deve ser feito apenas na nuvem pública.,Redes e internet: phishing é técnica segura de proteção.,Redes e internet: atalho CTRL+S salva e CTRL+P imprime relatório.,Redes e internet: senha forte deve ter apenas letras minúsculas.,Redes e internet: atalho ALT+F4 encerra sem salvar.,C,Gabarito C. Redes e internet em Noções de Informática: conforme banca FGV para PP-SP. Doutrina majoritária e jurisprudência atual.
547,FCC,GCM-SP,Noções de Informática,Atalhos,"Sobre Atalhos em ambiente policial, assinale a alternativa correta:",Atalhos: backup deve ser feito apenas na nuvem pública.,Atalhos: phishing é técnica segura de proteção.,Atalhos: atalho CTRL+S salva e CTRL+P imprime relatório.,Atalhos: atalho ALT+F4 encerra sem salvar.,Atalhos: senha forte deve ter apenas letras minúsculas.,B,Gabarito B. Atalhos em Noções de Informática: conforme banca FCC para GCM-SP. Doutrina majoritária e jurisprudência atual.
548,FGV,PM-SP,Noções de Informática,Backup,"Quanto a Backup no pacote Office, para relatório policial, assinale:",Backup: atalho CTRL+S salva e CTRL+P imprime relatório.,Backup: senha forte deve ter apenas letras minúsculas.,Backup: backup deve ser feito apenas na nuvem pública.,Backup: atalho ALT+F4 encerra sem salvar.,Backup: phishing é técnica segura de proteção.,C,Gabarito C. Backup em Noções de Informática: conforme banca FGV para PM-SP. Padrão cobrado em provas de áreas policiais SP.
549,VUNESP,PM-SP,Noções de Informática,Word e Excel,"Em Word e Excel, no Windows 10/11, para uso policial, o atalho correto é:",Word e Excel: senha forte deve ter apenas letras minúsculas.,Word e Excel: phishing é técnica segura de proteção.,Word e Excel: atalho ALT+F4 encerra sem salvar.,Word e Excel: atalho CTRL+S salva e CTRL+P imprime relatório.,Word e Excel: backup deve ser feito apenas na nuvem pública.,C,Gabarito C. Word e Excel em Noções de Informática: conforme banca VUNESP para PM-SP. Padrão cobrado em provas de áreas policiais SP.
550,VUNESP,PM-SP,Noções de Informática,Word e Excel,"Quanto a Word e Excel no pacote Office, para relatório policial, assinale:",Word e Excel: atalho CTRL+S salva e CTRL+P imprime relatório.,Word e Excel: atalho ALT+F4 encerra sem salvar.,Word e Excel: phishing é técnica segura de proteção.,Word e Excel: backup deve ser feito apenas na nuvem pública.,Word e Excel: senha forte deve ter apenas letras minúsculas.,C,Gabarito C. Word e Excel em Noções de Informática: conforme banca VUNESP para PM-SP. Padrão cobrado em provas de áreas policiais SP.
551,FGV,PC-SP,Noções de Informática,Redes e internet,"Quanto a Redes e internet no pacote Office, para relatório policial, assinale:",Redes e internet: atalho ALT+F4 encerra sem salvar.,Redes e internet: atalho CTRL+S salva e CTRL+P imprime relatório.,Redes e internet: senha forte deve ter apenas letras minúsculas.,Redes e internet: backup deve ser feito apenas na nuvem pública.,Redes e internet: phishing é técnica segura de proteção.,A,Gabarito A. Redes e internet em Noções de Informática: conforme banca FGV para PC-SP. Doutrina majoritária e jurisprudência atual.
552,FGV,PC-SP,Noções de Informática,Redes e internet,"Sobre Redes e internet em ambiente policial, assinale a alternativa correta:",Redes e internet: atalho ALT+F4 encerra sem salvar.,Redes e internet: atalho CTRL+S salva e CTRL+P imprime relatório.,Redes e internet: phishing é técnica segura de proteção.,Redes e internet: backup deve ser feito apenas na nuvem pública.,Redes e internet: senha forte deve ter apenas letras minúsculas.,A,Gabarito A. Redes e internet em Noções de Informática: conforme banca FGV para PC-SP. Conforme manual e legislação específica.
553,FCC,PC-SP,Noções de Informática,Atalhos,"Sobre Atalhos em ambiente policial, assinale a alternativa correta:",Atalhos: atalho CTRL+S salva e CTRL+P imprime relatório.,Atalhos: senha forte deve ter apenas letras minúsculas.,Atalhos: atalho ALT+F4 encerra sem salvar.,Atalhos: backup deve ser feito apenas na nuvem pública.,Atalhos: phishing é técnica segura de proteção.,B,Gabarito B. Atalhos em Noções de Informática: conforme banca FCC para PC-SP. Conforme manual e legislação específica.
554,FGV,GCM-SP,Noções de Informática,Word e Excel,"Em Word e Excel, no Windows 10/11, para uso policial, o atalho correto é:",Word e Excel: atalho CTRL+S salva e CTRL+P imprime relatório.,Word e Excel: phishing é técnica segura de proteção.,Word e Excel: backup deve ser feito apenas na nuvem pública.,Word e Excel: atalho ALT+F4 encerra sem salvar.,Word e Excel: senha forte deve ter apenas letras minúsculas.,B,Gabarito B. Word e Excel em Noções de Informática: conforme banca FGV para GCM-SP. Doutrina majoritária e jurisprudência atual.
555,FCC,PM-SP,Noções de Informática,Word e Excel,"Quanto a Word e Excel no pacote Office, para relatório policial, assinale:",Word e Excel: senha forte deve ter apenas letras minúsculas.,Word e Excel: atalho CTRL+S salva e CTRL+P imprime relatório.,Word e Excel: atalho ALT+F4 encerra sem salvar.,Word e Excel: phishing é técnica segura de proteção.,Word e Excel: backup deve ser feito apenas na nuvem pública.,C,Gabarito C. Word e Excel em Noções de Informática: conforme banca FCC para PM-SP. Conforme manual e legislação específica.
556,FCC,PM-SP,Noções de Informática,Atalhos,"Quanto a Atalhos no pacote Office, para relatório policial, assinale:",Atalhos: backup deve ser feito apenas na nuvem pública.,Atalhos: senha forte deve ter apenas letras minúsculas.,Atalhos: atalho ALT+F4 encerra sem salvar.,Atalhos: phishing é técnica segura de proteção.,Atalhos: atalho CTRL+S salva e CTRL+P imprime relatório.,B,Gabarito B. Atalhos em Noções de Informática: conforme banca FCC para PM-SP. Doutrina majoritária e jurisprudência atual.
557,FCC,PP-SP,Noções de Informática,Windows,"Em Windows, para segurança da informação na PC-SP, é correto:",Windows: atalho ALT+F4 encerra sem salvar.,Windows: senha forte deve ter apenas letras minúsculas.,Windows: phishing é técnica segura de proteção.,Windows: backup deve ser feito apenas na nuvem pública.,Windows: atalho CTRL+S salva e CTRL+P imprime relatório.,C,Gabarito C. Windows em Noções de Informática: conforme banca FCC para PP-SP. Conforme manual e legislação específica.
558,VUNESP,GCM-SP,Noções de Informática,Windows,"Sobre Windows em ambiente policial, assinale a alternativa correta:",Windows: backup deve ser feito apenas na nuvem pública.,Windows: phishing é técnica segura de proteção.,Windows: atalho CTRL+S salva e CTRL+P imprime relatório.,Windows: senha forte deve ter apenas letras minúsculas.,Windows: atalho ALT+F4 encerra sem salvar.,C,Gabarito C. Windows em Noções de Informática: conforme banca VUNESP para GCM-SP. Entendimento pacificado nos tribunais superiores.
559,FCC,PP-SP,Noções de Informática,Segurança da informação,"Em Segurança da informação, para segurança da informação na PC-SP, é correto:",Segurança da informação: senha forte deve ter apenas letras minúsculas.,Segurança da informação: phishing é técnica segura de proteção.,Segurança da informação: backup deve ser feito apenas na nuvem pública.,Segurança da informação: atalho CTRL+S salva e CTRL+P imprime relatório.,Segurança da informação: atalho ALT+F4 encerra sem salvar.,B,Gabarito B. Segurança da informação em Noções de Informática: conforme banca FCC para PP-SP. Entendimento pacificado nos tribunais superiores.
560,FGV,PP-SP,Noções de Informática,Windows,"Quanto a Windows no pacote Office, para relatório policial, assinale:",Windows: backup deve ser feito apenas na nuvem pública.,Windows: atalho ALT+F4 encerra sem salvar.,Windows: phishing é técnica segura de proteção.,Windows: atalho CTRL+S salva e CTRL+P imprime relatório.,Windows: senha forte deve ter apenas letras minúsculas.,C,Gabarito C. Windows em Noções de Informática: conforme banca FGV para PP-SP. Padrão cobrado em provas de áreas policiais SP.
561,FCC,PP-SP,Noções de Informática,Atalhos,"Quanto a Atalhos no pacote Office, para relatório policial, assinale:",Atalhos: atalho ALT+F4 encerra sem salvar.,Atalhos: phishing é técnica segura de proteção.,Atalhos: atalho CTRL+S salva e CTRL+P imprime relatório.,Atalhos: senha forte deve ter apenas letras minúsculas.,Atalhos: backup deve ser feito apenas na nuvem pública.,C,Gabarito C. Atalhos em Noções de Informática: conforme banca FCC para PP-SP. Entendimento pacificado nos tribunais superiores.
562,FCC,PM-SP,Noções de Informática,Atalhos,"Em Atalhos, no Windows 10/11, para uso policial, o atalho correto é:",Atalhos: phishing é técnica segura de proteção.,Atalhos: backup deve ser feito apenas na nuvem pública.,Atalhos: atalho CTRL+S salva e CTRL+P imprime relatório.,Atalhos: senha forte deve ter apenas letras minúsculas.,Atalhos: atalho ALT+F4 encerra sem salvar.,B,Gabarito B. Atalhos em Noções de Informática: conforme banca FCC para PM-SP. Padrão cobrado em provas de áreas policiais SP.
563,FCC,GCM-SP,Noções de Informática,Windows,"Em Windows, para segurança da informação na PC-SP, é correto:",Windows: phishing é técnica segura de proteção.,Windows: atalho ALT+F4 encerra sem salvar.,Windows: backup deve ser feito apenas na nuvem pública.,Windows: senha forte deve ter apenas letras minúsculas.,Windows: atalho CTRL+S salva e CTRL+P imprime relatório.,C,Gabarito C. Windows em Noções de Informática: conforme banca FCC para GCM-SP. Padrão cobrado em provas de áreas policiais SP.
564,FGV,PM-SP,Noções de Informática,Backup,"Quanto a Backup no pacote Office, para relatório policial, assinale:",Backup: atalho ALT+F4 encerra sem salvar.,Backup: backup deve ser feito apenas na nuvem pública.,Backup: atalho CTRL+S salva e CTRL+P imprime relatório.,Backup: phishing é técnica segura de proteção.,Backup: senha forte deve ter apenas letras minúsculas.,B,Gabarito B. Backup em Noções de Informática: conforme banca FGV para PM-SP. Entendimento pacificado nos tribunais superiores.
565,FGV,PC-SP,Noções de Informática,Segurança da informação,"Quanto a Segurança da informação no pacote Office, para relatório policial, assinale:",Segurança da informação: backup deve ser feito apenas na nuvem pública.,Segurança da informação: phishing é técnica segura de proteção.,Segurança da informação: atalho ALT+F4 encerra sem salvar.,Segurança da informação: atalho CTRL+S salva e CTRL+P imprime relatório.,Segurança da informação: senha forte deve ter apenas letras minúsculas.,C,Gabarito C. Segurança da informação em Noções de Informática: conforme banca FGV para PC-SP. Doutrina majoritária e jurisprudência atual.
566,FGV,GCM-SP,Noções de Informática,Backup,"Quanto a Backup no pacote Office, para relatório policial, assinale:",Backup: backup deve ser feito apenas na nuvem pública.,Backup: atalho CTRL+S salva e CTRL+P imprime relatório.,Backup: phishing é técnica segura de proteção.,Backup: atalho ALT+F4 encerra sem salvar.,Backup: senha forte deve ter apenas letras minúsculas.,A,Gabarito A. Backup em Noções de Informática: conforme banca FGV para GCM-SP. Doutrina majoritária e jurisprudência atual.
567,FCC,PC-SP,Noções de Informática,Windows,"Quanto a Windows no pacote Office, para relatório policial, assinale:",Windows: atalho CTRL+S salva e CTRL+P imprime relatório.,Windows: backup deve ser feito apenas na nuvem pública.,Windows: atalho ALT+F4 encerra sem salvar.,Windows: phishing é técnica segura de proteção.,Windows: senha forte deve ter apenas letras minúsculas.,B,Gabarito B. Windows em Noções de Informática: conforme banca FCC para PC-SP. Entendimento pacificado nos tribunais superiores.
568,FCC,PP-SP,Noções de Informática,Word e Excel,"Quanto a Word e Excel no pacote Office, para relatório policial, assinale:",Word e Excel: senha forte deve ter apenas letras minúsculas.,Word e Excel: atalho CTRL+S salva e CTRL+P imprime relatório.,Word e Excel: phishing é técnica segura de proteção.,Word e Excel: atalho ALT+F4 encerra sem salvar.,Word e Excel: backup deve ser feito apenas na nuvem pública.,B,Gabarito B. Word e Excel em Noções de Informática: conforme banca FCC para PP-SP. Padrão cobrado em provas de áreas policiais SP.
569,VUNESP,PC-SP,Noções de Informática,Windows,"Quanto a Windows no pacote Office, para relatório policial, assinale:",Windows: senha forte deve ter apenas letras minúsculas.,Windows: backup deve ser feito apenas na nuvem pública.,Windows: phishing é técnica segura de proteção.,Windows: atalho ALT+F4 encerra sem salvar.,Windows: atalho CTRL+S salva e CTRL+P imprime relatório.,C,Gabarito C. Windows em Noções de Informática: conforme banca VUNESP para PC-SP. Doutrina majoritária e jurisprudência atual.
570,FGV,PM-SP,Noções de Informática,Segurança da informação,"Em Segurança da informação, no Windows 10/11, para uso policial, o atalho correto é:",Segurança da informação: backup deve ser feito apenas na nuvem pública.,Segurança da informação: atalho CTRL+S salva e CTRL+P imprime relatório.,Segurança da informação: senha forte deve ter apenas letras minúsculas.,Segurança da informação: phishing é técnica segura de proteção.,Segurança da informação: atalho ALT+F4 encerra sem salvar.,B,Gabarito B. Segurança da informação em Noções de Informática: conforme banca FGV para PM-SP. Entendimento pacificado nos tribunais superiores.
571,FCC,GCM-SP,Noções de Informática,Atalhos,"Em Atalhos, no Windows 10/11, para uso policial, o atalho correto é:",Atalhos: senha forte deve ter apenas letras minúsculas.,Atalhos: backup deve ser feito apenas na nuvem pública.,Atalhos: atalho ALT+F4 encerra sem salvar.,Atalhos: phishing é técnica segura de proteção.,Atalhos: atalho CTRL+S salva e CTRL+P imprime relatório.,A,Gabarito A. Atalhos em Noções de Informática: conforme banca FCC para GCM-SP. Doutrina majoritária e jurisprudência atual.
572,VUNESP,GCM-SP,Noções de Informática,Word e Excel,"Em Word e Excel, para segurança da informação na PC-SP, é correto:",Word e Excel: atalho ALT+F4 encerra sem salvar.,Word e Excel: phishing é técnica segura de proteção.,Word e Excel: atalho CTRL+S salva e CTRL+P imprime relatório.,Word e Excel: senha forte deve ter apenas letras minúsculas.,Word e Excel: backup deve ser feito apenas na nuvem pública.,C,Gabarito C. Word e Excel em Noções de Informática: conforme banca VUNESP para GCM-SP. Padrão cobrado em provas de áreas policiais SP.
573,FGV,GCM-SP,Noções de Informática,Backup,"Quanto a Backup no pacote Office, para relatório policial, assinale:",Backup: senha forte deve ter apenas letras minúsculas.,Backup: atalho ALT+F4 encerra sem salvar.,Backup: phishing é técnica segura de proteção.,Backup: atalho CTRL+S salva e CTRL+P imprime relatório.,Backup: backup deve ser feito apenas na nuvem pública.,A,Gabarito A. Backup em Noções de Informática: conforme banca FGV para GCM-SP. Entendimento pacificado nos tribunais superiores.
574,FCC,PC-SP,Noções de Informática,Atalhos,"Sobre Atalhos em ambiente policial, assinale a alternativa correta:",Atalhos: backup deve ser feito apenas na nuvem pública.,Atalhos: atalho CTRL+S salva e CTRL+P imprime relatório.,Atalhos: atalho ALT+F4 encerra sem salvar.,Atalhos: phishing é técnica segura de proteção.,Atalhos: senha forte deve ter apenas letras minúsculas.,C,Gabarito C. Atalhos em Noções de Informática: conforme banca FCC para PC-SP. Entendimento pacificado nos tribunais superiores.
575,FGV,PP-SP,Noções de Informática,Windows,"Sobre Windows em ambiente policial, assinale a alternativa correta:",Windows: atalho ALT+F4 encerra sem salvar.,Windows: phishing é técnica segura de proteção.,Windows: atalho CTRL+S salva e CTRL+P imprime relatório.,Windows: backup deve ser feito apenas na nuvem pública.,Windows: senha forte deve ter apenas letras minúsculas.,B,Gabarito B. Windows em Noções de Informática: conforme banca FGV para PP-SP. Entendimento pacificado nos tribunais superiores.
576,VUNESP,GCM-SP,Noções de Informática,Backup,"Quanto a Backup no pacote Office, para relatório policial, assinale:",Backup: phishing é técnica segura de proteção.,Backup: atalho ALT+F4 encerra sem salvar.,Backup: senha forte deve ter apenas letras minúsculas.,Backup: backup deve ser feito apenas na nuvem pública.,Backup: atalho CTRL+S salva e CTRL+P imprime relatório.,C,Gabarito C. Backup em Noções de Informática: conforme banca VUNESP para GCM-SP. Entendimento pacificado nos tribunais superiores.
577,FCC,GCM-SP,Noções de Informática,Word e Excel,"Sobre Word e Excel em ambiente policial, assinale a alternativa correta:",Word e Excel: atalho ALT+F4 encerra sem salvar.,Word e Excel: backup deve ser feito apenas na nuvem pública.,Word e Excel: senha forte deve ter apenas letras minúsculas.,Word e Excel: phishing é técnica segura de proteção.,Word e Excel: atalho CTRL+S salva e CTRL+P imprime relatório.,B,Gabarito B. Word e Excel em Noções de Informática: conforme banca FCC para GCM-SP. Conforme manual e legislação específica.
578,VUNESP,PP-SP,Noções de Informática,Atalhos,"Sobre Atalhos em ambiente policial, assinale a alternativa correta:",Atalhos: atalho CTRL+S salva e CTRL+P imprime relatório.,Atalhos: backup deve ser feito apenas na nuvem pública.,Atalhos: senha forte deve ter apenas letras minúsculas.,Atalhos: phishing é técnica segura de proteção.,Atalhos: atalho ALT+F4 encerra sem salvar.,B,Gabarito B. Atalhos em Noções de Informática: conforme banca VUNESP para PP-SP. Padrão cobrado em provas de áreas policiais SP.
579,FCC,PM-SP,Noções de Informática,Windows,"Sobre Windows em ambiente policial, assinale a alternativa correta:",Windows: phishing é técnica segura de proteção.,Windows: senha forte deve ter apenas letras minúsculas.,Windows: atalho ALT+F4 encerra sem salvar.,Windows: backup deve ser feito apenas na nuvem pública.,Windows: atalho CTRL+S salva e CTRL+P imprime relatório.,B,Gabarito B. Windows em Noções de Informática: conforme banca FCC para PM-SP. Entendimento pacificado nos tribunais superiores.
580,FCC,PC-SP,Noções de Informática,Windows,"Em Windows, para segurança da informação na PC-SP, é correto:",Windows: phishing é técnica segura de proteção.,Windows: atalho ALT+F4 encerra sem salvar.,Windows: senha forte deve ter apenas letras minúsculas.,Windows: atalho CTRL+S salva e CTRL+P imprime relatório.,Windows: backup deve ser feito apenas na nuvem pública.,B,Gabarito B. Windows em Noções de Informática: conforme banca FCC para PC-SP. Entendimento pacificado nos tribunais superiores.
581,VUNESP,GCM-SP,Noções de Informática,Backup,"Sobre Backup em ambiente policial, assinale a alternativa correta:",Backup: atalho CTRL+S salva e CTRL+P imprime relatório.,Backup: backup deve ser feito apenas na nuvem pública.,Backup: senha forte deve ter apenas letras minúsculas.,Backup: phishing é técnica segura de proteção.,Backup: atalho ALT+F4 encerra sem salvar.,C,Gabarito C. Backup em Noções de Informática: conforme banca VUNESP para GCM-SP. Doutrina majoritária e jurisprudência atual.
582,VUNESP,PM-SP,Noções de Informática,Segurança da informação,"Em Segurança da informação, para segurança da informação na PC-SP, é correto:",Segurança da informação: atalho ALT+F4 encerra sem salvar.,Segurança da informação: backup deve ser feito apenas na nuvem pública.,Segurança da informação: phishing é técnica segura de proteção.,Segurança da informação: senha forte deve ter apenas letras minúsculas.,Segurança da informação: atalho CTRL+S salva e CTRL+P imprime relatório.,C,Gabarito C. Segurança da informação em Noções de Informática: conforme banca VUNESP para PM-SP. Entendimento pacificado nos tribunais superiores.
583,FGV,GCM-SP,Noções de Informática,Atalhos,"Sobre Atalhos em ambiente policial, assinale a alternativa correta:",Atalhos: backup deve ser feito apenas na nuvem pública.,Atalhos: senha forte deve ter apenas letras minúsculas.,Atalhos: atalho CTRL+S salva e CTRL+P imprime relatório.,Atalhos: atalho ALT+F4 encerra sem salvar.,Atalhos: phishing é técnica segura de proteção.,B,Gabarito B. Atalhos em Noções de Informática: conforme banca FGV para GCM-SP. Entendimento pacificado nos tribunais superiores.
584,FGV,PC-SP,Noções de Informática,Atalhos,"Sobre Atalhos em ambiente policial, assinale a alternativa correta:",Atalhos: atalho ALT+F4 encerra sem salvar.,Atalhos: senha forte deve ter apenas letras minúsculas.,Atalhos: phishing é técnica segura de proteção.,Atalhos: backup deve ser feito apenas na nuvem pública.,Atalhos: atalho CTRL+S salva e CTRL+P imprime relatório.,B,Gabarito B. Atalhos em Noções de Informática: conforme banca FGV para PC-SP. Conforme manual e legislação específica.
585,VUNESP,PP-SP,Noções de Informática,Windows,"Quanto a Windows no pacote Office, para relatório policial, assinale:",Windows: atalho CTRL+S salva e CTRL+P imprime relatório.,Windows: senha forte deve ter apenas letras minúsculas.,Windows: phishing é técnica segura de proteção.,Windows: backup deve ser feito apenas na nuvem pública.,Windows: atalho ALT+F4 encerra sem salvar.,B,Gabarito B. Windows em Noções de Informática: conforme banca VUNESP para PP-SP. Entendimento pacificado nos tribunais superiores.
586,FCC,PC-SP,Noções de Informática,Word e Excel,"Quanto a Word e Excel no pacote Office, para relatório policial, assinale:",Word e Excel: phishing é técnica segura de proteção.,Word e Excel: backup deve ser feito apenas na nuvem pública.,Word e Excel: atalho CTRL+S salva e CTRL+P imprime relatório.,Word e Excel: atalho ALT+F4 encerra sem salvar.,Word e Excel: senha forte deve ter apenas letras minúsculas.,B,Gabarito B. Word e Excel em Noções de Informática: conforme banca FCC para PC-SP. Conforme manual e legislação específica.
587,FCC,PP-SP,Noções de Informática,Segurança da informação,"Quanto a Segurança da informação no pacote Office, para relatório policial, assinale:",Segurança da informação: phishing é técnica segura de proteção.,Segurança da informação: backup deve ser feito apenas na nuvem pública.,Segurança da informação: atalho CTRL+S salva e CTRL+P imprime relatório.,Segurança da informação: senha forte deve ter apenas letras minúsculas.,Segurança da informação: atalho ALT+F4 encerra sem salvar.,B,Gabarito B. Segurança da informação em Noções de Informática: conforme banca FCC para PP-SP. Conforme manual e legislação específica.
588,FCC,GCM-SP,Noções de Informática,Word e Excel,"Em Word e Excel, para segurança da informação na PC-SP, é correto:",Word e Excel: atalho ALT+F4 encerra sem salvar.,Word e Excel: phishing é técnica segura de proteção.,Word e Excel: atalho CTRL+S salva e CTRL+P imprime relatório.,Word e Excel: senha forte deve ter apenas letras minúsculas.,Word e Excel: backup deve ser feito apenas na nuvem pública.,C,Gabarito C. Word e Excel em Noções de Informática: conforme banca FCC para GCM-SP. Doutrina majoritária e jurisprudência atual.
589,FGV,PP-SP,Noções de Informática,Segurança da informação,"Sobre Segurança da informação em ambiente policial, assinale a alternativa correta:",Segurança da informação: atalho ALT+F4 encerra sem salvar.,Segurança da informação: atalho CTRL+S salva e CTRL+P imprime relatório.,Segurança da informação: backup deve ser feito apenas na nuvem pública.,Segurança da informação: senha forte deve ter apenas letras minúsculas.,Segurança da informação: phishing é técnica segura de proteção.,A,Gabarito A. Segurança da informação em Noções de Informática: conforme banca FGV para PP-SP. Doutrina majoritária e jurisprudência atual.
590,FCC,PC-SP,Noções de Informática,Redes e internet,"Em Redes e internet, para segurança da informação na PC-SP, é correto:",Redes e internet: backup deve ser feito apenas na nuvem pública.,Redes e internet: phishing é técnica segura de proteção.,Redes e internet: atalho ALT+F4 encerra sem salvar.,Redes e internet: atalho CTRL+S salva e CTRL+P imprime relatório.,Redes e internet: senha forte deve ter apenas letras minúsculas.,C,Gabarito C. Redes e internet em Noções de Informática: conforme banca FCC para PC-SP. Conforme manual e legislação específica.
591,FCC,PM-SP,Noções de Informática,Word e Excel,"Sobre Word e Excel em ambiente policial, assinale a alternativa correta:",Word e Excel: phishing é técnica segura de proteção.,Word e Excel: atalho ALT+F4 encerra sem salvar.,Word e Excel: atalho CTRL+S salva e CTRL+P imprime relatório.,Word e Excel: senha forte deve ter apenas letras minúsculas.,Word e Excel: backup deve ser feito apenas na nuvem pública.,C,Gabarito C. Word e Excel em Noções de Informática: conforme banca FCC para PM-SP. Conforme manual e legislação específica.
592,FCC,GCM-SP,Noções de Informática,Redes e internet,"Sobre Redes e internet em ambiente policial, assinale a alternativa correta:",Redes e internet: backup deve ser feito apenas na nuvem pública.,Redes e internet: senha forte deve ter apenas letras minúsculas.,Redes e internet: phishing é técnica segura de proteção.,Redes e internet: atalho CTRL+S salva e CTRL+P imprime relatório.,Redes e internet: atalho ALT+F4 encerra sem salvar.,B,Gabarito B. Redes e internet em Noções de Informática: conforme banca FCC para GCM-SP. Conforme manual e legislação específica.
593,FCC,PC-SP,Noções de Informática,Segurança da informação,"Quanto a Segurança da informação no pacote Office, para relatório policial, assinale:",Segurança da informação: backup deve ser feito apenas na nuvem pública.,Segurança da informação: atalho CTRL+S salva e CTRL+P imprime relatório.,Segurança da informação: senha forte deve ter apenas letras minúsculas.,Segurança da informação: phishing é técnica segura de proteção.,Segurança da informação: atalho ALT+F4 encerra sem salvar.,A,Gabarito A. Segurança da informação em Noções de Informática: conforme banca FCC para PC-SP. Doutrina majoritária e jurisprudência atual.
594,FCC,PP-SP,Noções de Informática,Backup,"Em Backup, para segurança da informação na PC-SP, é correto:",Backup: atalho ALT+F4 encerra sem salvar.,Backup: phishing é técnica segura de proteção.,Backup: senha forte deve ter apenas letras minúsculas.,Backup: atalho CTRL+S salva e CTRL+P imprime relatório.,Backup: backup deve ser feito apenas na nuvem pública.,C,Gabarito C. Backup em Noções de Informática: conforme banca FCC para PP-SP. Doutrina majoritária e jurisprudência atual.
595,FCC,PM-SP,Noções de Informática,Word e Excel,"Quanto a Word e Excel no pacote Office, para relatório policial, assinale:",Word e Excel: atalho CTRL+S salva e CTRL+P imprime relatório.,Word e Excel: backup deve ser feito apenas na nuvem pública.,Word e Excel: atalho ALT+F4 encerra sem salvar.,Word e Excel: phishing é técnica segura de proteção.,Word e Excel: senha forte deve ter apenas letras minúsculas.,C,Gabarito C. Word e Excel em Noções de Informática: conforme banca FCC para PM-SP. Padrão cobrado em provas de áreas policiais SP.
596,FGV,GCM-SP,Noções de Informática,Backup,"Em Backup, para segurança da informação na PC-SP, é correto:",Backup: atalho ALT+F4 encerra sem salvar.,Backup: senha forte deve ter apenas letras minúsculas.,Backup: atalho CTRL+S salva e CTRL+P imprime relatório.,Backup: phishing é técnica segura de proteção.,Backup: backup deve ser feito apenas na nuvem pública.,A,Gabarito A. Backup em Noções de Informática: conforme banca FGV para GCM-SP. Conforme manual e legislação específica.
597,FGV,PC-SP,Noções de Informática,Word e Excel,"Em Word e Excel, para segurança da informação na PC-SP, é correto:",Word e Excel: phishing é técnica segura de proteção.,Word e Excel: atalho ALT+F4 encerra sem salvar.,Word e Excel: backup deve ser feito apenas na nuvem pública.,Word e Excel: atalho CTRL+S salva e CTRL+P imprime relatório.,Word e Excel: senha forte deve ter apenas letras minúsculas.,B,Gabarito B. Word e Excel em Noções de Informática: conforme banca FGV para PC-SP. Entendimento pacificado nos tribunais superiores.
598,VUNESP,PP-SP,Noções de Informática,Windows,"Quanto a Windows no pacote Office, para relatório policial, assinale:",Windows: atalho CTRL+S salva e CTRL+P imprime relatório.,Windows: senha forte deve ter apenas letras minúsculas.,Windows: atalho ALT+F4 encerra sem salvar.,Windows: backup deve ser feito apenas na nuvem pública.,Windows: phishing é técnica segura de proteção.,C,Gabarito C. Windows em Noções de Informática: conforme banca VUNESP para PP-SP. Padrão cobrado em provas de áreas policiais SP.
599,VUNESP,PP-SP,Noções de Informática,Backup,"Sobre Backup em ambiente policial, assinale a alternativa correta:",Backup: atalho CTRL+S salva e CTRL+P imprime relatório.,Backup: phishing é técnica segura de proteção.,Backup: senha forte deve ter apenas letras minúsculas.,Backup: backup deve ser feito apenas na nuvem pública.,Backup: atalho ALT+F4 encerra sem salvar.,C,Gabarito C. Backup em Noções de Informática: conforme banca VUNESP para PP-SP. Entendimento pacificado nos tribunais superiores.
600,VUNESP,PM-SP,Noções de Informática,Backup,"Em Backup, no Windows 10/11, para uso policial, o atalho correto é:",Backup: phishing é técnica segura de proteção.,Backup: atalho ALT+F4 encerra sem salvar.,Backup: backup deve ser feito apenas na nuvem pública.,Backup: senha forte deve ter apenas letras minúsculas.,Backup: atalho CTRL+S salva e CTRL+P imprime relatório.,C,Gabarito C. Backup em Noções de Informática: conforme banca VUNESP para PM-SP. Padrão cobrado em provas de áreas policiais SP.
601,VUNESP,PP-SP,Noções de Informática,Windows,"Quanto a Windows no pacote Office, para relatório policial, assinale:",Windows: atalho ALT+F4 encerra sem salvar.,Windows: atalho CTRL+S salva e CTRL+P imprime relatório.,Windows: phishing é técnica segura de proteção.,Windows: backup deve ser feito apenas na nuvem pública.,Windows: senha forte deve ter apenas letras minúsculas.,C,Gabarito C. Windows em Noções de Informática: conforme banca VUNESP para PP-SP. Conforme manual e legislação específica.
602,FGV,PP-SP,Noções de Informática,Atalhos,"Em Atalhos, para segurança da informação na PC-SP, é correto:",Atalhos: phishing é técnica segura de proteção.,Atalhos: atalho CTRL+S salva e CTRL+P imprime relatório.,Atalhos: backup deve ser feito apenas na nuvem pública.,Atalhos: senha forte deve ter apenas letras minúsculas.,Atalhos: atalho ALT+F4 encerra sem salvar.,A,Gabarito A. Atalhos em Noções de Informática: conforme banca FGV para PP-SP. Conforme manual e legislação específica.
603,VUNESP,GCM-SP,Noções de Informática,Backup,"Quanto a Backup no pacote Office, para relatório policial, assinale:",Backup: atalho ALT+F4 encerra sem salvar.,Backup: backup deve ser feito apenas na nuvem pública.,Backup: atalho CTRL+S salva e CTRL+P imprime relatório.,Backup: phishing é técnica segura de proteção.,Backup: senha forte deve ter apenas letras minúsculas.,A,Gabarito A. Backup em Noções de Informática: conforme banca VUNESP para GCM-SP. Conforme manual e legislação específica.
604,FGV,PC-SP,Noções de Informática,Backup,"Quanto a Backup no pacote Office, para relatório policial, assinale:",Backup: senha forte deve ter apenas letras minúsculas.,Backup: backup deve ser feito apenas na nuvem pública.,Backup: phishing é técnica segura de proteção.,Backup: atalho ALT+F4 encerra sem salvar.,Backup: atalho CTRL+S salva e CTRL+P imprime relatório.,C,Gabarito C. Backup em Noções de Informática: conforme banca FGV para PC-SP. Doutrina majoritária e jurisprudência atual.
605,FCC,PC-SP,Noções de Informática,Atalhos,"Sobre Atalhos em ambiente policial, assinale a alternativa correta:",Atalhos: senha forte deve ter apenas letras minúsculas.,Atalhos: atalho ALT+F4 encerra sem salvar.,Atalhos: phishing é técnica segura de proteção.,Atalhos: atalho CTRL+S salva e CTRL+P imprime relatório.,Atalhos: backup deve ser feito apenas na nuvem pública.,A,Gabarito A. Atalhos em Noções de Informática: conforme banca FCC para PC-SP. Doutrina majoritária e jurisprudência atual.
606,FCC,PC-SP,Noções de Informática,Segurança da informação,"Quanto a Segurança da informação no pacote Office, para relatório policial, assinale:",Segurança da informação: atalho CTRL+S salva e CTRL+P imprime relatório.,Segurança da informação: atalho ALT+F4 encerra sem salvar.,Segurança da informação: phishing é técnica segura de proteção.,Segurança da informação: senha forte deve ter apenas letras minúsculas.,Segurança da informação: backup deve ser feito apenas na nuvem pública.,C,Gabarito C. Segurança da informação em Noções de Informática: conforme banca FCC para PC-SP. Entendimento pacificado nos tribunais superiores.
607,FGV,PM-SP,Noções de Informática,Segurança da informação,"Em Segurança da informação, no Windows 10/11, para uso policial, o atalho correto é:",Segurança da informação: atalho CTRL+S salva e CTRL+P imprime relatório.,Segurança da informação: atalho ALT+F4 encerra sem salvar.,Segurança da informação: backup deve ser feito apenas na nuvem pública.,Segurança da informação: phishing é técnica segura de proteção.,Segurança da informação: senha forte deve ter apenas letras minúsculas.,B,Gabarito B. Segurança da informação em Noções de Informática: conforme banca FGV para PM-SP. Conforme manual e legislação específica.
608,VUNESP,PC-SP,Noções de Informática,Atalhos,"Em Atalhos, para segurança da informação na PC-SP, é correto:",Atalhos: backup deve ser feito apenas na nuvem pública.,Atalhos: phishing é técnica segura de proteção.,Atalhos: atalho ALT+F4 encerra sem salvar.,Atalhos: atalho CTRL+S salva e CTRL+P imprime relatório.,Atalhos: senha forte deve ter apenas letras minúsculas.,B,Gabarito B. Atalhos em Noções de Informática: conforme banca VUNESP para PC-SP. Padrão cobrado em provas de áreas policiais SP.
609,VUNESP,GCM-SP,Noções de Informática,Atalhos,"Em Atalhos, para segurança da informação na PC-SP, é correto:",Atalhos: atalho CTRL+S salva e CTRL+P imprime relatório.,Atalhos: backup deve ser feito apenas na nuvem pública.,Atalhos: senha forte deve ter apenas letras minúsculas.,Atalhos: phishing é técnica segura de proteção.,Atalhos: atalho ALT+F4 encerra sem salvar.,B,Gabarito B. Atalhos em Noções de Informática: conforme banca VUNESP para GCM-SP. Doutrina majoritária e jurisprudência atual.
610,VUNESP,PM-SP,Noções de Informática,Atalhos,"Quanto a Atalhos no pacote Office, para relatório policial, assinale:",Atalhos: senha forte deve ter apenas letras minúsculas.,Atalhos: atalho CTRL+S salva e CTRL+P imprime relatório.,Atalhos: backup deve ser feito apenas na nuvem pública.,Atalhos: atalho ALT+F4 encerra sem salvar.,Atalhos: phishing é técnica segura de proteção.,C,Gabarito C. Atalhos em Noções de Informática: conforme banca VUNESP para PM-SP. Padrão cobrado em provas de áreas policiais SP.
611,VUNESP,GCM-SP,Noções de Informática,Atalhos,"Em Atalhos, no Windows 10/11, para uso policial, o atalho correto é:",Atalhos: atalho CTRL+S salva e CTRL+P imprime relatório.,Atalhos: phishing é técnica segura de proteção.,Atalhos: backup deve ser feito apenas na nuvem pública.,Atalhos: senha forte deve ter apenas letras minúsculas.,Atalhos: atalho ALT+F4 encerra sem salvar.,C,Gabarito C. Atalhos em Noções de Informática: conforme banca VUNESP para GCM-SP. Padrão cobrado em provas de áreas policiais SP.
612,FGV,PM-SP,Noções de Informática,Backup,"Sobre Backup em ambiente policial, assinale a alternativa correta:",Backup: backup deve ser feito apenas na nuvem pública.,Backup: atalho ALT+F4 encerra sem salvar.,Backup: atalho CTRL+S salva e CTRL+P imprime relatório.,Backup: phishing é técnica segura de proteção.,Backup: senha forte deve ter apenas letras minúsculas.,B,Gabarito B. Backup em Noções de Informática: conforme banca FGV para PM-SP. Doutrina majoritária e jurisprudência atual.
613,FGV,PP-SP,Noções de Informática,Word e Excel,"Quanto a Word e Excel no pacote Office, para relatório policial, assinale:",Word e Excel: atalho ALT+F4 encerra sem salvar.,Word e Excel: atalho CTRL+S salva e CTRL+P imprime relatório.,Word e Excel: senha forte deve ter apenas letras minúsculas.,Word e Excel: backup deve ser feito apenas na nuvem pública.,Word e Excel: phishing é técnica segura de proteção.,C,Gabarito C. Word e Excel em Noções de Informática: conforme banca FGV para PP-SP. Conforme manual e legislação específica.
614,FGV,PM-SP,Noções de Informática,Redes e internet,"Quanto a Redes e internet no pacote Office, para relatório policial, assinale:",Redes e internet: senha forte deve ter apenas letras minúsculas.,Redes e internet: backup deve ser feito apenas na nuvem pública.,Redes e internet: atalho ALT+F4 encerra sem salvar.,Redes e internet: phishing é técnica segura de proteção.,Redes e internet: atalho CTRL+S salva e CTRL+P imprime relatório.,B,Gabarito B. Redes e internet em Noções de Informática: conforme banca FGV para PM-SP. Doutrina majoritária e jurisprudência atual.
615,FCC,GCM-SP,Noções de Informática,Windows,"Quanto a Windows no pacote Office, para relatório policial, assinale:",Windows: atalho CTRL+S salva e CTRL+P imprime relatório.,Windows: backup deve ser feito apenas na nuvem pública.,Windows: atalho ALT+F4 encerra sem salvar.,Windows: phishing é técnica segura de proteção.,Windows: senha forte deve ter apenas letras minúsculas.,B,Gabarito B. Windows em Noções de Informática: conforme banca FCC para GCM-SP. Doutrina majoritária e jurisprudência atual.
616,FCC,PP-SP,Noções de Informática,Segurança da informação,"Quanto a Segurança da informação no pacote Office, para relatório policial, assinale:",Segurança da informação: atalho CTRL+S salva e CTRL+P imprime relatório.,Segurança da informação: backup deve ser feito apenas na nuvem pública.,Segurança da informação: phishing é técnica segura de proteção.,Segurança da informação: senha forte deve ter apenas letras minúsculas.,Segurança da informação: atalho ALT+F4 encerra sem salvar.,C,Gabarito C. Segurança da informação em Noções de Informática: conforme banca FCC para PP-SP. Entendimento pacificado nos tribunais superiores.
617,VUNESP,GCM-SP,Raciocínio Lógico,Análise combinatória,"Em Análise combinatória: Numa equipe de 12 policiais, 75% são homens. Quantas mulheres há? - Assinale a alternativa correta:",Próximo termo: 42.,Conclusão logicamente válida: alguns peritos são servidores.,Total de furtos: 12 ocorrências.,Probabilidade: 1/15 aproximadamente.,Resultado: 3 mulheres na equipe.,C,Gabarito C. Análise combinatória em Raciocínio Lógico: conforme banca VUNESP para GCM-SP. Entendimento pacificado nos tribunais superiores.
618,FGV,PC-SP,Raciocínio Lógico,Porcentagem,"Sobre Porcentagem aplicado à escala de serviço policial: Numa equipe de 12 policiais, 75% são homens. Quantas mulheres há?",Próximo termo: 42.,Conclusão logicamente válida: alguns peritos são servidores.,Probabilidade: 1/15 aproximadamente.,Total de furtos: 12 ocorrências.,Resultado: 3 mulheres na equipe.,A,Gabarito A. Porcentagem em Raciocínio Lógico: conforme banca FGV para PC-SP. Doutrina majoritária e jurisprudência atual.
619,VUNESP,PM-SP,Raciocínio Lógico,Probabilidade,Sobre Probabilidade aplicado à escala de serviço policial: Probabilidade de sortear 2 escrivães em 10 candidatos sendo 4 escrivães?,Probabilidade: 1/15 aproximadamente.,Conclusão logicamente válida: alguns peritos são servidores.,Resultado: 3 mulheres na equipe.,Próximo termo: 42.,Total de furtos: 12 ocorrências.,B,Gabarito B. Probabilidade em Raciocínio Lógico: conforme banca VUNESP para PM-SP. Entendimento pacificado nos tribunais superiores.
620,VUNESP,GCM-SP,Raciocínio Lógico,Diagramas,"Em Diagramas: Se a ocorrência foi registrada à noite, então é correto afirmar:",Total de furtos: 12 ocorrências.,Resultado: 3 mulheres na equipe.,Próximo termo: 42.,Conclusão logicamente válida: alguns peritos são servidores.,Probabilidade: 1/15 aproximadamente.,B,Gabarito B. Diagramas em Raciocínio Lógico: conforme banca VUNESP para GCM-SP. Entendimento pacificado nos tribunais superiores.
621,FGV,PC-SP,Raciocínio Lógico,Sequências lógicas,"Questão de Sequências lógicas: Numa equipe de 12 policiais, 75% são homens. Quantas mulheres há? - Para PC-SP, assinale:",Probabilidade: 1/15 aproximadamente.,Próximo termo: 42.,Resultado: 3 mulheres na equipe.,Total de furtos: 12 ocorrências.,Conclusão logicamente válida: alguns peritos são servidores.,B,Gabarito B. Sequências lógicas em Raciocínio Lógico: conforme banca FGV para PC-SP. Conforme manual e legislação específica.
622,FGV,PM-SP,Raciocínio Lógico,Porcentagem,"Em Porcentagem: Se a ocorrência foi registrada à noite, então é correto afirmar:",Total de furtos: 12 ocorrências.,Conclusão logicamente válida: alguns peritos são servidores.,Resultado: 3 mulheres na equipe.,Probabilidade: 1/15 aproximadamente.,Próximo termo: 42.,C,Gabarito C. Porcentagem em Raciocínio Lógico: conforme banca FGV para PM-SP. Entendimento pacificado nos tribunais superiores.
623,VUNESP,PM-SP,Raciocínio Lógico,Sequências lógicas,"Em Sequências lógicas: Em 40 ocorrências, 30% são furtos. Quantas são furtos? - Assinale a alternativa correta:",Total de furtos: 12 ocorrências.,Próximo termo: 42.,Resultado: 3 mulheres na equipe.,Probabilidade: 1/15 aproximadamente.,Conclusão logicamente válida: alguns peritos são servidores.,C,Gabarito C. Sequências lógicas em Raciocínio Lógico: conforme banca VUNESP para PM-SP. Doutrina majoritária e jurisprudência atual.
624,FGV,PC-SP,Raciocínio Lógico,Sequências lógicas,"Sobre Sequências lógicas aplicado à escala de serviço policial: Se todo policial civil é servidor público e alguns servidores são peritos, então:",Total de furtos: 12 ocorrências.,Próximo termo: 42.,Conclusão logicamente válida: alguns peritos são servidores.,Resultado: 3 mulheres na equipe.,Probabilidade: 1/15 aproximadamente.,C,Gabarito C. Sequências lógicas em Raciocínio Lógico: conforme banca FGV para PC-SP. Conforme manual e legislação específica.
625,VUNESP,GCM-SP,Raciocínio Lógico,Diagramas,"Sobre Diagramas aplicado à escala de serviço policial: Numa equipe de 12 policiais, 75% são homens. Quantas mulheres há?",Conclusão logicamente válida: alguns peritos são servidores.,Próximo termo: 42.,Resultado: 3 mulheres na equipe.,Total de furtos: 12 ocorrências.,Probabilidade: 1/15 aproximadamente.,B,Gabarito B. Diagramas em Raciocínio Lógico: conforme banca VUNESP para GCM-SP. Entendimento pacificado nos tribunais superiores.
626,VUNESP,GCM-SP,Raciocínio Lógico,Diagramas,"Em Diagramas: Se todo policial civil é servidor público e alguns servidores são peritos, então: - Assinale a alternativa correta:",Probabilidade: 1/15 aproximadamente.,Próximo termo: 42.,Resultado: 3 mulheres na equipe.,Conclusão logicamente válida: alguns peritos são servidores.,Total de furtos: 12 ocorrências.,B,Gabarito B. Diagramas em Raciocínio Lógico: conforme banca VUNESP para GCM-SP. Padrão cobrado em provas de áreas policiais SP.
627,VUNESP,PC-SP,Raciocínio Lógico,Porcentagem,"Sobre Porcentagem aplicado à escala de serviço policial: Se todo policial civil é servidor público e alguns servidores são peritos, então:",Total de furtos: 12 ocorrências.,Próximo termo: 42.,Conclusão logicamente válida: alguns peritos são servidores.,Resultado: 3 mulheres na equipe.,Probabilidade: 1/15 aproximadamente.,C,Gabarito C. Porcentagem em Raciocínio Lógico: conforme banca VUNESP para PC-SP. Doutrina majoritária e jurisprudência atual.
628,FGV,GCM-SP,Raciocínio Lógico,Probabilidade,"Sobre Probabilidade aplicado à escala de serviço policial: Sequência: 2, 6, 12, 20, 30, ?",Probabilidade: 1/15 aproximadamente.,Conclusão logicamente válida: alguns peritos são servidores.,Total de furtos: 12 ocorrências.,Próximo termo: 42.,Resultado: 3 mulheres na equipe.,C,Gabarito C. Probabilidade em Raciocínio Lógico: conforme banca FGV para GCM-SP. Conforme manual e legislação específica.
629,FGV,PC-SP,Raciocínio Lógico,Sequências lógicas,"Em Sequências lógicas: Se a ocorrência foi registrada à noite, então é correto afirmar:",Probabilidade: 1/15 aproximadamente.,Próximo termo: 42.,Total de furtos: 12 ocorrências.,Conclusão logicamente válida: alguns peritos são servidores.,Resultado: 3 mulheres na equipe.,B,Gabarito B. Sequências lógicas em Raciocínio Lógico: conforme banca FGV para PC-SP. Conforme manual e legislação específica.
630,VUNESP,GCM-SP,Raciocínio Lógico,Sequências lógicas,"Em Sequências lógicas: Se a ocorrência foi registrada à noite, então é correto afirmar:",Probabilidade: 1/15 aproximadamente.,Conclusão logicamente válida: alguns peritos são servidores.,Resultado: 3 mulheres na equipe.,Total de furtos: 12 ocorrências.,Próximo termo: 42.,C,Gabarito C. Sequências lógicas em Raciocínio Lógico: conforme banca VUNESP para GCM-SP. Conforme manual e legislação específica.
631,VUNESP,PC-SP,Raciocínio Lógico,Probabilidade,"Em Probabilidade: Sequência: 2, 6, 12, 20, 30, ? - Assinale a alternativa correta:",Total de furtos: 12 ocorrências.,Conclusão logicamente válida: alguns peritos são servidores.,Probabilidade: 1/15 aproximadamente.,Resultado: 3 mulheres na equipe.,Próximo termo: 42.,B,Gabarito B. Probabilidade em Raciocínio Lógico: conforme banca VUNESP para PC-SP. Doutrina majoritária e jurisprudência atual.
632,VUNESP,GCM-SP,Raciocínio Lógico,Diagramas,"Em Diagramas: Numa equipe de 12 policiais, 75% são homens. Quantas mulheres há? - Assinale a alternativa correta:",Próximo termo: 42.,Total de furtos: 12 ocorrências.,Conclusão logicamente válida: alguns peritos são servidores.,Probabilidade: 1/15 aproximadamente.,Resultado: 3 mulheres na equipe.,B,Gabarito B. Diagramas em Raciocínio Lógico: conforme banca VUNESP para GCM-SP. Padrão cobrado em provas de áreas policiais SP.
633,FGV,GCM-SP,Raciocínio Lógico,Diagramas,"Em Diagramas: Se a ocorrência foi registrada à noite, então é correto afirmar:",Conclusão logicamente válida: alguns peritos são servidores.,Total de furtos: 12 ocorrências.,Probabilidade: 1/15 aproximadamente.,Próximo termo: 42.,Resultado: 3 mulheres na equipe.,B,Gabarito B. Diagramas em Raciocínio Lógico: conforme banca FGV para GCM-SP. Padrão cobrado em provas de áreas policiais SP.
634,VUNESP,PM-SP,Raciocínio Lógico,Lógica proposicional,"Questão de Lógica proposicional: Sequência: 2, 6, 12, 20, 30, ? - Para PM-SP, assinale:",Resultado: 3 mulheres na equipe.,Total de furtos: 12 ocorrências.,Conclusão logicamente válida: alguns peritos são servidores.,Próximo termo: 42.,Probabilidade: 1/15 aproximadamente.,A,Gabarito A. Lógica proposicional em Raciocínio Lógico: conforme banca VUNESP para PM-SP. Padrão cobrado em provas de áreas policiais SP.
635,VUNESP,GCM-SP,Raciocínio Lógico,Diagramas,"Em Diagramas: Sequência: 2, 6, 12, 20, 30, ? - Assinale a alternativa correta:",Próximo termo: 42.,Conclusão logicamente válida: alguns peritos são servidores.,Total de furtos: 12 ocorrências.,Probabilidade: 1/15 aproximadamente.,Resultado: 3 mulheres na equipe.,C,Gabarito C. Diagramas em Raciocínio Lógico: conforme banca VUNESP para GCM-SP. Doutrina majoritária e jurisprudência atual.
636,VUNESP,PM-SP,Raciocínio Lógico,Sequências lógicas,"Em Sequências lógicas: Em 40 ocorrências, 30% são furtos. Quantas são furtos? - Assinale a alternativa correta:",Resultado: 3 mulheres na equipe.,Próximo termo: 42.,Total de furtos: 12 ocorrências.,Probabilidade: 1/15 aproximadamente.,Conclusão logicamente válida: alguns peritos são servidores.,C,Gabarito C. Sequências lógicas em Raciocínio Lógico: conforme banca VUNESP para PM-SP. Padrão cobrado em provas de áreas policiais SP.
637,FGV,GCM-SP,Raciocínio Lógico,Porcentagem,"Em Porcentagem: Se a ocorrência foi registrada à noite, então é correto afirmar:",Probabilidade: 1/15 aproximadamente.,Resultado: 3 mulheres na equipe.,Conclusão logicamente válida: alguns peritos são servidores.,Total de furtos: 12 ocorrências.,Próximo termo: 42.,A,Gabarito A. Porcentagem em Raciocínio Lógico: conforme banca FGV para GCM-SP. Padrão cobrado em provas de áreas policiais SP.
638,FGV,GCM-SP,Raciocínio Lógico,Probabilidade,"Em Probabilidade: Se todo policial civil é servidor público e alguns servidores são peritos, então: - Assinale a alternativa correta:",Próximo termo: 42.,Total de furtos: 12 ocorrências.,Resultado: 3 mulheres na equipe.,Probabilidade: 1/15 aproximadamente.,Conclusão logicamente válida: alguns peritos são servidores.,C,Gabarito C. Probabilidade em Raciocínio Lógico: conforme banca FGV para GCM-SP. Doutrina majoritária e jurisprudência atual.
639,VUNESP,GCM-SP,Raciocínio Lógico,Análise combinatória,"Questão de Análise combinatória: Em 40 ocorrências, 30% são furtos. Quantas são furtos? - Para GCM-SP, assinale:",Conclusão logicamente válida: alguns peritos são servidores.,Resultado: 3 mulheres na equipe.,Probabilidade: 1/15 aproximadamente.,Próximo termo: 42.,Total de furtos: 12 ocorrências.,B,Gabarito B. Análise combinatória em Raciocínio Lógico: conforme banca VUNESP para GCM-SP. Doutrina majoritária e jurisprudência atual.
640,VUNESP,PM-SP,Raciocínio Lógico,Porcentagem,"Em Porcentagem: Se a ocorrência foi registrada à noite, então é correto afirmar:",Probabilidade: 1/15 aproximadamente.,Resultado: 3 mulheres na equipe.,Conclusão logicamente válida: alguns peritos são servidores.,Total de furtos: 12 ocorrências.,Próximo termo: 42.,B,Gabarito B. Porcentagem em Raciocínio Lógico: conforme banca VUNESP para PM-SP. Entendimento pacificado nos tribunais superiores.
641,VUNESP,PC-SP,Raciocínio Lógico,Lógica proposicional,"Questão de Lógica proposicional: Se todo policial civil é servidor público e alguns servidores são peritos, então: - Para PC-SP, assinale:",Próximo termo: 42.,Conclusão logicamente válida: alguns peritos são servidores.,Resultado: 3 mulheres na equipe.,Probabilidade: 1/15 aproximadamente.,Total de furtos: 12 ocorrências.,B,Gabarito B. Lógica proposicional em Raciocínio Lógico: conforme banca VUNESP para PC-SP. Padrão cobrado em provas de áreas policiais SP.
642,VUNESP,PC-SP,Raciocínio Lógico,Porcentagem,"Em Porcentagem: Numa equipe de 12 policiais, 75% são homens. Quantas mulheres há? - Assinale a alternativa correta:",Resultado: 3 mulheres na equipe.,Total de furtos: 12 ocorrências.,Conclusão logicamente válida: alguns peritos são servidores.,Probabilidade: 1/15 aproximadamente.,Próximo termo: 42.,C,Gabarito C. Porcentagem em Raciocínio Lógico: conforme banca VUNESP para PC-SP. Padrão cobrado em provas de áreas policiais SP.
643,FGV,PM-SP,Raciocínio Lógico,Probabilidade,"Em Probabilidade: Se todo policial civil é servidor público e alguns servidores são peritos, então: - Assinale a alternativa correta:",Conclusão logicamente válida: alguns peritos são servidores.,Total de furtos: 12 ocorrências.,Probabilidade: 1/15 aproximadamente.,Resultado: 3 mulheres na equipe.,Próximo termo: 42.,C,Gabarito C. Probabilidade em Raciocínio Lógico: conforme banca FGV para PM-SP. Conforme manual e legislação específica.
644,VUNESP,PC-SP,Raciocínio Lógico,Porcentagem,"Em Porcentagem: Se a ocorrência foi registrada à noite, então é correto afirmar:",Conclusão logicamente válida: alguns peritos são servidores.,Total de furtos: 12 ocorrências.,Resultado: 3 mulheres na equipe.,Próximo termo: 42.,Probabilidade: 1/15 aproximadamente.,C,Gabarito C. Porcentagem em Raciocínio Lógico: conforme banca VUNESP para PC-SP. Conforme manual e legislação específica.
645,VUNESP,PC-SP,Raciocínio Lógico,Lógica proposicional,"Sobre Lógica proposicional aplicado à escala de serviço policial: Se todo policial civil é servidor público e alguns servidores são peritos, então:",Total de furtos: 12 ocorrências.,Resultado: 3 mulheres na equipe.,Probabilidade: 1/15 aproximadamente.,Próximo termo: 42.,Conclusão logicamente válida: alguns peritos são servidores.,B,Gabarito B. Lógica proposicional em Raciocínio Lógico: conforme banca VUNESP para PC-SP. Doutrina majoritária e jurisprudência atual.
646,VUNESP,PM-SP,Raciocínio Lógico,Lógica proposicional,"Em Lógica proposicional: Se a ocorrência foi registrada à noite, então é correto afirmar:",Conclusão logicamente válida: alguns peritos são servidores.,Resultado: 3 mulheres na equipe.,Total de furtos: 12 ocorrências.,Próximo termo: 42.,Probabilidade: 1/15 aproximadamente.,B,Gabarito B. Lógica proposicional em Raciocínio Lógico: conforme banca VUNESP para PM-SP. Padrão cobrado em provas de áreas policiais SP.
647,VUNESP,GCM-SP,Raciocínio Lógico,Probabilidade,"Sobre Probabilidade aplicado à escala de serviço policial: Numa equipe de 12 policiais, 75% são homens. Quantas mulheres há?",Conclusão logicamente válida: alguns peritos são servidores.,Próximo termo: 42.,Resultado: 3 mulheres na equipe.,Total de furtos: 12 ocorrências.,Probabilidade: 1/15 aproximadamente.,C,Gabarito C. Probabilidade em Raciocínio Lógico: conforme banca VUNESP para GCM-SP. Entendimento pacificado nos tribunais superiores.
648,FGV,GCM-SP,Raciocínio Lógico,Sequências lógicas,"Sobre Sequências lógicas aplicado à escala de serviço policial: Sequência: 2, 6, 12, 20, 30, ?",Próximo termo: 42.,Resultado: 3 mulheres na equipe.,Total de furtos: 12 ocorrências.,Probabilidade: 1/15 aproximadamente.,Conclusão logicamente válida: alguns peritos são servidores.,A,Gabarito A. Sequências lógicas em Raciocínio Lógico: conforme banca FGV para GCM-SP. Padrão cobrado em provas de áreas policiais SP.
649,VUNESP,PC-SP,Raciocínio Lógico,Análise combinatória,"Em Análise combinatória: Numa equipe de 12 policiais, 75% são homens. Quantas mulheres há? - Assinale a alternativa correta:",Total de furtos: 12 ocorrências.,Conclusão logicamente válida: alguns peritos são servidores.,Próximo termo: 42.,Resultado: 3 mulheres na equipe.,Probabilidade: 1/15 aproximadamente.,C,Gabarito C. Análise combinatória em Raciocínio Lógico: conforme banca VUNESP para PC-SP. Doutrina majoritária e jurisprudência atual.
650,FGV,PM-SP,Raciocínio Lógico,Diagramas,"Em Diagramas: Em 40 ocorrências, 30% são furtos. Quantas são furtos? - Assinale a alternativa correta:",Próximo termo: 42.,Conclusão logicamente válida: alguns peritos são servidores.,Total de furtos: 12 ocorrências.,Probabilidade: 1/15 aproximadamente.,Resultado: 3 mulheres na equipe.,B,Gabarito B. Diagramas em Raciocínio Lógico: conforme banca FGV para PM-SP. Entendimento pacificado nos tribunais superiores.
651,VUNESP,PM-SP,Raciocínio Lógico,Porcentagem,"Em Porcentagem: Se a ocorrência foi registrada à noite, então é correto afirmar:",Total de furtos: 12 ocorrências.,Resultado: 3 mulheres na equipe.,Conclusão logicamente válida: alguns peritos são servidores.,Probabilidade: 1/15 aproximadamente.,Próximo termo: 42.,C,Gabarito C. Porcentagem em Raciocínio Lógico: conforme banca VUNESP para PM-SP. Conforme manual e legislação específica.
652,FGV,PM-SP,Raciocínio Lógico,Porcentagem,"Questão de Porcentagem: Probabilidade de sortear 2 escrivães em 10 candidatos sendo 4 escrivães? - Para PM-SP, assinale:",Probabilidade: 1/15 aproximadamente.,Conclusão logicamente válida: alguns peritos são servidores.,Próximo termo: 42.,Total de furtos: 12 ocorrências.,Resultado: 3 mulheres na equipe.,A,Gabarito A. Porcentagem em Raciocínio Lógico: conforme banca FGV para PM-SP. Doutrina majoritária e jurisprudência atual.
653,FGV,PC-SP,Raciocínio Lógico,Lógica proposicional,"Sobre Lógica proposicional aplicado à escala de serviço policial: Numa equipe de 12 policiais, 75% são homens. Quantas mulheres há?",Próximo termo: 42.,Resultado: 3 mulheres na equipe.,Probabilidade: 1/15 aproximadamente.,Conclusão logicamente válida: alguns peritos são servidores.,Total de furtos: 12 ocorrências.,A,Gabarito A. Lógica proposicional em Raciocínio Lógico: conforme banca FGV para PC-SP. Entendimento pacificado nos tribunais superiores.
654,VUNESP,PC-SP,Raciocínio Lógico,Sequências lógicas,"Questão de Sequências lógicas: Probabilidade de sortear 2 escrivães em 10 candidatos sendo 4 escrivães? - Para PC-SP, assinale:",Probabilidade: 1/15 aproximadamente.,Conclusão logicamente válida: alguns peritos são servidores.,Próximo termo: 42.,Resultado: 3 mulheres na equipe.,Total de furtos: 12 ocorrências.,C,Gabarito C. Sequências lógicas em Raciocínio Lógico: conforme banca VUNESP para PC-SP. Doutrina majoritária e jurisprudência atual.
655,VUNESP,PM-SP,Raciocínio Lógico,Análise combinatória,"Questão de Análise combinatória: Sequência: 2, 6, 12, 20, 30, ? - Para PM-SP, assinale:",Probabilidade: 1/15 aproximadamente.,Próximo termo: 42.,Conclusão logicamente válida: alguns peritos são servidores.,Resultado: 3 mulheres na equipe.,Total de furtos: 12 ocorrências.,A,Gabarito A. Análise combinatória em Raciocínio Lógico: conforme banca VUNESP para PM-SP. Padrão cobrado em provas de áreas policiais SP.
656,VUNESP,PC-SP,Raciocínio Lógico,Probabilidade,"Questão de Probabilidade: Se todo policial civil é servidor público e alguns servidores são peritos, então: - Para PC-SP, assinale:",Conclusão logicamente válida: alguns peritos são servidores.,Resultado: 3 mulheres na equipe.,Próximo termo: 42.,Probabilidade: 1/15 aproximadamente.,Total de furtos: 12 ocorrências.,B,Gabarito B. Probabilidade em Raciocínio Lógico: conforme banca VUNESP para PC-SP. Entendimento pacificado nos tribunais superiores.
657,FGV,PC-SP,Raciocínio Lógico,Lógica proposicional,Em Lógica proposicional: Probabilidade de sortear 2 escrivães em 10 candidatos sendo 4 escrivães? - Assinale a alternativa correta:,Resultado: 3 mulheres na equipe.,Probabilidade: 1/15 aproximadamente.,Próximo termo: 42.,Conclusão logicamente válida: alguns peritos são servidores.,Total de furtos: 12 ocorrências.,B,Gabarito B. Lógica proposicional em Raciocínio Lógico: conforme banca FGV para PC-SP. Padrão cobrado em provas de áreas policiais SP.
658,VUNESP,PM-SP,Raciocínio Lógico,Diagramas,"Em Diagramas: Se a ocorrência foi registrada à noite, então é correto afirmar:",Próximo termo: 42.,Total de furtos: 12 ocorrências.,Probabilidade: 1/15 aproximadamente.,Resultado: 3 mulheres na equipe.,Conclusão logicamente válida: alguns peritos são servidores.,B,Gabarito B. Diagramas em Raciocínio Lógico: conforme banca VUNESP para PM-SP. Doutrina majoritária e jurisprudência atual.
659,VUNESP,PC-SP,Raciocínio Lógico,Probabilidade,"Sobre Probabilidade aplicado à escala de serviço policial: Sequência: 2, 6, 12, 20, 30, ?",Probabilidade: 1/15 aproximadamente.,Conclusão logicamente válida: alguns peritos são servidores.,Próximo termo: 42.,Resultado: 3 mulheres na equipe.,Total de furtos: 12 ocorrências.,A,Gabarito A. Probabilidade em Raciocínio Lógico: conforme banca VUNESP para PC-SP. Padrão cobrado em provas de áreas policiais SP.
660,FGV,PC-SP,Raciocínio Lógico,Diagramas,"Em Diagramas: Se a ocorrência foi registrada à noite, então é correto afirmar:",Probabilidade: 1/15 aproximadamente.,Total de furtos: 12 ocorrências.,Resultado: 3 mulheres na equipe.,Próximo termo: 42.,Conclusão logicamente válida: alguns peritos são servidores.,C,Gabarito C. Diagramas em Raciocínio Lógico: conforme banca FGV para PC-SP. Entendimento pacificado nos tribunais superiores.
661,FGV,GCM-SP,Raciocínio Lógico,Diagramas,"Questão de Diagramas: Probabilidade de sortear 2 escrivães em 10 candidatos sendo 4 escrivães? - Para GCM-SP, assinale:",Resultado: 3 mulheres na equipe.,Conclusão logicamente válida: alguns peritos são servidores.,Próximo termo: 42.,Probabilidade: 1/15 aproximadamente.,Total de furtos: 12 ocorrências.,A,Gabarito A. Diagramas em Raciocínio Lógico: conforme banca FGV para GCM-SP. Padrão cobrado em provas de áreas policiais SP.
662,VUNESP,PC-SP,Raciocínio Lógico,Lógica proposicional,Sobre Lógica proposicional aplicado à escala de serviço policial: Probabilidade de sortear 2 escrivães em 10 candidatos sendo 4 escrivães?,Próximo termo: 42.,Probabilidade: 1/15 aproximadamente.,Resultado: 3 mulheres na equipe.,Total de furtos: 12 ocorrências.,Conclusão logicamente válida: alguns peritos são servidores.,B,Gabarito B. Lógica proposicional em Raciocínio Lógico: conforme banca VUNESP para PC-SP. Entendimento pacificado nos tribunais superiores.
663,VUNESP,GCM-SP,Raciocínio Lógico,Diagramas,"Sobre Diagramas aplicado à escala de serviço policial: Em 40 ocorrências, 30% são furtos. Quantas são furtos?",Probabilidade: 1/15 aproximadamente.,Total de furtos: 12 ocorrências.,Resultado: 3 mulheres na equipe.,Próximo termo: 42.,Conclusão logicamente válida: alguns peritos são servidores.,C,Gabarito C. Diagramas em Raciocínio Lógico: conforme banca VUNESP para GCM-SP. Padrão cobrado em provas de áreas policiais SP.
664,VUNESP,PC-SP,Raciocínio Lógico,Sequências lógicas,Sobre Sequências lógicas aplicado à escala de serviço policial: Probabilidade de sortear 2 escrivães em 10 candidatos sendo 4 escrivães?,Próximo termo: 42.,Probabilidade: 1/15 aproximadamente.,Resultado: 3 mulheres na equipe.,Total de furtos: 12 ocorrências.,Conclusão logicamente válida: alguns peritos são servidores.,A,Gabarito A. Sequências lógicas em Raciocínio Lógico: conforme banca VUNESP para PC-SP. Doutrina majoritária e jurisprudência atual.
665,FGV,PC-SP,Raciocínio Lógico,Probabilidade,"Sobre Probabilidade aplicado à escala de serviço policial: Se todo policial civil é servidor público e alguns servidores são peritos, então:",Resultado: 3 mulheres na equipe.,Total de furtos: 12 ocorrências.,Conclusão logicamente válida: alguns peritos são servidores.,Próximo termo: 42.,Probabilidade: 1/15 aproximadamente.,B,Gabarito B. Probabilidade em Raciocínio Lógico: conforme banca FGV para PC-SP. Doutrina majoritária e jurisprudência atual.
666,FGV,PM-SP,Raciocínio Lógico,Diagramas,"Em Diagramas: Se a ocorrência foi registrada à noite, então é correto afirmar:",Probabilidade: 1/15 aproximadamente.,Total de furtos: 12 ocorrências.,Conclusão logicamente válida: alguns peritos são servidores.,Resultado: 3 mulheres na equipe.,Próximo termo: 42.,B,Gabarito B. Diagramas em Raciocínio Lógico: conforme banca FGV para PM-SP. Conforme manual e legislação específica.
667,VUNESP,GCM-SP,Raciocínio Lógico,Lógica proposicional,"Em Lógica proposicional: Se a ocorrência foi registrada à noite, então é correto afirmar:",Próximo termo: 42.,Conclusão logicamente válida: alguns peritos são servidores.,Total de furtos: 12 ocorrências.,Probabilidade: 1/15 aproximadamente.,Resultado: 3 mulheres na equipe.,A,Gabarito A. Lógica proposicional em Raciocínio Lógico: conforme banca VUNESP para GCM-SP. Doutrina majoritária e jurisprudência atual.
668,VUNESP,PC-SP,Raciocínio Lógico,Lógica proposicional,Sobre Lógica proposicional aplicado à escala de serviço policial: Probabilidade de sortear 2 escrivães em 10 candidatos sendo 4 escrivães?,Total de furtos: 12 ocorrências.,Probabilidade: 1/15 aproximadamente.,Próximo termo: 42.,Resultado: 3 mulheres na equipe.,Conclusão logicamente válida: alguns peritos são servidores.,A,Gabarito A. Lógica proposicional em Raciocínio Lógico: conforme banca VUNESP para PC-SP. Padrão cobrado em provas de áreas policiais SP.
669,VUNESP,PC-SP,Raciocínio Lógico,Análise combinatória,"Sobre Análise combinatória aplicado à escala de serviço policial: Numa equipe de 12 policiais, 75% são homens. Quantas mulheres há?",Próximo termo: 42.,Total de furtos: 12 ocorrências.,Conclusão logicamente válida: alguns peritos são servidores.,Probabilidade: 1/15 aproximadamente.,Resultado: 3 mulheres na equipe.,A,Gabarito A. Análise combinatória em Raciocínio Lógico: conforme banca VUNESP para PC-SP. Conforme manual e legislação específica.
670,FGV,PC-SP,Raciocínio Lógico,Porcentagem,"Em Porcentagem: Se todo policial civil é servidor público e alguns servidores são peritos, então: - Assinale a alternativa correta:",Resultado: 3 mulheres na equipe.,Total de furtos: 12 ocorrências.,Conclusão logicamente válida: alguns peritos são servidores.,Próximo termo: 42.,Probabilidade: 1/15 aproximadamente.,B,Gabarito B. Porcentagem em Raciocínio Lógico: conforme banca FGV para PC-SP. Conforme manual e legislação específica.
671,VUNESP,PC-SP,Raciocínio Lógico,Lógica proposicional,"Questão de Lógica proposicional: Se todo policial civil é servidor público e alguns servidores são peritos, então: - Para PC-SP, assinale:",Próximo termo: 42.,Resultado: 3 mulheres na equipe.,Total de furtos: 12 ocorrências.,Probabilidade: 1/15 aproximadamente.,Conclusão logicamente válida: alguns peritos são servidores.,C,Gabarito C. Lógica proposicional em Raciocínio Lógico: conforme banca VUNESP para PC-SP. Conforme manual e legislação específica.
672,FGV,PC-SP,Raciocínio Lógico,Probabilidade,"Questão de Probabilidade: Sequência: 2, 6, 12, 20, 30, ? - Para PC-SP, assinale:",Próximo termo: 42.,Conclusão logicamente válida: alguns peritos são servidores.,Resultado: 3 mulheres na equipe.,Total de furtos: 12 ocorrências.,Probabilidade: 1/15 aproximadamente.,C,Gabarito C. Probabilidade em Raciocínio Lógico: conforme banca FGV para PC-SP. Padrão cobrado em provas de áreas policiais SP.
673,FGV,GCM-SP,Raciocínio Lógico,Lógica proposicional,"Questão de Lógica proposicional: Numa equipe de 12 policiais, 75% são homens. Quantas mulheres há? - Para GCM-SP, assinale:",Próximo termo: 42.,Conclusão logicamente válida: alguns peritos são servidores.,Resultado: 3 mulheres na equipe.,Probabilidade: 1/15 aproximadamente.,Total de furtos: 12 ocorrências.,C,Gabarito C. Lógica proposicional em Raciocínio Lógico: conforme banca FGV para GCM-SP. Entendimento pacificado nos tribunais superiores.
674,VUNESP,GCM-SP,Raciocínio Lógico,Diagramas,"Em Diagramas: Se a ocorrência foi registrada à noite, então é correto afirmar:",Conclusão logicamente válida: alguns peritos são servidores.,Probabilidade: 1/15 aproximadamente.,Resultado: 3 mulheres na equipe.,Total de furtos: 12 ocorrências.,Próximo termo: 42.,B,Gabarito B. Diagramas em Raciocínio Lógico: conforme banca VUNESP para GCM-SP. Conforme manual e legislação específica.
675,FGV,GCM-SP,Raciocínio Lógico,Sequências lógicas,"Questão de Sequências lógicas: Probabilidade de sortear 2 escrivães em 10 candidatos sendo 4 escrivães? - Para GCM-SP, assinale:",Próximo termo: 42.,Conclusão logicamente válida: alguns peritos são servidores.,Resultado: 3 mulheres na equipe.,Probabilidade: 1/15 aproximadamente.,Total de furtos: 12 ocorrências.,B,Gabarito B. Sequências lógicas em Raciocínio Lógico: conforme banca FGV para GCM-SP. Padrão cobrado em provas de áreas policiais SP.
676,FGV,GCM-SP,Raciocínio Lógico,Lógica proposicional,"Em Lógica proposicional: Se a ocorrência foi registrada à noite, então é correto afirmar:",Total de furtos: 12 ocorrências.,Próximo termo: 42.,Resultado: 3 mulheres na equipe.,Probabilidade: 1/15 aproximadamente.,Conclusão logicamente válida: alguns peritos são servidores.,C,Gabarito C. Lógica proposicional em Raciocínio Lógico: conforme banca FGV para GCM-SP. Doutrina majoritária e jurisprudência atual.
677,FGV,PC-SP,Raciocínio Lógico,Sequências lógicas,"Em Sequências lógicas: Em 40 ocorrências, 30% são furtos. Quantas são furtos? - Assinale a alternativa correta:",Resultado: 3 mulheres na equipe.,Próximo termo: 42.,Total de furtos: 12 ocorrências.,Probabilidade: 1/15 aproximadamente.,Conclusão logicamente válida: alguns peritos são servidores.,B,Gabarito B. Sequências lógicas em Raciocínio Lógico: conforme banca FGV para PC-SP. Conforme manual e legislação específica.
678,VUNESP,PC-SP,Raciocínio Lógico,Probabilidade,"Em Probabilidade: Se todo policial civil é servidor público e alguns servidores são peritos, então: - Assinale a alternativa correta:",Conclusão logicamente válida: alguns peritos são servidores.,Total de furtos: 12 ocorrências.,Probabilidade: 1/15 aproximadamente.,Resultado: 3 mulheres na equipe.,Próximo termo: 42.,C,Gabarito C. Probabilidade em Raciocínio Lógico: conforme banca VUNESP para PC-SP. Padrão cobrado em provas de áreas policiais SP.
679,VUNESP,PM-SP,Raciocínio Lógico,Lógica proposicional,"Questão de Lógica proposicional: Se todo policial civil é servidor público e alguns servidores são peritos, então: - Para PM-SP, assinale:",Total de furtos: 12 ocorrências.,Próximo termo: 42.,Resultado: 3 mulheres na equipe.,Conclusão logicamente válida: alguns peritos são servidores.,Probabilidade: 1/15 aproximadamente.,B,Gabarito B. Lógica proposicional em Raciocínio Lógico: conforme banca VUNESP para PM-SP. Doutrina majoritária e jurisprudência atual.
680,VUNESP,GCM-SP,Raciocínio Lógico,Análise combinatória,"Sobre Análise combinatória aplicado à escala de serviço policial: Numa equipe de 12 policiais, 75% são homens. Quantas mulheres há?",Resultado: 3 mulheres na equipe.,Probabilidade: 1/15 aproximadamente.,Conclusão logicamente válida: alguns peritos são servidores.,Próximo termo: 42.,Total de furtos: 12 ocorrências.,B,Gabarito B. Análise combinatória em Raciocínio Lógico: conforme banca VUNESP para GCM-SP. Entendimento pacificado nos tribunais superiores.
681,FGV,PM-SP,Raciocínio Lógico,Lógica proposicional,"Questão de Lógica proposicional: Sequência: 2, 6, 12, 20, 30, ? - Para PM-SP, assinale:",Total de furtos: 12 ocorrências.,Probabilidade: 1/15 aproximadamente.,Conclusão logicamente válida: alguns peritos são servidores.,Próximo termo: 42.,Resultado: 3 mulheres na equipe.,B,Gabarito B. Lógica proposicional em Raciocínio Lógico: conforme banca FGV para PM-SP. Conforme manual e legislação específica.
682,FGV,PM-SP,Raciocínio Lógico,Diagramas,"Em Diagramas: Sequência: 2, 6, 12, 20, 30, ? - Assinale a alternativa correta:",Probabilidade: 1/15 aproximadamente.,Conclusão logicamente válida: alguns peritos são servidores.,Resultado: 3 mulheres na equipe.,Total de furtos: 12 ocorrências.,Próximo termo: 42.,C,Gabarito C. Diagramas em Raciocínio Lógico: conforme banca FGV para PM-SP. Conforme manual e legislação específica.
683,VUNESP,PM-SP,Raciocínio Lógico,Sequências lógicas,Em Sequências lógicas: Probabilidade de sortear 2 escrivães em 10 candidatos sendo 4 escrivães? - Assinale a alternativa correta:,Resultado: 3 mulheres na equipe.,Próximo termo: 42.,Probabilidade: 1/15 aproximadamente.,Total de furtos: 12 ocorrências.,Conclusão logicamente válida: alguns peritos são servidores.,C,Gabarito C. Sequências lógicas em Raciocínio Lógico: conforme banca VUNESP para PM-SP. Conforme manual e legislação específica.
684,FGV,PM-SP,Raciocínio Lógico,Análise combinatória,"Questão de Análise combinatória: Numa equipe de 12 policiais, 75% são homens. Quantas mulheres há? - Para PM-SP, assinale:",Probabilidade: 1/15 aproximadamente.,Conclusão logicamente válida: alguns peritos são servidores.,Total de furtos: 12 ocorrências.,Próximo termo: 42.,Resultado: 3 mulheres na equipe.,C,Gabarito C. Análise combinatória em Raciocínio Lógico: conforme banca FGV para PM-SP. Entendimento pacificado nos tribunais superiores.
685,VUNESP,PM-SP,Raciocínio Lógico,Porcentagem,Em Porcentagem: Probabilidade de sortear 2 escrivães em 10 candidatos sendo 4 escrivães? - Assinale a alternativa correta:,Conclusão logicamente válida: alguns peritos são servidores.,Próximo termo: 42.,Probabilidade: 1/15 aproximadamente.,Total de furtos: 12 ocorrências.,Resultado: 3 mulheres na equipe.,C,Gabarito C. Porcentagem em Raciocínio Lógico: conforme banca VUNESP para PM-SP. Doutrina majoritária e jurisprudência atual.
686,VUNESP,PM-SP,Raciocínio Lógico,Porcentagem,Em Porcentagem: Probabilidade de sortear 2 escrivães em 10 candidatos sendo 4 escrivães? - Assinale a alternativa correta:,Próximo termo: 42.,Probabilidade: 1/15 aproximadamente.,Total de furtos: 12 ocorrências.,Conclusão logicamente válida: alguns peritos são servidores.,Resultado: 3 mulheres na equipe.,B,Gabarito B. Porcentagem em Raciocínio Lógico: conforme banca VUNESP para PM-SP. Doutrina majoritária e jurisprudência atual.
687,VUNESP,GCM-SP,Raciocínio Lógico,Sequências lógicas,"Sobre Sequências lógicas aplicado à escala de serviço policial: Em 40 ocorrências, 30% são furtos. Quantas são furtos?",Resultado: 3 mulheres na equipe.,Probabilidade: 1/15 aproximadamente.,Conclusão logicamente válida: alguns peritos são servidores.,Total de furtos: 12 ocorrências.,Próximo termo: 42.,B,Gabarito B. Sequências lógicas em Raciocínio Lógico: conforme banca VUNESP para GCM-SP. Doutrina majoritária e jurisprudência atual.
688,FGV,GCM-SP,Raciocínio Lógico,Porcentagem,"Questão de Porcentagem: Se todo policial civil é servidor público e alguns servidores são peritos, então: - Para GCM-SP, assinale:",Probabilidade: 1/15 aproximadamente.,Resultado: 3 mulheres na equipe.,Conclusão logicamente válida: alguns peritos são servidores.,Total de furtos: 12 ocorrências.,Próximo termo: 42.,B,Gabarito B. Porcentagem em Raciocínio Lógico: conforme banca FGV para GCM-SP. Doutrina majoritária e jurisprudência atual.
689,VUNESP,GCM-SP,Raciocínio Lógico,Análise combinatória,"Sobre Análise combinatória aplicado à escala de serviço policial: Se todo policial civil é servidor público e alguns servidores são peritos, então:",Total de furtos: 12 ocorrências.,Probabilidade: 1/15 aproximadamente.,Conclusão logicamente válida: alguns peritos são servidores.,Resultado: 3 mulheres na equipe.,Próximo termo: 42.,C,Gabarito C. Análise combinatória em Raciocínio Lógico: conforme banca VUNESP para GCM-SP. Conforme manual e legislação específica.
690,VUNESP,PC-SP,Raciocínio Lógico,Lógica proposicional,"Em Lógica proposicional: Sequência: 2, 6, 12, 20, 30, ? - Assinale a alternativa correta:",Total de furtos: 12 ocorrências.,Resultado: 3 mulheres na equipe.,Próximo termo: 42.,Probabilidade: 1/15 aproximadamente.,Conclusão logicamente válida: alguns peritos são servidores.,A,Gabarito A. Lógica proposicional em Raciocínio Lógico: conforme banca VUNESP para PC-SP. Padrão cobrado em provas de áreas policiais SP.
691,VUNESP,PC-SP,Raciocínio Lógico,Diagramas,Em Diagramas: Probabilidade de sortear 2 escrivães em 10 candidatos sendo 4 escrivães? - Assinale a alternativa correta:,Total de furtos: 12 ocorrências.,Conclusão logicamente válida: alguns peritos são servidores.,Probabilidade: 1/15 aproximadamente.,Próximo termo: 42.,Resultado: 3 mulheres na equipe.,B,Gabarito B. Diagramas em Raciocínio Lógico: conforme banca VUNESP para PC-SP. Doutrina majoritária e jurisprudência atual.
692,FGV,PC-SP,Raciocínio Lógico,Sequências lógicas,Em Sequências lógicas: Probabilidade de sortear 2 escrivães em 10 candidatos sendo 4 escrivães? - Assinale a alternativa correta:,Resultado: 3 mulheres na equipe.,Próximo termo: 42.,Total de furtos: 12 ocorrências.,Probabilidade: 1/15 aproximadamente.,Conclusão logicamente válida: alguns peritos são servidores.,C,Gabarito C. Sequências lógicas em Raciocínio Lógico: conforme banca FGV para PC-SP. Padrão cobrado em provas de áreas policiais SP.
693,FGV,PC-SP,Raciocínio Lógico,Análise combinatória,"Em Análise combinatória: Se a ocorrência foi registrada à noite, então é correto afirmar:",Total de furtos: 12 ocorrências.,Próximo termo: 42.,Conclusão logicamente válida: alguns peritos são servidores.,Probabilidade: 1/15 aproximadamente.,Resultado: 3 mulheres na equipe.,C,Gabarito C. Análise combinatória em Raciocínio Lógico: conforme banca FGV para PC-SP. Doutrina majoritária e jurisprudência atual.
694,FGV,GCM-SP,Raciocínio Lógico,Probabilidade,Em Probabilidade: Probabilidade de sortear 2 escrivães em 10 candidatos sendo 4 escrivães? - Assinale a alternativa correta:,Próximo termo: 42.,Conclusão logicamente válida: alguns peritos são servidores.,Total de furtos: 12 ocorrências.,Resultado: 3 mulheres na equipe.,Probabilidade: 1/15 aproximadamente.,C,Gabarito C. Probabilidade em Raciocínio Lógico: conforme banca FGV para GCM-SP. Conforme manual e legislação específica.
695,VUNESP,GCM-SP,Raciocínio Lógico,Probabilidade,"Sobre Probabilidade aplicado à escala de serviço policial: Numa equipe de 12 policiais, 75% são homens. Quantas mulheres há?",Total de furtos: 12 ocorrências.,Resultado: 3 mulheres na equipe.,Probabilidade: 1/15 aproximadamente.,Próximo termo: 42.,Conclusão logicamente válida: alguns peritos são servidores.,A,Gabarito A. Probabilidade em Raciocínio Lógico: conforme banca VUNESP para GCM-SP. Conforme manual e legislação específica.
696,VUNESP,PC-SP,Raciocínio Lógico,Sequências lógicas,"Em Sequências lógicas: Se a ocorrência foi registrada à noite, então é correto afirmar:",Resultado: 3 mulheres na equipe.,Próximo termo: 42.,Probabilidade: 1/15 aproximadamente.,Conclusão logicamente válida: alguns peritos são servidores.,Total de furtos: 12 ocorrências.,B,Gabarito B. Sequências lógicas em Raciocínio Lógico: conforme banca VUNESP para PC-SP. Conforme manual e legislação específica.
697,FGV,PC-SP,Raciocínio Lógico,Probabilidade,"Questão de Probabilidade: Sequência: 2, 6, 12, 20, 30, ? - Para PC-SP, assinale:",Conclusão logicamente válida: alguns peritos são servidores.,Próximo termo: 42.,Total de furtos: 12 ocorrências.,Resultado: 3 mulheres na equipe.,Probabilidade: 1/15 aproximadamente.,C,Gabarito C. Probabilidade em Raciocínio Lógico: conforme banca FGV para PC-SP. Conforme manual e legislação específica.
698,VUNESP,PM-SP,Raciocínio Lógico,Porcentagem,"Em Porcentagem: Numa equipe de 12 policiais, 75% são homens. Quantas mulheres há? - Assinale a alternativa correta:",Próximo termo: 42.,Total de furtos: 12 ocorrências.,Conclusão logicamente válida: alguns peritos são servidores.,Probabilidade: 1/15 aproximadamente.,Resultado: 3 mulheres na equipe.,C,Gabarito C. Porcentagem em Raciocínio Lógico: conforme banca VUNESP para PM-SP. Conforme manual e legislação específica.
699,FGV,PM-SP,Raciocínio Lógico,Análise combinatória,"Questão de Análise combinatória: Em 40 ocorrências, 30% são furtos. Quantas são furtos? - Para PM-SP, assinale:",Conclusão logicamente válida: alguns peritos são servidores.,Próximo termo: 42.,Probabilidade: 1/15 aproximadamente.,Resultado: 3 mulheres na equipe.,Total de furtos: 12 ocorrências.,C,Gabarito C. Análise combinatória em Raciocínio Lógico: conforme banca FGV para PM-SP. Padrão cobrado em provas de áreas policiais SP.
700,FGV,PC-SP,Raciocínio Lógico,Lógica proposicional,"Questão de Lógica proposicional: Em 40 ocorrências, 30% são furtos. Quantas são furtos? - Para PC-SP, assinale:",Total de furtos: 12 ocorrências.,Próximo termo: 42.,Probabilidade: 1/15 aproximadamente.,Resultado: 3 mulheres na equipe.,Conclusão logicamente válida: alguns peritos são servidores.,B,Gabarito B. Lógica proposicional em Raciocínio Lógico: conforme banca FGV para PC-SP. Conforme manual e legislação específica.
